Creating config files for qml_torch_noiseless:
Configuration file rewritten. Path: /work/qgan/data/train/base-qml_torch-q4-noiseless-PSR-aerCPU-rand0-seed0/config.yaml
Configuration file rewritten. Path: /work/qgan/data/train/base-qml_torch-q4-noiseless-PSR-aerCPU-rand0.1-seed0/config.yaml
Configuration file written. Path: /work/qgan/data/train/base-qml_torch-q4-noiseless-PSR-aerCPU-rand0.25-seed0/config.yaml
Configuration file written. Path: /work/qgan/data/train/base-qml_torch-q4-noiseless-PSR-aerCPU-rand0.5-seed0/config.yaml
Configuration file written. Path: /work/qgan/data/train/base-qml_torch-q4-noiseless-PSR-aerCPU-rand1-seed0/config.yaml
Configuration file rewritten. Path: /work/qgan/data/train/base-qml_torch-q4-noiseless-PSR-aerCPU-rand0-seed1/config.yaml
Configuration file rewritten. Path: /work/qgan/data/train/base-qml_torch-q4-noiseless-PSR-aerCPU-rand0.1-seed1/config.yaml
Configuration file written. Path: /work/qgan/data/train/base-qml_torch-q4-noiseless-PSR-aerCPU-rand0.25-seed1/config.yaml
Configuration file written. Path: /work/qgan/data/train/base-qml_torch-q4-noiseless-PSR-aerCPU-rand0.5-seed1/config.yaml
Configuration file written. Path: /work/qgan/data/train/base-qml_torch-q4-noiseless-PSR-aerCPU-rand1-seed1/config.yaml
Configuration file rewritten. Path: /work/qgan/data/train/base-qml_torch-q4-noiseless-PSR-aerCPU-rand0-seed2/config.yaml
Configuration file rewritten. Path: /work/qgan/data/train/base-qml_torch-q4-noiseless-PSR-aerCPU-rand0.1-seed2/config.yaml
Configuration file written. Path: /work/qgan/data/train/base-qml_torch-q4-noiseless-PSR-aerCPU-rand0.25-seed2/config.yaml
Configuration file written. Path: /work/qgan/data/train/base-qml_torch-q4-noiseless-PSR-aerCPU-rand0.5-seed2/config.yaml
Configuration file written. Path: /work/qgan/data/train/base-qml_torch-q4-noiseless-PSR-aerCPU-rand1-seed2/config.yaml
Configuration file rewritten. Path: /work/qgan/data/train/base-qml_torch-q8-noiseless-PSR-aerCPU-rand0-seed0/config.yaml
Configuration file rewritten. Path: /work/qgan/data/train/base-qml_torch-q8-noiseless-PSR-aerCPU-rand0.1-seed0/config.yaml
Configuration file written. Path: /work/qgan/data/train/base-qml_torch-q8-noiseless-PSR-aerCPU-rand0.25-seed0/config.yaml
Configuration file written. Path: /work/qgan/data/train/base-qml_torch-q8-noiseless-PSR-aerCPU-rand0.5-seed0/config.yaml
Configuration file written. Path: /work/qgan/data/train/base-qml_torch-q8-noiseless-PSR-aerCPU-rand1-seed0/config.yaml
Configuration file rewritten. Path: /work/qgan/data/train/base-qml_torch-q8-noiseless-PSR-aerCPU-rand0-seed1/config.yaml
Configuration file rewritten. Path: /work/qgan/data/train/base-qml_torch-q8-noiseless-PSR-aerCPU-rand0.1-seed1/config.yaml
Configuration file written. Path: /work/qgan/data/train/base-qml_torch-q8-noiseless-PSR-aerCPU-rand0.25-seed1/config.yaml
Configuration file written. Path: /work/qgan/data/train/base-qml_torch-q8-noiseless-PSR-aerCPU-rand0.5-seed1/config.yaml
Configuration file written. Path: /work/qgan/data/train/base-qml_torch-q8-noiseless-PSR-aerCPU-rand1-seed1/config.yaml
Configuration file rewritten. Path: /work/qgan/data/train/base-qml_torch-q8-noiseless-PSR-aerCPU-rand0-seed2/config.yaml
Configuration file rewritten. Path: /work/qgan/data/train/base-qml_torch-q8-noiseless-PSR-aerCPU-rand0.1-seed2/config.yaml
Configuration file written. Path: /work/qgan/data/train/base-qml_torch-q8-noiseless-PSR-aerCPU-rand0.25-seed2/config.yaml
Configuration file written. Path: /work/qgan/data/train/base-qml_torch-q8-noiseless-PSR-aerCPU-rand0.5-seed2/config.yaml
Configuration file written. Path: /work/qgan/data/train/base-qml_torch-q8-noiseless-PSR-aerCPU-rand1-seed2/config.yaml
Configuration file rewritten. Path: /work/qgan/data/train/base-qml_torch-q4-noiseless-SPSA-aerCPU-rand0-seed0/config.yaml
Configuration file rewritten. Path: /work/qgan/data/train/base-qml_torch-q4-noiseless-SPSA-aerCPU-rand0.1-seed0/config.yaml
Configuration file written. Path: /work/qgan/data/train/base-qml_torch-q4-noiseless-SPSA-aerCPU-rand0.25-seed0/config.yaml
Configuration file written. Path: /work/qgan/data/train/base-qml_torch-q4-noiseless-SPSA-aerCPU-rand0.5-seed0/config.yaml
Configuration file written. Path: /work/qgan/data/train/base-qml_torch-q4-noiseless-SPSA-aerCPU-rand1-seed0/config.yaml
Configuration file rewritten. Path: /work/qgan/data/train/base-qml_torch-q4-noiseless-SPSA-aerCPU-rand0-seed1/config.yaml
Configuration file rewritten. Path: /work/qgan/data/train/base-qml_torch-q4-noiseless-SPSA-aerCPU-rand0.1-seed1/config.yaml
Configuration file written. Path: /work/qgan/data/train/base-qml_torch-q4-noiseless-SPSA-aerCPU-rand0.25-seed1/config.yaml
Configuration file written. Path: /work/qgan/data/train/base-qml_torch-q4-noiseless-SPSA-aerCPU-rand0.5-seed1/config.yaml
Configuration file written. Path: /work/qgan/data/train/base-qml_torch-q4-noiseless-SPSA-aerCPU-rand1-seed1/config.yaml
Configuration file rewritten. Path: /work/qgan/data/train/base-qml_torch-q4-noiseless-SPSA-aerCPU-rand0-seed2/config.yaml
Configuration file rewritten. Path: /work/qgan/data/train/base-qml_torch-q4-noiseless-SPSA-aerCPU-rand0.1-seed2/config.yaml
Configuration file written. Path: /work/qgan/data/train/base-qml_torch-q4-noiseless-SPSA-aerCPU-rand0.25-seed2/config.yaml
Configuration file written. Path: /work/qgan/data/train/base-qml_torch-q4-noiseless-SPSA-aerCPU-rand0.5-seed2/config.yaml
Configuration file written. Path: /work/qgan/data/train/base-qml_torch-q4-noiseless-SPSA-aerCPU-rand1-seed2/config.yaml
Configuration file rewritten. Path: /work/qgan/data/train/base-qml_torch-q8-noiseless-SPSA-aerCPU-rand0-seed0/config.yaml
Configuration file rewritten. Path: /work/qgan/data/train/base-qml_torch-q8-noiseless-SPSA-aerCPU-rand0.1-seed0/config.yaml
Configuration file written. Path: /work/qgan/data/train/base-qml_torch-q8-noiseless-SPSA-aerCPU-rand0.25-seed0/config.yaml
Configuration file written. Path: /work/qgan/data/train/base-qml_torch-q8-noiseless-SPSA-aerCPU-rand0.5-seed0/config.yaml
Configuration file written. Path: /work/qgan/data/train/base-qml_torch-q8-noiseless-SPSA-aerCPU-rand1-seed0/config.yaml
Configuration file rewritten. Path: /work/qgan/data/train/base-qml_torch-q8-noiseless-SPSA-aerCPU-rand0-seed1/config.yaml
Configuration file rewritten. Path: /work/qgan/data/train/base-qml_torch-q8-noiseless-SPSA-aerCPU-rand0.1-seed1/config.yaml
Configuration file written. Path: /work/qgan/data/train/base-qml_torch-q8-noiseless-SPSA-aerCPU-rand0.25-seed1/config.yaml
Configuration file written. Path: /work/qgan/data/train/base-qml_torch-q8-noiseless-SPSA-aerCPU-rand0.5-seed1/config.yaml
Configuration file written. Path: /work/qgan/data/train/base-qml_torch-q8-noiseless-SPSA-aerCPU-rand1-seed1/config.yaml
Configuration file rewritten. Path: /work/qgan/data/train/base-qml_torch-q8-noiseless-SPSA-aerCPU-rand0-seed2/config.yaml
Configuration file rewritten. Path: /work/qgan/data/train/base-qml_torch-q8-noiseless-SPSA-aerCPU-rand0.1-seed2/config.yaml
Configuration file written. Path: /work/qgan/data/train/base-qml_torch-q8-noiseless-SPSA-aerCPU-rand0.25-seed2/config.yaml
Configuration file written. Path: /work/qgan/data/train/base-qml_torch-q8-noiseless-SPSA-aerCPU-rand0.5-seed2/config.yaml
Configuration file written. Path: /work/qgan/data/train/base-qml_torch-q8-noiseless-SPSA-aerCPU-rand1-seed2/config.yaml
Configuration file rewritten. Path: /work/qgan/data/train/base-qml_torch-q4-noiseless-REG-aerCPU-rand0-seed0/config.yaml
Configuration file rewritten. Path: /work/qgan/data/train/base-qml_torch-q4-noiseless-REG-aerCPU-rand0.1-seed0/config.yaml
Configuration file written. Path: /work/qgan/data/train/base-qml_torch-q4-noiseless-REG-aerCPU-rand0.25-seed0/config.yaml
Configuration file written. Path: /work/qgan/data/train/base-qml_torch-q4-noiseless-REG-aerCPU-rand0.5-seed0/config.yaml
Configuration file written. Path: /work/qgan/data/train/base-qml_torch-q4-noiseless-REG-aerCPU-rand1-seed0/config.yaml
Configuration file rewritten. Path: /work/qgan/data/train/base-qml_torch-q4-noiseless-REG-aerCPU-rand0-seed1/config.yaml
Configuration file rewritten. Path: /work/qgan/data/train/base-qml_torch-q4-noiseless-REG-aerCPU-rand0.1-seed1/config.yaml
Configuration file written. Path: /work/qgan/data/train/base-qml_torch-q4-noiseless-REG-aerCPU-rand0.25-seed1/config.yaml
Configuration file written. Path: /work/qgan/data/train/base-qml_torch-q4-noiseless-REG-aerCPU-rand0.5-seed1/config.yaml
Configuration file written. Path: /work/qgan/data/train/base-qml_torch-q4-noiseless-REG-aerCPU-rand1-seed1/config.yaml
Configuration file rewritten. Path: /work/qgan/data/train/base-qml_torch-q4-noiseless-REG-aerCPU-rand0-seed2/config.yaml
Configuration file rewritten. Path: /work/qgan/data/train/base-qml_torch-q4-noiseless-REG-aerCPU-rand0.1-seed2/config.yaml
Configuration file written. Path: /work/qgan/data/train/base-qml_torch-q4-noiseless-REG-aerCPU-rand0.25-seed2/config.yaml
Configuration file written. Path: /work/qgan/data/train/base-qml_torch-q4-noiseless-REG-aerCPU-rand0.5-seed2/config.yaml
Configuration file written. Path: /work/qgan/data/train/base-qml_torch-q4-noiseless-REG-aerCPU-rand1-seed2/config.yaml
Configuration file rewritten. Path: /work/qgan/data/train/base-qml_torch-q8-noiseless-REG-aerCPU-rand0-seed0/config.yaml
Configuration file rewritten. Path: /work/qgan/data/train/base-qml_torch-q8-noiseless-REG-aerCPU-rand0.1-seed0/config.yaml
Configuration file written. Path: /work/qgan/data/train/base-qml_torch-q8-noiseless-REG-aerCPU-rand0.25-seed0/config.yaml
Configuration file written. Path: /work/qgan/data/train/base-qml_torch-q8-noiseless-REG-aerCPU-rand0.5-seed0/config.yaml
Configuration file written. Path: /work/qgan/data/train/base-qml_torch-q8-noiseless-REG-aerCPU-rand1-seed0/config.yaml
Configuration file rewritten. Path: /work/qgan/data/train/base-qml_torch-q8-noiseless-REG-aerCPU-rand0-seed1/config.yaml
Configuration file rewritten. Path: /work/qgan/data/train/base-qml_torch-q8-noiseless-REG-aerCPU-rand0.1-seed1/config.yaml
Configuration file written. Path: /work/qgan/data/train/base-qml_torch-q8-noiseless-REG-aerCPU-rand0.25-seed1/config.yaml
Configuration file written. Path: /work/qgan/data/train/base-qml_torch-q8-noiseless-REG-aerCPU-rand0.5-seed1/config.yaml
Configuration file written. Path: /work/qgan/data/train/base-qml_torch-q8-noiseless-REG-aerCPU-rand1-seed1/config.yaml
Configuration file rewritten. Path: /work/qgan/data/train/base-qml_torch-q8-noiseless-REG-aerCPU-rand0-seed2/config.yaml
Configuration file rewritten. Path: /work/qgan/data/train/base-qml_torch-q8-noiseless-REG-aerCPU-rand0.1-seed2/config.yaml
Configuration file written. Path: /work/qgan/data/train/base-qml_torch-q8-noiseless-REG-aerCPU-rand0.25-seed2/config.yaml
Configuration file written. Path: /work/qgan/data/train/base-qml_torch-q8-noiseless-REG-aerCPU-rand0.5-seed2/config.yaml
Configuration file written. Path: /work/qgan/data/train/base-qml_torch-q8-noiseless-REG-aerCPU-rand1-seed2/config.yaml
Configuration file rewritten. Path: /work/qgan/data/train/ang-qml_torch-q4-noiseless-PSR-aerCPU-rand0-seed0/config.yaml
Configuration file rewritten. Path: /work/qgan/data/train/ang-qml_torch-q4-noiseless-PSR-aerCPU-rand0.1-seed0/config.yaml
Configuration file written. Path: /work/qgan/data/train/ang-qml_torch-q4-noiseless-PSR-aerCPU-rand0.25-seed0/config.yaml
Configuration file written. Path: /work/qgan/data/train/ang-qml_torch-q4-noiseless-PSR-aerCPU-rand0.5-seed0/config.yaml
Configuration file written. Path: /work/qgan/data/train/ang-qml_torch-q4-noiseless-PSR-aerCPU-rand1-seed0/config.yaml
Configuration file rewritten. Path: /work/qgan/data/train/ang-qml_torch-q4-noiseless-PSR-aerCPU-rand0-seed1/config.yaml
Configuration file rewritten. Path: /work/qgan/data/train/ang-qml_torch-q4-noiseless-PSR-aerCPU-rand0.1-seed1/config.yaml
Configuration file written. Path: /work/qgan/data/train/ang-qml_torch-q4-noiseless-PSR-aerCPU-rand0.25-seed1/config.yaml
Configuration file written. Path: /work/qgan/data/train/ang-qml_torch-q4-noiseless-PSR-aerCPU-rand0.5-seed1/config.yaml
Configuration file written. Path: /work/qgan/data/train/ang-qml_torch-q4-noiseless-PSR-aerCPU-rand1-seed1/config.yaml
Configuration file rewritten. Path: /work/qgan/data/train/ang-qml_torch-q4-noiseless-PSR-aerCPU-rand0-seed2/config.yaml
Configuration file rewritten. Path: /work/qgan/data/train/ang-qml_torch-q4-noiseless-PSR-aerCPU-rand0.1-seed2/config.yaml
Configuration file written. Path: /work/qgan/data/train/ang-qml_torch-q4-noiseless-PSR-aerCPU-rand0.25-seed2/config.yaml
Configuration file written. Path: /work/qgan/data/train/ang-qml_torch-q4-noiseless-PSR-aerCPU-rand0.5-seed2/config.yaml
Configuration file written. Path: /work/qgan/data/train/ang-qml_torch-q4-noiseless-PSR-aerCPU-rand1-seed2/config.yaml
Configuration file rewritten. Path: /work/qgan/data/train/ang-qml_torch-q8-noiseless-PSR-aerCPU-rand0-seed0/config.yaml
Configuration file rewritten. Path: /work/qgan/data/train/ang-qml_torch-q8-noiseless-PSR-aerCPU-rand0.1-seed0/config.yaml
Configuration file written. Path: /work/qgan/data/train/ang-qml_torch-q8-noiseless-PSR-aerCPU-rand0.25-seed0/config.yaml
Configuration file written. Path: /work/qgan/data/train/ang-qml_torch-q8-noiseless-PSR-aerCPU-rand0.5-seed0/config.yaml
Configuration file written. Path: /work/qgan/data/train/ang-qml_torch-q8-noiseless-PSR-aerCPU-rand1-seed0/config.yaml
Configuration file rewritten. Path: /work/qgan/data/train/ang-qml_torch-q8-noiseless-PSR-aerCPU-rand0-seed1/config.yaml
Configuration file rewritten. Path: /work/qgan/data/train/ang-qml_torch-q8-noiseless-PSR-aerCPU-rand0.1-seed1/config.yaml
Configuration file written. Path: /work/qgan/data/train/ang-qml_torch-q8-noiseless-PSR-aerCPU-rand0.25-seed1/config.yaml
Configuration file written. Path: /work/qgan/data/train/ang-qml_torch-q8-noiseless-PSR-aerCPU-rand0.5-seed1/config.yaml
Configuration file written. Path: /work/qgan/data/train/ang-qml_torch-q8-noiseless-PSR-aerCPU-rand1-seed1/config.yaml
Configuration file rewritten. Path: /work/qgan/data/train/ang-qml_torch-q8-noiseless-PSR-aerCPU-rand0-seed2/config.yaml
Configuration file rewritten. Path: /work/qgan/data/train/ang-qml_torch-q8-noiseless-PSR-aerCPU-rand0.1-seed2/config.yaml
Configuration file written. Path: /work/qgan/data/train/ang-qml_torch-q8-noiseless-PSR-aerCPU-rand0.25-seed2/config.yaml
Configuration file written. Path: /work/qgan/data/train/ang-qml_torch-q8-noiseless-PSR-aerCPU-rand0.5-seed2/config.yaml
Configuration file written. Path: /work/qgan/data/train/ang-qml_torch-q8-noiseless-PSR-aerCPU-rand1-seed2/config.yaml
Configuration file rewritten. Path: /work/qgan/data/train/ang-qml_torch-q4-noiseless-SPSA-aerCPU-rand0-seed0/config.yaml
Configuration file rewritten. Path: /work/qgan/data/train/ang-qml_torch-q4-noiseless-SPSA-aerCPU-rand0.1-seed0/config.yaml
Configuration file written. Path: /work/qgan/data/train/ang-qml_torch-q4-noiseless-SPSA-aerCPU-rand0.25-seed0/config.yaml
Configuration file written. Path: /work/qgan/data/train/ang-qml_torch-q4-noiseless-SPSA-aerCPU-rand0.5-seed0/config.yaml
Configuration file written. Path: /work/qgan/data/train/ang-qml_torch-q4-noiseless-SPSA-aerCPU-rand1-seed0/config.yaml
Configuration file rewritten. Path: /work/qgan/data/train/ang-qml_torch-q4-noiseless-SPSA-aerCPU-rand0-seed1/config.yaml
Configuration file rewritten. Path: /work/qgan/data/train/ang-qml_torch-q4-noiseless-SPSA-aerCPU-rand0.1-seed1/config.yaml
Configuration file written. Path: /work/qgan/data/train/ang-qml_torch-q4-noiseless-SPSA-aerCPU-rand0.25-seed1/config.yaml
Configuration file written. Path: /work/qgan/data/train/ang-qml_torch-q4-noiseless-SPSA-aerCPU-rand0.5-seed1/config.yaml
Configuration file written. Path: /work/qgan/data/train/ang-qml_torch-q4-noiseless-SPSA-aerCPU-rand1-seed1/config.yaml
Configuration file rewritten. Path: /work/qgan/data/train/ang-qml_torch-q4-noiseless-SPSA-aerCPU-rand0-seed2/config.yaml
Configuration file rewritten. Path: /work/qgan/data/train/ang-qml_torch-q4-noiseless-SPSA-aerCPU-rand0.1-seed2/config.yaml
Configuration file written. Path: /work/qgan/data/train/ang-qml_torch-q4-noiseless-SPSA-aerCPU-rand0.25-seed2/config.yaml
Configuration file written. Path: /work/qgan/data/train/ang-qml_torch-q4-noiseless-SPSA-aerCPU-rand0.5-seed2/config.yaml
Configuration file written. Path: /work/qgan/data/train/ang-qml_torch-q4-noiseless-SPSA-aerCPU-rand1-seed2/config.yaml
Configuration file rewritten. Path: /work/qgan/data/train/ang-qml_torch-q8-noiseless-SPSA-aerCPU-rand0-seed0/config.yaml
Configuration file rewritten. Path: /work/qgan/data/train/ang-qml_torch-q8-noiseless-SPSA-aerCPU-rand0.1-seed0/config.yaml
Configuration file written. Path: /work/qgan/data/train/ang-qml_torch-q8-noiseless-SPSA-aerCPU-rand0.25-seed0/config.yaml
Configuration file written. Path: /work/qgan/data/train/ang-qml_torch-q8-noiseless-SPSA-aerCPU-rand0.5-seed0/config.yaml
Configuration file written. Path: /work/qgan/data/train/ang-qml_torch-q8-noiseless-SPSA-aerCPU-rand1-seed0/config.yaml
Configuration file rewritten. Path: /work/qgan/data/train/ang-qml_torch-q8-noiseless-SPSA-aerCPU-rand0-seed1/config.yaml
Configuration file rewritten. Path: /work/qgan/data/train/ang-qml_torch-q8-noiseless-SPSA-aerCPU-rand0.1-seed1/config.yaml
Configuration file written. Path: /work/qgan/data/train/ang-qml_torch-q8-noiseless-SPSA-aerCPU-rand0.25-seed1/config.yaml
Configuration file written. Path: /work/qgan/data/train/ang-qml_torch-q8-noiseless-SPSA-aerCPU-rand0.5-seed1/config.yaml
Configuration file written. Path: /work/qgan/data/train/ang-qml_torch-q8-noiseless-SPSA-aerCPU-rand1-seed1/config.yaml
Configuration file rewritten. Path: /work/qgan/data/train/ang-qml_torch-q8-noiseless-SPSA-aerCPU-rand0-seed2/config.yaml
Configuration file rewritten. Path: /work/qgan/data/train/ang-qml_torch-q8-noiseless-SPSA-aerCPU-rand0.1-seed2/config.yaml
Configuration file written. Path: /work/qgan/data/train/ang-qml_torch-q8-noiseless-SPSA-aerCPU-rand0.25-seed2/config.yaml
Configuration file written. Path: /work/qgan/data/train/ang-qml_torch-q8-noiseless-SPSA-aerCPU-rand0.5-seed2/config.yaml
Configuration file written. Path: /work/qgan/data/train/ang-qml_torch-q8-noiseless-SPSA-aerCPU-rand1-seed2/config.yaml
Configuration file rewritten. Path: /work/qgan/data/train/ang-qml_torch-q4-noiseless-REG-aerCPU-rand0-seed0/config.yaml
Configuration file rewritten. Path: /work/qgan/data/train/ang-qml_torch-q4-noiseless-REG-aerCPU-rand0.1-seed0/config.yaml
Configuration file written. Path: /work/qgan/data/train/ang-qml_torch-q4-noiseless-REG-aerCPU-rand0.25-seed0/config.yaml
Configuration file written. Path: /work/qgan/data/train/ang-qml_torch-q4-noiseless-REG-aerCPU-rand0.5-seed0/config.yaml
Configuration file written. Path: /work/qgan/data/train/ang-qml_torch-q4-noiseless-REG-aerCPU-rand1-seed0/config.yaml
Configuration file rewritten. Path: /work/qgan/data/train/ang-qml_torch-q4-noiseless-REG-aerCPU-rand0-seed1/config.yaml
Configuration file rewritten. Path: /work/qgan/data/train/ang-qml_torch-q4-noiseless-REG-aerCPU-rand0.1-seed1/config.yaml
Configuration file written. Path: /work/qgan/data/train/ang-qml_torch-q4-noiseless-REG-aerCPU-rand0.25-seed1/config.yaml
Configuration file written. Path: /work/qgan/data/train/ang-qml_torch-q4-noiseless-REG-aerCPU-rand0.5-seed1/config.yaml
Configuration file written. Path: /work/qgan/data/train/ang-qml_torch-q4-noiseless-REG-aerCPU-rand1-seed1/config.yaml
Configuration file rewritten. Path: /work/qgan/data/train/ang-qml_torch-q4-noiseless-REG-aerCPU-rand0-seed2/config.yaml
Configuration file rewritten. Path: /work/qgan/data/train/ang-qml_torch-q4-noiseless-REG-aerCPU-rand0.1-seed2/config.yaml
Configuration file written. Path: /work/qgan/data/train/ang-qml_torch-q4-noiseless-REG-aerCPU-rand0.25-seed2/config.yaml
Configuration file written. Path: /work/qgan/data/train/ang-qml_torch-q4-noiseless-REG-aerCPU-rand0.5-seed2/config.yaml
Configuration file written. Path: /work/qgan/data/train/ang-qml_torch-q4-noiseless-REG-aerCPU-rand1-seed2/config.yaml
Configuration file rewritten. Path: /work/qgan/data/train/ang-qml_torch-q8-noiseless-REG-aerCPU-rand0-seed0/config.yaml
Configuration file rewritten. Path: /work/qgan/data/train/ang-qml_torch-q8-noiseless-REG-aerCPU-rand0.1-seed0/config.yaml
Configuration file written. Path: /work/qgan/data/train/ang-qml_torch-q8-noiseless-REG-aerCPU-rand0.25-seed0/config.yaml
Configuration file written. Path: /work/qgan/data/train/ang-qml_torch-q8-noiseless-REG-aerCPU-rand0.5-seed0/config.yaml
Configuration file written. Path: /work/qgan/data/train/ang-qml_torch-q8-noiseless-REG-aerCPU-rand1-seed0/config.yaml
Configuration file rewritten. Path: /work/qgan/data/train/ang-qml_torch-q8-noiseless-REG-aerCPU-rand0-seed1/config.yaml
Configuration file rewritten. Path: /work/qgan/data/train/ang-qml_torch-q8-noiseless-REG-aerCPU-rand0.1-seed1/config.yaml
Configuration file written. Path: /work/qgan/data/train/ang-qml_torch-q8-noiseless-REG-aerCPU-rand0.25-seed1/config.yaml
Configuration file written. Path: /work/qgan/data/train/ang-qml_torch-q8-noiseless-REG-aerCPU-rand0.5-seed1/config.yaml
Configuration file written. Path: /work/qgan/data/train/ang-qml_torch-q8-noiseless-REG-aerCPU-rand1-seed1/config.yaml
Configuration file rewritten. Path: /work/qgan/data/train/ang-qml_torch-q8-noiseless-REG-aerCPU-rand0-seed2/config.yaml
Configuration file rewritten. Path: /work/qgan/data/train/ang-qml_torch-q8-noiseless-REG-aerCPU-rand0.1-seed2/config.yaml
Configuration file written. Path: /work/qgan/data/train/ang-qml_torch-q8-noiseless-REG-aerCPU-rand0.25-seed2/config.yaml
Configuration file written. Path: /work/qgan/data/train/ang-qml_torch-q8-noiseless-REG-aerCPU-rand0.5-seed2/config.yaml
Configuration file written. Path: /work/qgan/data/train/ang-qml_torch-q8-noiseless-REG-aerCPU-rand1-seed2/config.yaml
Configuration file rewritten. Path: /work/qgan/data/train/amp-qml_torch-q4-noiseless-PSR-aerCPU-rand0-seed0/config.yaml
Configuration file rewritten. Path: /work/qgan/data/train/amp-qml_torch-q4-noiseless-PSR-aerCPU-rand0.1-seed0/config.yaml
Configuration file written. Path: /work/qgan/data/train/amp-qml_torch-q4-noiseless-PSR-aerCPU-rand0.25-seed0/config.yaml
Configuration file written. Path: /work/qgan/data/train/amp-qml_torch-q4-noiseless-PSR-aerCPU-rand0.5-seed0/config.yaml
Configuration file written. Path: /work/qgan/data/train/amp-qml_torch-q4-noiseless-PSR-aerCPU-rand1-seed0/config.yaml
Configuration file rewritten. Path: /work/qgan/data/train/amp-qml_torch-q4-noiseless-PSR-aerCPU-rand0-seed1/config.yaml
Configuration file rewritten. Path: /work/qgan/data/train/amp-qml_torch-q4-noiseless-PSR-aerCPU-rand0.1-seed1/config.yaml
Configuration file written. Path: /work/qgan/data/train/amp-qml_torch-q4-noiseless-PSR-aerCPU-rand0.25-seed1/config.yaml
Configuration file written. Path: /work/qgan/data/train/amp-qml_torch-q4-noiseless-PSR-aerCPU-rand0.5-seed1/config.yaml
Configuration file written. Path: /work/qgan/data/train/amp-qml_torch-q4-noiseless-PSR-aerCPU-rand1-seed1/config.yaml
Configuration file rewritten. Path: /work/qgan/data/train/amp-qml_torch-q4-noiseless-PSR-aerCPU-rand0-seed2/config.yaml
Configuration file rewritten. Path: /work/qgan/data/train/amp-qml_torch-q4-noiseless-PSR-aerCPU-rand0.1-seed2/config.yaml
Configuration file written. Path: /work/qgan/data/train/amp-qml_torch-q4-noiseless-PSR-aerCPU-rand0.25-seed2/config.yaml
Configuration file written. Path: /work/qgan/data/train/amp-qml_torch-q4-noiseless-PSR-aerCPU-rand0.5-seed2/config.yaml
Configuration file written. Path: /work/qgan/data/train/amp-qml_torch-q4-noiseless-PSR-aerCPU-rand1-seed2/config.yaml
Configuration file rewritten. Path: /work/qgan/data/train/amp-qml_torch-q8-noiseless-PSR-aerCPU-rand0-seed0/config.yaml
Configuration file rewritten. Path: /work/qgan/data/train/amp-qml_torch-q8-noiseless-PSR-aerCPU-rand0.1-seed0/config.yaml
Configuration file written. Path: /work/qgan/data/train/amp-qml_torch-q8-noiseless-PSR-aerCPU-rand0.25-seed0/config.yaml
Configuration file written. Path: /work/qgan/data/train/amp-qml_torch-q8-noiseless-PSR-aerCPU-rand0.5-seed0/config.yaml
Configuration file written. Path: /work/qgan/data/train/amp-qml_torch-q8-noiseless-PSR-aerCPU-rand1-seed0/config.yaml
Configuration file rewritten. Path: /work/qgan/data/train/amp-qml_torch-q8-noiseless-PSR-aerCPU-rand0-seed1/config.yaml
Configuration file rewritten. Path: /work/qgan/data/train/amp-qml_torch-q8-noiseless-PSR-aerCPU-rand0.1-seed1/config.yaml
Configuration file written. Path: /work/qgan/data/train/amp-qml_torch-q8-noiseless-PSR-aerCPU-rand0.25-seed1/config.yaml
Configuration file written. Path: /work/qgan/data/train/amp-qml_torch-q8-noiseless-PSR-aerCPU-rand0.5-seed1/config.yaml
Configuration file written. Path: /work/qgan/data/train/amp-qml_torch-q8-noiseless-PSR-aerCPU-rand1-seed1/config.yaml
Configuration file rewritten. Path: /work/qgan/data/train/amp-qml_torch-q8-noiseless-PSR-aerCPU-rand0-seed2/config.yaml
Configuration file rewritten. Path: /work/qgan/data/train/amp-qml_torch-q8-noiseless-PSR-aerCPU-rand0.1-seed2/config.yaml
Configuration file written. Path: /work/qgan/data/train/amp-qml_torch-q8-noiseless-PSR-aerCPU-rand0.25-seed2/config.yaml
Configuration file written. Path: /work/qgan/data/train/amp-qml_torch-q8-noiseless-PSR-aerCPU-rand0.5-seed2/config.yaml
Configuration file written. Path: /work/qgan/data/train/amp-qml_torch-q8-noiseless-PSR-aerCPU-rand1-seed2/config.yaml
Configuration file rewritten. Path: /work/qgan/data/train/amp-qml_torch-q4-noiseless-SPSA-aerCPU-rand0-seed0/config.yaml
Configuration file rewritten. Path: /work/qgan/data/train/amp-qml_torch-q4-noiseless-SPSA-aerCPU-rand0.1-seed0/config.yaml
Configuration file written. Path: /work/qgan/data/train/amp-qml_torch-q4-noiseless-SPSA-aerCPU-rand0.25-seed0/config.yaml
Configuration file written. Path: /work/qgan/data/train/amp-qml_torch-q4-noiseless-SPSA-aerCPU-rand0.5-seed0/config.yaml
Configuration file written. Path: /work/qgan/data/train/amp-qml_torch-q4-noiseless-SPSA-aerCPU-rand1-seed0/config.yaml
Configuration file rewritten. Path: /work/qgan/data/train/amp-qml_torch-q4-noiseless-SPSA-aerCPU-rand0-seed1/config.yaml
Configuration file rewritten. Path: /work/qgan/data/train/amp-qml_torch-q4-noiseless-SPSA-aerCPU-rand0.1-seed1/config.yaml
Configuration file written. Path: /work/qgan/data/train/amp-qml_torch-q4-noiseless-SPSA-aerCPU-rand0.25-seed1/config.yaml
Configuration file written. Path: /work/qgan/data/train/amp-qml_torch-q4-noiseless-SPSA-aerCPU-rand0.5-seed1/config.yaml
Configuration file written. Path: /work/qgan/data/train/amp-qml_torch-q4-noiseless-SPSA-aerCPU-rand1-seed1/config.yaml
Configuration file rewritten. Path: /work/qgan/data/train/amp-qml_torch-q4-noiseless-SPSA-aerCPU-rand0-seed2/config.yaml
Configuration file rewritten. Path: /work/qgan/data/train/amp-qml_torch-q4-noiseless-SPSA-aerCPU-rand0.1-seed2/config.yaml
Configuration file written. Path: /work/qgan/data/train/amp-qml_torch-q4-noiseless-SPSA-aerCPU-rand0.25-seed2/config.yaml
Configuration file written. Path: /work/qgan/data/train/amp-qml_torch-q4-noiseless-SPSA-aerCPU-rand0.5-seed2/config.yaml
Configuration file written. Path: /work/qgan/data/train/amp-qml_torch-q4-noiseless-SPSA-aerCPU-rand1-seed2/config.yaml
Configuration file rewritten. Path: /work/qgan/data/train/amp-qml_torch-q8-noiseless-SPSA-aerCPU-rand0-seed0/config.yaml
Configuration file rewritten. Path: /work/qgan/data/train/amp-qml_torch-q8-noiseless-SPSA-aerCPU-rand0.1-seed0/config.yaml
Configuration file written. Path: /work/qgan/data/train/amp-qml_torch-q8-noiseless-SPSA-aerCPU-rand0.25-seed0/config.yaml
Configuration file written. Path: /work/qgan/data/train/amp-qml_torch-q8-noiseless-SPSA-aerCPU-rand0.5-seed0/config.yaml
Configuration file written. Path: /work/qgan/data/train/amp-qml_torch-q8-noiseless-SPSA-aerCPU-rand1-seed0/config.yaml
Configuration file rewritten. Path: /work/qgan/data/train/amp-qml_torch-q8-noiseless-SPSA-aerCPU-rand0-seed1/config.yaml
Configuration file rewritten. Path: /work/qgan/data/train/amp-qml_torch-q8-noiseless-SPSA-aerCPU-rand0.1-seed1/config.yaml
Configuration file written. Path: /work/qgan/data/train/amp-qml_torch-q8-noiseless-SPSA-aerCPU-rand0.25-seed1/config.yaml
Configuration file written. Path: /work/qgan/data/train/amp-qml_torch-q8-noiseless-SPSA-aerCPU-rand0.5-seed1/config.yaml
Configuration file written. Path: /work/qgan/data/train/amp-qml_torch-q8-noiseless-SPSA-aerCPU-rand1-seed1/config.yaml
Configuration file rewritten. Path: /work/qgan/data/train/amp-qml_torch-q8-noiseless-SPSA-aerCPU-rand0-seed2/config.yaml
Configuration file rewritten. Path: /work/qgan/data/train/amp-qml_torch-q8-noiseless-SPSA-aerCPU-rand0.1-seed2/config.yaml
Configuration file written. Path: /work/qgan/data/train/amp-qml_torch-q8-noiseless-SPSA-aerCPU-rand0.25-seed2/config.yaml
Configuration file written. Path: /work/qgan/data/train/amp-qml_torch-q8-noiseless-SPSA-aerCPU-rand0.5-seed2/config.yaml
Configuration file written. Path: /work/qgan/data/train/amp-qml_torch-q8-noiseless-SPSA-aerCPU-rand1-seed2/config.yaml
Configuration file rewritten. Path: /work/qgan/data/train/amp-qml_torch-q4-noiseless-REG-aerCPU-rand0-seed0/config.yaml
Configuration file rewritten. Path: /work/qgan/data/train/amp-qml_torch-q4-noiseless-REG-aerCPU-rand0.1-seed0/config.yaml
Configuration file written. Path: /work/qgan/data/train/amp-qml_torch-q4-noiseless-REG-aerCPU-rand0.25-seed0/config.yaml
Configuration file written. Path: /work/qgan/data/train/amp-qml_torch-q4-noiseless-REG-aerCPU-rand0.5-seed0/config.yaml
Configuration file written. Path: /work/qgan/data/train/amp-qml_torch-q4-noiseless-REG-aerCPU-rand1-seed0/config.yaml
Configuration file rewritten. Path: /work/qgan/data/train/amp-qml_torch-q4-noiseless-REG-aerCPU-rand0-seed1/config.yaml
Configuration file rewritten. Path: /work/qgan/data/train/amp-qml_torch-q4-noiseless-REG-aerCPU-rand0.1-seed1/config.yaml
Configuration file written. Path: /work/qgan/data/train/amp-qml_torch-q4-noiseless-REG-aerCPU-rand0.25-seed1/config.yaml
Configuration file written. Path: /work/qgan/data/train/amp-qml_torch-q4-noiseless-REG-aerCPU-rand0.5-seed1/config.yaml
Configuration file written. Path: /work/qgan/data/train/amp-qml_torch-q4-noiseless-REG-aerCPU-rand1-seed1/config.yaml
Configuration file rewritten. Path: /work/qgan/data/train/amp-qml_torch-q4-noiseless-REG-aerCPU-rand0-seed2/config.yaml
Configuration file rewritten. Path: /work/qgan/data/train/amp-qml_torch-q4-noiseless-REG-aerCPU-rand0.1-seed2/config.yaml
Configuration file written. Path: /work/qgan/data/train/amp-qml_torch-q4-noiseless-REG-aerCPU-rand0.25-seed2/config.yaml
Configuration file written. Path: /work/qgan/data/train/amp-qml_torch-q4-noiseless-REG-aerCPU-rand0.5-seed2/config.yaml
Configuration file written. Path: /work/qgan/data/train/amp-qml_torch-q4-noiseless-REG-aerCPU-rand1-seed2/config.yaml
Configuration file rewritten. Path: /work/qgan/data/train/amp-qml_torch-q8-noiseless-REG-aerCPU-rand0-seed0/config.yaml
Configuration file rewritten. Path: /work/qgan/data/train/amp-qml_torch-q8-noiseless-REG-aerCPU-rand0.1-seed0/config.yaml
Configuration file written. Path: /work/qgan/data/train/amp-qml_torch-q8-noiseless-REG-aerCPU-rand0.25-seed0/config.yaml
Configuration file written. Path: /work/qgan/data/train/amp-qml_torch-q8-noiseless-REG-aerCPU-rand0.5-seed0/config.yaml
Configuration file written. Path: /work/qgan/data/train/amp-qml_torch-q8-noiseless-REG-aerCPU-rand1-seed0/config.yaml
Configuration file rewritten. Path: /work/qgan/data/train/amp-qml_torch-q8-noiseless-REG-aerCPU-rand0-seed1/config.yaml
Configuration file rewritten. Path: /work/qgan/data/train/amp-qml_torch-q8-noiseless-REG-aerCPU-rand0.1-seed1/config.yaml
Configuration file written. Path: /work/qgan/data/train/amp-qml_torch-q8-noiseless-REG-aerCPU-rand0.25-seed1/config.yaml
Configuration file written. Path: /work/qgan/data/train/amp-qml_torch-q8-noiseless-REG-aerCPU-rand0.5-seed1/config.yaml
Configuration file written. Path: /work/qgan/data/train/amp-qml_torch-q8-noiseless-REG-aerCPU-rand1-seed1/config.yaml
Configuration file rewritten. Path: /work/qgan/data/train/amp-qml_torch-q8-noiseless-REG-aerCPU-rand0-seed2/config.yaml
Configuration file rewritten. Path: /work/qgan/data/train/amp-qml_torch-q8-noiseless-REG-aerCPU-rand0.1-seed2/config.yaml
Configuration file written. Path: /work/qgan/data/train/amp-qml_torch-q8-noiseless-REG-aerCPU-rand0.25-seed2/config.yaml
Configuration file written. Path: /work/qgan/data/train/amp-qml_torch-q8-noiseless-REG-aerCPU-rand0.5-seed2/config.yaml
Configuration file written. Path: /work/qgan/data/train/amp-qml_torch-q8-noiseless-REG-aerCPU-rand1-seed2/config.yaml

Creating config files for qml_torch_noisy:
Configuration file rewritten. Path: /work/qgan/data/train/base-qml_torch-q4-noisy-SPSA-aerCPU-rand0-seed0/config.yaml
Configuration file rewritten. Path: /work/qgan/data/train/base-qml_torch-q4-noisy-SPSA-aerCPU-rand0.1-seed0/config.yaml
Configuration file written. Path: /work/qgan/data/train/base-qml_torch-q4-noisy-SPSA-aerCPU-rand0.25-seed0/config.yaml
Configuration file written. Path: /work/qgan/data/train/base-qml_torch-q4-noisy-SPSA-aerCPU-rand0.5-seed0/config.yaml
Configuration file written. Path: /work/qgan/data/train/base-qml_torch-q4-noisy-SPSA-aerCPU-rand1-seed0/config.yaml
Configuration file rewritten. Path: /work/qgan/data/train/base-qml_torch-q4-noisy-SPSA-aerCPU-rand0-seed1/config.yaml
Configuration file rewritten. Path: /work/qgan/data/train/base-qml_torch-q4-noisy-SPSA-aerCPU-rand0.1-seed1/config.yaml
Configuration file written. Path: /work/qgan/data/train/base-qml_torch-q4-noisy-SPSA-aerCPU-rand0.25-seed1/config.yaml
Configuration file written. Path: /work/qgan/data/train/base-qml_torch-q4-noisy-SPSA-aerCPU-rand0.5-seed1/config.yaml
Configuration file written. Path: /work/qgan/data/train/base-qml_torch-q4-noisy-SPSA-aerCPU-rand1-seed1/config.yaml
Configuration file rewritten. Path: /work/qgan/data/train/base-qml_torch-q4-noisy-SPSA-aerCPU-rand0-seed2/config.yaml
Configuration file rewritten. Path: /work/qgan/data/train/base-qml_torch-q4-noisy-SPSA-aerCPU-rand0.1-seed2/config.yaml
Configuration file written. Path: /work/qgan/data/train/base-qml_torch-q4-noisy-SPSA-aerCPU-rand0.25-seed2/config.yaml
Configuration file written. Path: /work/qgan/data/train/base-qml_torch-q4-noisy-SPSA-aerCPU-rand0.5-seed2/config.yaml
Configuration file written. Path: /work/qgan/data/train/base-qml_torch-q4-noisy-SPSA-aerCPU-rand1-seed2/config.yaml
Configuration file rewritten. Path: /work/qgan/data/train/ang-qml_torch-q4-noisy-SPSA-aerCPU-rand0-seed0/config.yaml
Configuration file rewritten. Path: /work/qgan/data/train/ang-qml_torch-q4-noisy-SPSA-aerCPU-rand0.1-seed0/config.yaml
Configuration file written. Path: /work/qgan/data/train/ang-qml_torch-q4-noisy-SPSA-aerCPU-rand0.25-seed0/config.yaml
Configuration file written. Path: /work/qgan/data/train/ang-qml_torch-q4-noisy-SPSA-aerCPU-rand0.5-seed0/config.yaml
Configuration file written. Path: /work/qgan/data/train/ang-qml_torch-q4-noisy-SPSA-aerCPU-rand1-seed0/config.yaml
Configuration file rewritten. Path: /work/qgan/data/train/ang-qml_torch-q4-noisy-SPSA-aerCPU-rand0-seed1/config.yaml
Configuration file rewritten. Path: /work/qgan/data/train/ang-qml_torch-q4-noisy-SPSA-aerCPU-rand0.1-seed1/config.yaml
Configuration file written. Path: /work/qgan/data/train/ang-qml_torch-q4-noisy-SPSA-aerCPU-rand0.25-seed1/config.yaml
Configuration file written. Path: /work/qgan/data/train/ang-qml_torch-q4-noisy-SPSA-aerCPU-rand0.5-seed1/config.yaml
Configuration file written. Path: /work/qgan/data/train/ang-qml_torch-q4-noisy-SPSA-aerCPU-rand1-seed1/config.yaml
Configuration file rewritten. Path: /work/qgan/data/train/ang-qml_torch-q4-noisy-SPSA-aerCPU-rand0-seed2/config.yaml
Configuration file rewritten. Path: /work/qgan/data/train/ang-qml_torch-q4-noisy-SPSA-aerCPU-rand0.1-seed2/config.yaml
Configuration file written. Path: /work/qgan/data/train/ang-qml_torch-q4-noisy-SPSA-aerCPU-rand0.25-seed2/config.yaml
Configuration file written. Path: /work/qgan/data/train/ang-qml_torch-q4-noisy-SPSA-aerCPU-rand0.5-seed2/config.yaml
Configuration file written. Path: /work/qgan/data/train/ang-qml_torch-q4-noisy-SPSA-aerCPU-rand1-seed2/config.yaml
Configuration file rewritten. Path: /work/qgan/data/train/amp-qml_torch-q4-noisy-SPSA-aerCPU-rand0-seed0/config.yaml
Configuration file rewritten. Path: /work/qgan/data/train/amp-qml_torch-q4-noisy-SPSA-aerCPU-rand0.1-seed0/config.yaml
Configuration file written. Path: /work/qgan/data/train/amp-qml_torch-q4-noisy-SPSA-aerCPU-rand0.25-seed0/config.yaml
Configuration file written. Path: /work/qgan/data/train/amp-qml_torch-q4-noisy-SPSA-aerCPU-rand0.5-seed0/config.yaml
Configuration file written. Path: /work/qgan/data/train/amp-qml_torch-q4-noisy-SPSA-aerCPU-rand1-seed0/config.yaml
Configuration file rewritten. Path: /work/qgan/data/train/amp-qml_torch-q4-noisy-SPSA-aerCPU-rand0-seed1/config.yaml
Configuration file rewritten. Path: /work/qgan/data/train/amp-qml_torch-q4-noisy-SPSA-aerCPU-rand0.1-seed1/config.yaml
Configuration file written. Path: /work/qgan/data/train/amp-qml_torch-q4-noisy-SPSA-aerCPU-rand0.25-seed1/config.yaml
Configuration file written. Path: /work/qgan/data/train/amp-qml_torch-q4-noisy-SPSA-aerCPU-rand0.5-seed1/config.yaml
Configuration file written. Path: /work/qgan/data/train/amp-qml_torch-q4-noisy-SPSA-aerCPU-rand1-seed1/config.yaml
Configuration file rewritten. Path: /work/qgan/data/train/amp-qml_torch-q4-noisy-SPSA-aerCPU-rand0-seed2/config.yaml
Configuration file rewritten. Path: /work/qgan/data/train/amp-qml_torch-q4-noisy-SPSA-aerCPU-rand0.1-seed2/config.yaml
Configuration file written. Path: /work/qgan/data/train/amp-qml_torch-q4-noisy-SPSA-aerCPU-rand0.25-seed2/config.yaml
Configuration file written. Path: /work/qgan/data/train/amp-qml_torch-q4-noisy-SPSA-aerCPU-rand0.5-seed2/config.yaml
Configuration file written. Path: /work/qgan/data/train/amp-qml_torch-q4-noisy-SPSA-aerCPU-rand1-seed2/config.yaml

315 battery configuration files ready.

Running: /work/qgan/data/train/base-qml_torch-q4-noiseless-PSR-aerCPU-rand0-seed0/config.yaml
              Epoch |     Generator cost | Discriminator cost |               Eval |          Best eval |               Time |
Training complete: 
   Data path: /work/qgan/data/train/base-qml_torch-q4-noiseless-PSR-aerCPU-rand0-seed0 
   Best eval: 0.010651926471313883 
   Total time: 235.62977027893066

Running: /work/qgan/data/train/base-qml_torch-q4-noiseless-PSR-aerCPU-rand0.1-seed0/config.yaml
              Epoch |     Generator cost | Discriminator cost |               Eval |          Best eval |               Time |
Training complete: 
   Data path: /work/qgan/data/train/base-qml_torch-q4-noiseless-PSR-aerCPU-rand0.1-seed0 
   Best eval: 0.010651926471313883 
   Total time: 235.62977027893066

Running: /work/qgan/data/train/base-qml_torch-q4-noiseless-PSR-aerCPU-rand0.25-seed0/config.yaml
Training data file created.
              Epoch |     Generator cost | Discriminator cost |               Eval |          Best eval |               Time |
                  0 |              -0.47 |             -0.461 |                1.3 |                1.3 |              0.276 |
                100 |             -0.859 |             -0.532 |               1.41 |              0.188 |               22.6 |
                200 |             -0.923 |              -0.49 |               2.43 |              0.188 |               22.8 |
                300 |             -0.822 |             -0.589 |                1.8 |              0.188 |               22.6 |
                400 |             -0.891 |               -0.6 |               1.04 |              0.188 |               22.7 |
                500 |             -0.816 |             -0.549 |                1.1 |              0.188 |               22.7 |
                600 |              -0.87 |             -0.513 |               1.05 |              0.112 |               22.8 |
                700 |             -0.891 |             -0.541 |             0.0844 |             0.0844 |               22.6 |
                800 |             -0.875 |              -0.49 |               1.58 |             0.0844 |               22.6 |
                900 |             -0.941 |             -0.561 |              0.295 |             0.0764 |               22.7 |
Training complete: 
   Data path: /work/qgan/data/train/base-qml_torch-q4-noiseless-PSR-aerCPU-rand0.25-seed0 
   Best eval: 0.07639563358466875 
   Total time: 226.53348755836487

Running: /work/qgan/data/train/base-qml_torch-q4-noiseless-PSR-aerCPU-rand0.5-seed0/config.yaml
Training data file created.
              Epoch |     Generator cost | Discriminator cost |               Eval |          Best eval |               Time |
                  0 |             -0.547 |             -0.535 |              0.545 |              0.545 |              0.237 |
                100 |             -0.221 |             -0.629 |               2.96 |              0.359 |               22.5 |
                200 |             -0.469 |              -0.56 |               1.91 |              0.359 |               22.4 |
                300 |              -0.93 |              -0.59 |               1.95 |              0.359 |               22.6 |
                400 |             -0.815 |             -0.604 |               3.24 |              0.359 |               22.4 |
                500 |             -0.882 |             -0.643 |               2.26 |              0.359 |               22.4 |
                600 |             -0.565 |             -0.625 |                2.1 |              0.359 |               22.5 |
                700 |             -0.659 |             -0.737 |              0.806 |              0.359 |               22.5 |
                800 |             -0.642 |             -0.587 |               1.77 |              0.359 |               22.4 |
                900 |             -0.433 |             -0.696 |               2.11 |              0.359 |               22.4 |
Training complete: 
   Data path: /work/qgan/data/train/base-qml_torch-q4-noiseless-PSR-aerCPU-rand0.5-seed0 
   Best eval: 0.3594406730532753 
   Total time: 224.5206561088562

Running: /work/qgan/data/train/base-qml_torch-q4-noiseless-PSR-aerCPU-rand1-seed0/config.yaml
Training data file created.
              Epoch |     Generator cost | Discriminator cost |               Eval |          Best eval |               Time |
                  0 |             -0.571 |             -0.459 |               1.53 |               1.53 |              0.402 |
                100 |             -0.349 |             -0.591 |               2.17 |              0.442 |               22.3 |
                200 |             -0.229 |             -0.666 |               2.36 |              0.127 |               22.4 |
                300 |             -0.787 |             -0.595 |               2.97 |              0.127 |               22.4 |
                400 |             -0.323 |             -0.544 |               1.75 |              0.127 |               22.6 |
                500 |             -0.375 |             -0.869 |              0.721 |              0.127 |               22.4 |
                600 |             -0.135 |             -0.905 |              0.448 |              0.127 |               22.4 |
                700 |             -0.458 |             -0.697 |               4.05 |              0.127 |               22.4 |
                800 |             -0.085 |             -0.792 |               2.05 |              0.127 |               22.5 |
                900 |             -0.828 |             -0.593 |               2.25 |              0.127 |               22.4 |
Training complete: 
   Data path: /work/qgan/data/train/base-qml_torch-q4-noiseless-PSR-aerCPU-rand1-seed0 
   Best eval: 0.12738607045297826 
   Total time: 224.35713076591492

Running: /work/qgan/data/train/base-qml_torch-q4-noiseless-PSR-aerCPU-rand0-seed1/config.yaml
              Epoch |     Generator cost | Discriminator cost |               Eval |          Best eval |               Time |
Training complete: 
   Data path: /work/qgan/data/train/base-qml_torch-q4-noiseless-PSR-aerCPU-rand0-seed1 
   Best eval: 0.02356149992205936 
   Total time: 231.49863386154175

Running: /work/qgan/data/train/base-qml_torch-q4-noiseless-PSR-aerCPU-rand0.1-seed1/config.yaml
              Epoch |     Generator cost | Discriminator cost |               Eval |          Best eval |               Time |
Training complete: 
   Data path: /work/qgan/data/train/base-qml_torch-q4-noiseless-PSR-aerCPU-rand0.1-seed1 
   Best eval: 0.2814810084153481 
   Total time: 236.3329255580902

Running: /work/qgan/data/train/base-qml_torch-q4-noiseless-PSR-aerCPU-rand0.25-seed1/config.yaml
Training data file created.
              Epoch |     Generator cost | Discriminator cost |               Eval |          Best eval |               Time |
                  0 |             -0.562 |             -0.373 |               1.67 |               1.67 |              0.239 |
                100 |             -0.888 |              -0.48 |               1.75 |              0.433 |               22.5 |
                200 |             -0.743 |             -0.591 |               3.17 |              0.433 |               22.6 |
                300 |             -0.771 |             -0.549 |               1.39 |             0.0584 |               22.5 |
                400 |             -0.911 |             -0.595 |              0.513 |             0.0584 |               22.5 |
                500 |             -0.872 |             -0.568 |               1.05 |             0.0584 |               22.7 |
                600 |             -0.812 |             -0.582 |              0.343 |              0.042 |               22.4 |
                700 |             -0.919 |             -0.622 |               0.39 |             0.0191 |               22.4 |
                800 |             -0.838 |             -0.576 |              0.342 |             0.0191 |               22.5 |
                900 |             -0.872 |             -0.572 |              0.252 |             0.0191 |               22.6 |
Training complete: 
   Data path: /work/qgan/data/train/base-qml_torch-q4-noiseless-PSR-aerCPU-rand0.25-seed1 
   Best eval: 0.01905138357210734 
   Total time: 225.04015946388245

Running: /work/qgan/data/train/base-qml_torch-q4-noiseless-PSR-aerCPU-rand0.5-seed1/config.yaml
Training data file created.
              Epoch |     Generator cost | Discriminator cost |               Eval |          Best eval |               Time |
                  0 |             -0.463 |             -0.438 |              0.354 |              0.354 |              0.239 |
                100 |             -0.471 |             -0.623 |               2.63 |              0.207 |               22.4 |
                200 |              -0.63 |             -0.557 |               3.23 |              0.207 |               22.4 |
                300 |             -0.445 |             -0.787 |               2.34 |              0.207 |               22.6 |
                400 |             -0.853 |             -0.769 |               2.19 |              0.207 |               22.4 |
                500 |              -0.71 |             -0.676 |               3.23 |              0.207 |               22.4 |
                600 |             -0.624 |              -0.67 |               1.08 |              0.207 |               22.5 |
                700 |             -0.651 |             -0.664 |                2.1 |              0.207 |               22.6 |
                800 |               -0.6 |             -0.811 |               1.86 |              0.207 |               22.4 |
                900 |             -0.455 |             -0.551 |               1.66 |              0.207 |               22.5 |
Training complete: 
   Data path: /work/qgan/data/train/base-qml_torch-q4-noiseless-PSR-aerCPU-rand0.5-seed1 
   Best eval: 0.206940475580257 
   Total time: 224.62110018730164

Running: /work/qgan/data/train/base-qml_torch-q4-noiseless-PSR-aerCPU-rand1-seed1/config.yaml
Training data file created.
              Epoch |     Generator cost | Discriminator cost |               Eval |          Best eval |               Time |
                  0 |             -0.598 |             -0.578 |               3.29 |               3.29 |              0.236 |
                100 |             -0.422 |              -0.67 |               1.86 |              0.546 |               22.5 |
                200 |             -0.547 |             -0.652 |                4.9 |              0.334 |               22.4 |
                300 |             -0.895 |             -0.697 |               2.87 |              0.322 |               22.4 |
                400 |             -0.822 |             -0.582 |               2.62 |              0.322 |               22.5 |
                500 |             -0.624 |             -0.788 |               2.43 |              0.322 |               22.6 |
                600 |            -0.0301 |             -0.599 |               0.87 |              0.322 |               22.4 |
                700 |             -0.522 |             -0.648 |               1.86 |              0.322 |               22.4 |
                800 |             -0.634 |             -0.887 |               3.29 |              0.322 |               22.6 |
                900 |             -0.223 |             -0.589 |               1.33 |              0.322 |               22.4 |
Training complete: 
   Data path: /work/qgan/data/train/base-qml_torch-q4-noiseless-PSR-aerCPU-rand1-seed1 
   Best eval: 0.2556262079901943 
   Total time: 224.72868299484253

Running: /work/qgan/data/train/base-qml_torch-q4-noiseless-PSR-aerCPU-rand0-seed2/config.yaml
              Epoch |     Generator cost | Discriminator cost |               Eval |          Best eval |               Time |
Training complete: 
   Data path: /work/qgan/data/train/base-qml_torch-q4-noiseless-PSR-aerCPU-rand0-seed2 
   Best eval: 0.006243420604958055 
   Total time: 231.23085641860962

Running: /work/qgan/data/train/base-qml_torch-q4-noiseless-PSR-aerCPU-rand0.1-seed2/config.yaml
              Epoch |     Generator cost | Discriminator cost |               Eval |          Best eval |               Time |
Training complete: 
   Data path: /work/qgan/data/train/base-qml_torch-q4-noiseless-PSR-aerCPU-rand0.1-seed2 
   Best eval: 0.14058245714272666 
   Total time: 236.78479719161987

Running: /work/qgan/data/train/base-qml_torch-q4-noiseless-PSR-aerCPU-rand0.25-seed2/config.yaml
Training data file created.
              Epoch |     Generator cost | Discriminator cost |               Eval |          Best eval |               Time |
                  0 |             -0.643 |             -0.461 |               4.84 |               4.84 |              0.236 |
                100 |             -0.827 |             -0.272 |               3.04 |              0.977 |               22.4 |
                200 |             -0.725 |             -0.529 |              0.957 |              0.797 |               22.5 |
                300 |             -0.738 |             -0.531 |              0.244 |              0.244 |               22.4 |
                400 |              -0.74 |             -0.523 |              0.522 |              0.111 |               22.4 |
                500 |             -0.785 |             -0.551 |              0.734 |              0.111 |               22.5 |
                600 |             -0.864 |             -0.576 |               1.97 |              0.111 |               22.6 |
                700 |              -0.84 |              -0.63 |               1.95 |              0.111 |               22.4 |
                800 |             -0.879 |             -0.513 |              0.266 |              0.111 |               22.4 |
                900 |             -0.893 |             -0.621 |              0.732 |              0.111 |               22.5 |
Training complete: 
   Data path: /work/qgan/data/train/base-qml_torch-q4-noiseless-PSR-aerCPU-rand0.25-seed2 
   Best eval: 0.11098292413620298 
   Total time: 224.87515449523926

Running: /work/qgan/data/train/base-qml_torch-q4-noiseless-PSR-aerCPU-rand0.5-seed2/config.yaml
Training data file created.
              Epoch |     Generator cost | Discriminator cost |               Eval |          Best eval |               Time |
                  0 |             -0.436 |             -0.463 |               3.48 |               3.48 |              0.237 |
                100 |             -0.297 |             -0.586 |               2.29 |              0.233 |               22.4 |
                200 |             -0.296 |              -0.76 |               2.41 |              0.233 |               22.4 |
                300 |             -0.349 |             -0.785 |               2.01 |              0.233 |               22.6 |
                400 |             -0.792 |             -0.737 |              0.558 |              0.233 |               22.4 |
                500 |             -0.652 |             -0.647 |               2.33 |              0.233 |               22.5 |
                600 |             -0.578 |             -0.726 |                2.7 |              0.233 |               22.5 |
                700 |             -0.762 |             -0.698 |               1.87 |              0.233 |               22.7 |
                800 |             -0.788 |             -0.558 |               1.71 |              0.233 |               22.4 |
                900 |             -0.451 |             -0.838 |             0.0956 |             0.0956 |               22.4 |
Training complete: 
   Data path: /work/qgan/data/train/base-qml_torch-q4-noiseless-PSR-aerCPU-rand0.5-seed2 
   Best eval: 0.09557232386905887 
   Total time: 224.88414120674133

Running: /work/qgan/data/train/base-qml_torch-q4-noiseless-PSR-aerCPU-rand1-seed2/config.yaml
Training data file created.
              Epoch |     Generator cost | Discriminator cost |               Eval |          Best eval |               Time |
                  0 |             -0.503 |             -0.446 |               3.58 |               3.58 |              0.237 |
                100 |             -0.492 |             -0.615 |                1.2 |               0.46 |               22.6 |
                200 |             -0.201 |             -0.763 |               1.73 |              0.102 |               22.4 |
                300 |             -0.805 |              -0.61 |               4.03 |              0.102 |               22.5 |
                400 |             -0.473 |             -0.763 |                4.3 |              0.102 |               22.5 |
                500 |             -0.193 |             -0.759 |               1.32 |              0.102 |               22.6 |
                600 |             -0.847 |              -0.75 |                2.5 |              0.102 |               22.4 |
                700 |             -0.377 |             -0.594 |               2.71 |              0.102 |               22.5 |
                800 |             -0.843 |             -0.689 |              0.694 |              0.102 |               22.4 |
                900 |             -0.692 |             -0.803 |               2.71 |              0.102 |               22.6 |
Training complete: 
   Data path: /work/qgan/data/train/base-qml_torch-q4-noiseless-PSR-aerCPU-rand1-seed2 
   Best eval: 0.1018576495257065 
   Total time: 224.98139715194702

Running: /work/qgan/data/train/base-qml_torch-q8-noiseless-PSR-aerCPU-rand0-seed0/config.yaml
              Epoch |     Generator cost | Discriminator cost |               Eval |          Best eval |               Time |
Training complete: 
   Data path: /work/qgan/data/train/base-qml_torch-q8-noiseless-PSR-aerCPU-rand0-seed0 
   Best eval: 0.4191238462155781 
   Total time: 731.6514010429382

Running: /work/qgan/data/train/base-qml_torch-q8-noiseless-PSR-aerCPU-rand0.1-seed0/config.yaml
              Epoch |     Generator cost | Discriminator cost |               Eval |          Best eval |               Time |
Training complete: 
   Data path: /work/qgan/data/train/base-qml_torch-q8-noiseless-PSR-aerCPU-rand0.1-seed0 
   Best eval: 0.9165823338982896 
   Total time: 749.3449692726135

Running: /work/qgan/data/train/base-qml_torch-q8-noiseless-PSR-aerCPU-rand0.25-seed0/config.yaml
Training data file created.
              Epoch |     Generator cost | Discriminator cost |               Eval |          Best eval |               Time |
                  0 |             -0.572 |             -0.492 |               3.08 |               3.08 |              0.772 |
                100 |             -0.621 |             -0.476 |               2.38 |               1.54 |               74.8 |
                200 |             -0.654 |             -0.531 |               1.99 |               1.49 |               74.6 |
                300 |             -0.705 |             -0.628 |               2.24 |               1.27 |               74.6 |
                400 |             -0.774 |             -0.602 |               1.27 |               1.19 |               74.7 |
                500 |             -0.823 |             -0.541 |               1.96 |              0.928 |               74.7 |
                600 |             -0.964 |             -0.549 |               1.43 |              0.928 |               74.6 |
                700 |             -0.618 |             -0.553 |               1.03 |               0.84 |               74.7 |
                800 |             -0.915 |               -0.6 |               1.34 |              0.462 |               74.8 |
                900 |             -0.846 |             -0.522 |               1.16 |              0.462 |               74.7 |
Training complete: 
   Data path: /work/qgan/data/train/base-qml_torch-q8-noiseless-PSR-aerCPU-rand0.25-seed0 
   Best eval: 0.4619781407908085 
   Total time: 747.157407283783

Running: /work/qgan/data/train/base-qml_torch-q8-noiseless-PSR-aerCPU-rand0.5-seed0/config.yaml
Training data file created.
              Epoch |     Generator cost | Discriminator cost |               Eval |          Best eval |               Time |
                  0 |              -0.38 |             -0.501 |               2.63 |               2.63 |              0.773 |
                100 |             -0.157 |             -0.578 |               3.49 |               1.84 |               74.9 |
                200 |             -0.374 |             -0.698 |               2.22 |               1.66 |               74.6 |
                300 |             -0.639 |             -0.666 |               2.63 |               1.48 |               74.7 |
                400 |             -0.871 |             -0.634 |               2.58 |               1.48 |               74.7 |
                500 |             -0.422 |             -0.705 |               2.39 |               1.47 |                 75 |
                600 |             -0.917 |             -0.605 |               2.55 |                1.4 |               74.7 |
                700 |             -0.827 |             -0.715 |               2.39 |                1.4 |               74.9 |
                800 |             -0.533 |             -0.675 |               2.67 |               1.21 |               74.8 |
                900 |             -0.627 |             -0.647 |               2.74 |               1.21 |               74.6 |
Training complete: 
   Data path: /work/qgan/data/train/base-qml_torch-q8-noiseless-PSR-aerCPU-rand0.5-seed0 
   Best eval: 1.2135869978578957 
   Total time: 747.6982254981995

Running: /work/qgan/data/train/base-qml_torch-q8-noiseless-PSR-aerCPU-rand1-seed0/config.yaml
Training data file created.
              Epoch |     Generator cost | Discriminator cost |               Eval |          Best eval |               Time |
                  0 |             -0.579 |             -0.496 |               3.16 |               3.16 |              0.771 |
                100 |             -0.481 |             -0.512 |               2.78 |               2.07 |               74.7 |
                200 |              -0.66 |              -0.72 |               1.55 |               1.55 |               74.7 |
                300 |             -0.681 |             -0.731 |               2.47 |               1.55 |               74.7 |
                400 |             -0.766 |             -0.731 |               3.29 |               1.55 |               74.7 |
                500 |             -0.505 |             -0.745 |               3.61 |               1.55 |               74.9 |
                600 |             -0.753 |             -0.888 |               4.28 |               1.55 |               74.6 |
                700 |             -0.686 |             -0.858 |               3.37 |               1.55 |               74.8 |
                800 |             -0.479 |              -0.78 |               3.27 |               1.55 |               74.8 |
                900 |             -0.632 |             -0.826 |                3.5 |               1.55 |               74.6 |
Training complete: 
   Data path: /work/qgan/data/train/base-qml_torch-q8-noiseless-PSR-aerCPU-rand1-seed0 
   Best eval: 1.5463586698993514 
   Total time: 747.3668150901794

Running: /work/qgan/data/train/base-qml_torch-q8-noiseless-PSR-aerCPU-rand0-seed1/config.yaml
              Epoch |     Generator cost | Discriminator cost |               Eval |          Best eval |               Time |
Training complete: 
   Data path: /work/qgan/data/train/base-qml_torch-q8-noiseless-PSR-aerCPU-rand0-seed1 
   Best eval: 1.6863784709236123 
   Total time: 729.1364035606384

Running: /work/qgan/data/train/base-qml_torch-q8-noiseless-PSR-aerCPU-rand0.1-seed1/config.yaml
              Epoch |     Generator cost | Discriminator cost |               Eval |          Best eval |               Time |
Training complete: 
   Data path: /work/qgan/data/train/base-qml_torch-q8-noiseless-PSR-aerCPU-rand0.1-seed1 
   Best eval: 0.3987385211036858 
   Total time: 748.1434607505798

Running: /work/qgan/data/train/base-qml_torch-q8-noiseless-PSR-aerCPU-rand0.25-seed1/config.yaml
Training data file created.
              Epoch |     Generator cost | Discriminator cost |               Eval |          Best eval |               Time |
                  0 |             -0.805 |             -0.364 |               2.61 |               2.61 |              0.772 |
                100 |              -0.78 |             -0.475 |               3.06 |                2.3 |               74.7 |
                200 |             -0.595 |             -0.576 |               3.01 |               1.74 |               74.6 |
                300 |             -0.759 |              -0.55 |               1.83 |               1.51 |               74.7 |
                400 |             -0.882 |             -0.602 |               1.82 |               1.43 |               74.7 |
                500 |             -0.738 |             -0.577 |               2.24 |              0.853 |               74.8 |
                600 |             -0.723 |             -0.599 |                1.5 |              0.853 |               74.6 |
                700 |             -0.813 |             -0.598 |               1.25 |              0.853 |               74.8 |
                800 |             -0.783 |             -0.548 |               0.38 |              0.167 |               74.8 |
                900 |             -0.765 |             -0.596 |               1.02 |              0.167 |               74.6 |
Training complete: 
   Data path: /work/qgan/data/train/base-qml_torch-q8-noiseless-PSR-aerCPU-rand0.25-seed1 
   Best eval: 0.1672675037974649 
   Total time: 747.0157608985901

Running: /work/qgan/data/train/base-qml_torch-q8-noiseless-PSR-aerCPU-rand0.5-seed1/config.yaml
Training data file created.
              Epoch |     Generator cost | Discriminator cost |               Eval |          Best eval |               Time |
                  0 |             -0.504 |             -0.462 |               2.93 |               2.93 |              0.772 |
                100 |             -0.476 |             -0.681 |               2.96 |               2.12 |               74.7 |
                200 |              -0.76 |             -0.628 |               3.33 |               1.51 |               74.8 |
                300 |             -0.339 |             -0.854 |               2.08 |               1.51 |               74.6 |
                400 |             -0.776 |             -0.734 |               2.46 |               1.51 |               74.9 |
                500 |             -0.687 |             -0.705 |               4.21 |               1.51 |               74.9 |
                600 |             -0.876 |             -0.734 |               3.01 |               1.51 |               74.7 |
                700 |              -0.84 |             -0.776 |                3.2 |               1.51 |               74.8 |
                800 |             -0.595 |             -0.693 |               3.62 |               1.51 |               74.8 |
                900 |             -0.553 |             -0.748 |               3.28 |               1.51 |               74.7 |
Training complete: 
   Data path: /work/qgan/data/train/base-qml_torch-q8-noiseless-PSR-aerCPU-rand0.5-seed1 
   Best eval: 1.5093357771018598 
   Total time: 747.7383472919464

Running: /work/qgan/data/train/base-qml_torch-q8-noiseless-PSR-aerCPU-rand1-seed1/config.yaml
Training data file created.
              Epoch |     Generator cost | Discriminator cost |               Eval |          Best eval |               Time |
                  0 |             -0.657 |             -0.625 |               3.67 |               3.67 |              0.768 |
                100 |              -0.58 |             -0.628 |               4.69 |                  2 |               74.8 |
                200 |             -0.714 |             -0.686 |               2.87 |               1.95 |               74.8 |
                300 |             -0.173 |             -0.905 |               2.01 |               1.95 |               74.6 |
                400 |             -0.233 |             -0.671 |               2.84 |               1.68 |               74.8 |
                500 |             -0.352 |             -0.918 |               2.83 |               1.68 |               74.9 |
                600 |            -0.0307 |             -0.908 |               2.85 |               1.62 |               74.7 |
                700 |             -0.422 |             -0.768 |               1.99 |               1.62 |               74.7 |
                800 |            -0.0957 |             -0.807 |               3.37 |               1.62 |               74.7 |
                900 |             -0.412 |             -0.645 |               3.41 |               1.55 |               74.6 |
Training complete: 
   Data path: /work/qgan/data/train/base-qml_torch-q8-noiseless-PSR-aerCPU-rand1-seed1 
   Best eval: 1.552096054152246 
   Total time: 747.3166103363037

Running: /work/qgan/data/train/base-qml_torch-q8-noiseless-PSR-aerCPU-rand0-seed2/config.yaml
              Epoch |     Generator cost | Discriminator cost |               Eval |          Best eval |               Time |
Training complete: 
   Data path: /work/qgan/data/train/base-qml_torch-q8-noiseless-PSR-aerCPU-rand0-seed2 
   Best eval: 1.7288426468844649 
   Total time: 728.0568962097168

Running: /work/qgan/data/train/base-qml_torch-q8-noiseless-PSR-aerCPU-rand0.1-seed2/config.yaml
              Epoch |     Generator cost | Discriminator cost |               Eval |          Best eval |               Time |
Training complete: 
   Data path: /work/qgan/data/train/base-qml_torch-q8-noiseless-PSR-aerCPU-rand0.1-seed2 
   Best eval: 0.6551434264281902 
   Total time: 747.6866648197174

Running: /work/qgan/data/train/base-qml_torch-q8-noiseless-PSR-aerCPU-rand0.25-seed2/config.yaml
Training data file created.
              Epoch |     Generator cost | Discriminator cost |               Eval |          Best eval |               Time |
                  0 |             -0.613 |             -0.488 |               4.01 |               4.01 |              0.771 |
                100 |             -0.798 |             -0.459 |               3.18 |               2.14 |               74.9 |
                200 |             -0.693 |             -0.568 |                2.4 |               1.48 |               74.9 |
                300 |             -0.539 |              -0.64 |               2.61 |               1.36 |               74.8 |
                400 |             -0.837 |             -0.602 |               2.11 |               1.36 |               74.8 |
                500 |             -0.618 |             -0.587 |               1.86 |               1.36 |               74.8 |
                600 |             -0.673 |             -0.607 |               1.51 |              0.663 |               74.7 |
                700 |             -0.718 |             -0.554 |               1.01 |              0.614 |               74.9 |
                800 |             -0.548 |             -0.587 |               1.47 |              0.521 |               74.8 |
                900 |             -0.825 |             -0.515 |                1.1 |              0.426 |               74.8 |
Training complete: 
   Data path: /work/qgan/data/train/base-qml_torch-q8-noiseless-PSR-aerCPU-rand0.25-seed2 
   Best eval: 0.4263039922954993 
   Total time: 748.3097715377808

Running: /work/qgan/data/train/base-qml_torch-q8-noiseless-PSR-aerCPU-rand0.5-seed2/config.yaml
Training data file created.
              Epoch |     Generator cost | Discriminator cost |               Eval |          Best eval |               Time |
                  0 |              -0.58 |             -0.487 |                4.5 |                4.5 |              0.768 |
                100 |             -0.623 |             -0.694 |               2.24 |               1.35 |               74.8 |
                200 |             -0.619 |             -0.724 |                3.9 |               1.35 |               74.8 |
                300 |             -0.762 |             -0.621 |               1.92 |               1.35 |               74.6 |
                400 |             -0.813 |             -0.591 |               3.99 |               1.35 |               74.8 |
                500 |              -0.55 |             -0.692 |               4.08 |               1.34 |               74.8 |
                600 |             -0.626 |             -0.723 |               3.48 |               1.34 |               74.6 |
                700 |             -0.581 |             -0.618 |               2.55 |               1.34 |               74.8 |
                800 |             -0.709 |             -0.597 |               3.03 |               1.34 |               74.9 |
                900 |             -0.889 |             -0.573 |               2.65 |               1.34 |               74.8 |
Training complete: 
   Data path: /work/qgan/data/train/base-qml_torch-q8-noiseless-PSR-aerCPU-rand0.5-seed2 
   Best eval: 1.2855090553516106 
   Total time: 747.7945699691772

Running: /work/qgan/data/train/base-qml_torch-q8-noiseless-PSR-aerCPU-rand1-seed2/config.yaml
Training data file created.
              Epoch |     Generator cost | Discriminator cost |               Eval |          Best eval |               Time |
                  0 |             -0.554 |             -0.349 |               2.59 |               2.59 |              0.771 |
                100 |             -0.311 |             -0.723 |               3.79 |               1.47 |               74.8 |
                200 |             -0.114 |              -0.63 |               3.41 |               1.47 |               74.8 |
                300 |             -0.739 |             -0.518 |               3.82 |               1.35 |               74.7 |
                400 |             -0.378 |             -0.653 |               4.36 |               1.35 |               74.8 |
                500 |              -0.52 |             -0.624 |               4.83 |               1.27 |               74.8 |
                600 |              -0.53 |             -0.584 |               1.99 |               1.27 |               74.6 |
                700 |             -0.322 |             -0.651 |                2.8 |               1.27 |               74.9 |
                800 |             -0.409 |             -0.685 |               3.98 |               1.27 |               74.8 |
                900 |             -0.652 |             -0.837 |               3.17 |               1.27 |               74.9 |
Training complete: 
   Data path: /work/qgan/data/train/base-qml_torch-q8-noiseless-PSR-aerCPU-rand1-seed2 
   Best eval: 1.2678080684031214 
   Total time: 748.3410151004791

Running: /work/qgan/data/train/base-qml_torch-q4-noiseless-SPSA-aerCPU-rand0-seed0/config.yaml
              Epoch |     Generator cost | Discriminator cost |               Eval |          Best eval |               Time |
Training complete: 
   Data path: /work/qgan/data/train/base-qml_torch-q4-noiseless-SPSA-aerCPU-rand0-seed0 
   Best eval: 2.1219741718974454 
   Total time: 17.322895765304565

Running: /work/qgan/data/train/base-qml_torch-q4-noiseless-SPSA-aerCPU-rand0.1-seed0/config.yaml
              Epoch |     Generator cost | Discriminator cost |               Eval |          Best eval |               Time |
Training complete: 
   Data path: /work/qgan/data/train/base-qml_torch-q4-noiseless-SPSA-aerCPU-rand0.1-seed0 
   Best eval: 1.2026274958142367 
   Total time: 17.98263430595398

Running: /work/qgan/data/train/base-qml_torch-q4-noiseless-SPSA-aerCPU-rand0.25-seed0/config.yaml
Training data file created.
              Epoch |     Generator cost | Discriminator cost |               Eval |          Best eval |               Time |
                  0 |             -0.514 |              -0.47 |               1.34 |               1.34 |              0.018 |
                100 |             -0.521 |             -0.497 |               1.21 |              0.182 |               1.66 |
                200 |             -0.516 |             -0.489 |               1.49 |              0.182 |               1.66 |
                300 |             -0.481 |             -0.319 |               1.04 |              0.182 |               1.66 |
                400 |             -0.549 |             -0.314 |               1.92 |              0.182 |               1.66 |
                500 |             -0.668 |             -0.429 |               2.08 |              0.182 |               1.66 |
                600 |             -0.575 |              -0.48 |              0.526 |              0.182 |               1.66 |
                700 |             -0.702 |             -0.515 |               2.58 |              0.182 |               1.66 |
                800 |             -0.739 |              -0.45 |               2.03 |              0.182 |               1.66 |
                900 |             -0.567 |             -0.447 |               3.59 |              0.182 |               1.66 |
Training complete: 
   Data path: /work/qgan/data/train/base-qml_torch-q4-noiseless-SPSA-aerCPU-rand0.25-seed0 
   Best eval: 0.18172545119059683 
   Total time: 16.59700608253479

Running: /work/qgan/data/train/base-qml_torch-q4-noiseless-SPSA-aerCPU-rand0.5-seed0/config.yaml
Training data file created.
              Epoch |     Generator cost | Discriminator cost |               Eval |          Best eval |               Time |
                  0 |             -0.522 |             -0.527 |              0.536 |              0.536 |              0.017 |
                100 |             -0.302 |             -0.551 |               2.22 |              0.363 |               1.66 |
                200 |             -0.561 |             -0.564 |               1.98 |              0.363 |               1.66 |
                300 |             -0.707 |             -0.486 |                2.7 |              0.247 |               1.66 |
                400 |              -0.44 |             -0.498 |                2.9 |              0.247 |               1.66 |
                500 |             -0.535 |             -0.487 |               1.38 |              0.247 |               1.66 |
                600 |             -0.419 |             -0.506 |               2.18 |              0.247 |               1.66 |
                700 |             -0.336 |             -0.514 |               3.92 |              0.247 |               1.66 |
                800 |              -0.49 |             -0.528 |               4.24 |              0.247 |               1.66 |
                900 |             -0.325 |             -0.444 |               3.35 |              0.247 |               1.66 |
Training complete: 
   Data path: /work/qgan/data/train/base-qml_torch-q4-noiseless-SPSA-aerCPU-rand0.5-seed0 
   Best eval: 0.24731916158309572 
   Total time: 16.585028648376465

Running: /work/qgan/data/train/base-qml_torch-q4-noiseless-SPSA-aerCPU-rand1-seed0/config.yaml
Training data file created.
              Epoch |     Generator cost | Discriminator cost |               Eval |          Best eval |               Time |
                  0 |             -0.578 |             -0.479 |               1.53 |               1.53 |             0.0171 |
                100 |               -0.6 |             -0.503 |               2.36 |              0.428 |               1.66 |
                200 |             -0.526 |             -0.475 |               2.74 |              0.183 |               1.66 |
                300 |             -0.521 |             -0.474 |               2.61 |              0.183 |               1.66 |
                400 |             -0.535 |             -0.436 |               1.93 |              0.183 |               1.66 |
                500 |             -0.239 |             -0.681 |              0.708 |              0.183 |               1.66 |
                600 |             -0.351 |             -0.679 |              0.415 |              0.183 |               1.66 |
                700 |             -0.846 |             -0.685 |                3.7 |              0.183 |               1.66 |
                800 |             -0.109 |             -0.555 |               2.29 |              0.183 |               1.66 |
                900 |             -0.906 |             -0.639 |               2.72 |              0.183 |               1.66 |
Training complete: 
   Data path: /work/qgan/data/train/base-qml_torch-q4-noiseless-SPSA-aerCPU-rand1-seed0 
   Best eval: 0.18345888443667607 
   Total time: 16.631089687347412

Running: /work/qgan/data/train/base-qml_torch-q4-noiseless-SPSA-aerCPU-rand0-seed1/config.yaml
              Epoch |     Generator cost | Discriminator cost |               Eval |          Best eval |               Time |
Training complete: 
   Data path: /work/qgan/data/train/base-qml_torch-q4-noiseless-SPSA-aerCPU-rand0-seed1 
   Best eval: 2.609908192375396 
   Total time: 17.39880394935608

Running: /work/qgan/data/train/base-qml_torch-q4-noiseless-SPSA-aerCPU-rand0.1-seed1/config.yaml
              Epoch |     Generator cost | Discriminator cost |               Eval |          Best eval |               Time |
Training complete: 
   Data path: /work/qgan/data/train/base-qml_torch-q4-noiseless-SPSA-aerCPU-rand0.1-seed1 
   Best eval: 1.6396665227024805 
   Total time: 18.029388666152954

Running: /work/qgan/data/train/base-qml_torch-q4-noiseless-SPSA-aerCPU-rand0.25-seed1/config.yaml
Training data file created.
              Epoch |     Generator cost | Discriminator cost |               Eval |          Best eval |               Time |
                  0 |             -0.583 |             -0.382 |               1.67 |               1.67 |             0.0172 |
                100 |             -0.774 |             -0.478 |               2.26 |              0.442 |               1.66 |
                200 |             -0.642 |             -0.509 |               2.23 |              0.442 |               1.66 |
                300 |              -0.53 |             -0.605 |               1.58 |              0.422 |               1.66 |
                400 |             -0.708 |             -0.578 |              0.733 |              0.422 |               1.82 |
                500 |             -0.702 |             -0.611 |               3.89 |              0.422 |               1.66 |
                600 |             -0.774 |             -0.518 |               3.34 |              0.422 |               1.65 |
                700 |             -0.775 |             -0.542 |               2.94 |              0.422 |               1.66 |
                800 |             -0.793 |              -0.48 |               1.81 |              0.422 |               1.66 |
                900 |             -0.801 |             -0.499 |               2.45 |              0.422 |               1.66 |
Training complete: 
   Data path: /work/qgan/data/train/base-qml_torch-q4-noiseless-SPSA-aerCPU-rand0.25-seed1 
   Best eval: 0.42160751945599595 
   Total time: 16.73964762687683

Running: /work/qgan/data/train/base-qml_torch-q4-noiseless-SPSA-aerCPU-rand0.5-seed1/config.yaml
Training data file created.
              Epoch |     Generator cost | Discriminator cost |               Eval |          Best eval |               Time |
                  0 |             -0.448 |             -0.434 |               0.35 |               0.35 |             0.0169 |
                100 |             -0.486 |             -0.589 |               2.99 |              0.171 |               1.66 |
                200 |             -0.431 |             -0.549 |               2.13 |              0.171 |               1.65 |
                300 |             -0.539 |             -0.591 |               1.51 |              0.171 |               1.66 |
                400 |             -0.302 |             -0.619 |               4.08 |              0.171 |               1.65 |
                500 |             -0.629 |             -0.541 |               3.18 |              0.171 |               1.66 |
                600 |             -0.306 |             -0.672 |               2.87 |              0.171 |               1.66 |
                700 |             -0.455 |             -0.729 |               3.65 |              0.171 |               1.66 |
                800 |             -0.449 |             -0.563 |               2.14 |              0.171 |               1.65 |
                900 |             -0.367 |              -0.66 |               1.84 |              0.171 |               1.65 |
Training complete: 
   Data path: /work/qgan/data/train/base-qml_torch-q4-noiseless-SPSA-aerCPU-rand0.5-seed1 
   Best eval: 0.1712181038244395 
   Total time: 16.553502321243286

Running: /work/qgan/data/train/base-qml_torch-q4-noiseless-SPSA-aerCPU-rand1-seed1/config.yaml
Training data file created.
              Epoch |     Generator cost | Discriminator cost |               Eval |          Best eval |               Time |
                  0 |             -0.595 |              -0.56 |               3.21 |               3.21 |             0.0169 |
                100 |             -0.397 |             -0.506 |               1.86 |              0.438 |               1.66 |
                200 |             -0.583 |             -0.514 |               4.43 |              0.337 |               1.66 |
                300 |             -0.605 |              -0.54 |               3.21 |              0.265 |               1.66 |
                400 |             -0.819 |              -0.53 |               2.19 |              0.265 |               1.66 |
                500 |             -0.639 |             -0.624 |               3.61 |              0.202 |               1.66 |
                600 |             -0.298 |             -0.469 |              0.537 |              0.202 |               1.66 |
                700 |             -0.782 |             -0.555 |               2.45 |              0.202 |               1.66 |
                800 |             -0.728 |             -0.811 |               2.27 |              0.202 |               1.66 |
                900 |              -0.19 |             -0.658 |                  3 |              0.202 |               1.66 |
Training complete: 
   Data path: /work/qgan/data/train/base-qml_torch-q4-noiseless-SPSA-aerCPU-rand1-seed1 
   Best eval: 0.20042458360732893 
   Total time: 16.56827211380005

Running: /work/qgan/data/train/base-qml_torch-q4-noiseless-SPSA-aerCPU-rand0-seed2/config.yaml
              Epoch |     Generator cost | Discriminator cost |               Eval |          Best eval |               Time |
Training complete: 
   Data path: /work/qgan/data/train/base-qml_torch-q4-noiseless-SPSA-aerCPU-rand0-seed2 
   Best eval: 3.287063167943513 
   Total time: 17.389567375183105

Running: /work/qgan/data/train/base-qml_torch-q4-noiseless-SPSA-aerCPU-rand0.1-seed2/config.yaml
              Epoch |     Generator cost | Discriminator cost |               Eval |          Best eval |               Time |
Training complete: 
   Data path: /work/qgan/data/train/base-qml_torch-q4-noiseless-SPSA-aerCPU-rand0.1-seed2 
   Best eval: 1.7345702113092127 
   Total time: 18.042015314102173

Running: /work/qgan/data/train/base-qml_torch-q4-noiseless-SPSA-aerCPU-rand0.25-seed2/config.yaml
Training data file created.
              Epoch |     Generator cost | Discriminator cost |               Eval |          Best eval |               Time |
                  0 |             -0.634 |             -0.456 |               4.75 |               4.75 |             0.0172 |
                100 |             -0.681 |             -0.288 |               3.79 |              0.665 |               1.66 |
                200 |              -0.71 |             -0.455 |               2.15 |              0.602 |               1.66 |
                300 |             -0.693 |             -0.432 |               2.67 |              0.315 |               1.66 |
                400 |             -0.659 |             -0.362 |               3.12 |              0.315 |               1.66 |
                500 |             -0.836 |              -0.32 |               3.39 |              0.315 |               1.66 |
                600 |               -0.8 |              -0.31 |               3.27 |              0.315 |               1.66 |
                700 |             -0.871 |             -0.423 |               2.12 |              0.315 |               1.66 |
                800 |             -0.788 |             -0.301 |               1.53 |              0.315 |               1.66 |
                900 |             -0.903 |             -0.409 |               3.03 |              0.315 |               1.65 |
Training complete: 
   Data path: /work/qgan/data/train/base-qml_torch-q4-noiseless-SPSA-aerCPU-rand0.25-seed2 
   Best eval: 0.3154518681649891 
   Total time: 16.56805181503296

Running: /work/qgan/data/train/base-qml_torch-q4-noiseless-SPSA-aerCPU-rand0.5-seed2/config.yaml
Training data file created.
              Epoch |     Generator cost | Discriminator cost |               Eval |          Best eval |               Time |
                  0 |             -0.426 |             -0.467 |               3.17 |               3.17 |              0.017 |
                100 |             -0.462 |             -0.486 |               1.49 |              0.234 |               1.66 |
                200 |             -0.336 |              -0.46 |               4.54 |              0.234 |               1.66 |
                300 |             -0.493 |             -0.505 |               2.45 |              0.234 |               1.66 |
                400 |             -0.473 |              -0.51 |               1.89 |              0.234 |               1.66 |
                500 |              -0.23 |             -0.534 |               3.47 |              0.157 |               1.66 |
                600 |             -0.434 |             -0.625 |               4.47 |              0.124 |               1.66 |
                700 |             -0.313 |             -0.738 |              0.859 |              0.124 |               1.66 |
                800 |             -0.287 |             -0.711 |               2.31 |              0.124 |               1.66 |
                900 |             -0.359 |             -0.681 |               2.33 |              0.124 |               1.66 |
Training complete: 
   Data path: /work/qgan/data/train/base-qml_torch-q4-noiseless-SPSA-aerCPU-rand0.5-seed2 
   Best eval: 0.1243871564755615 
   Total time: 16.573079824447632

Running: /work/qgan/data/train/base-qml_torch-q4-noiseless-SPSA-aerCPU-rand1-seed2/config.yaml
Training data file created.
              Epoch |     Generator cost | Discriminator cost |               Eval |          Best eval |               Time |
                  0 |             -0.471 |             -0.425 |                3.6 |                3.6 |             0.0171 |
                100 |             -0.461 |             -0.524 |               1.27 |              0.606 |               1.66 |
                200 |             -0.477 |              -0.48 |               1.68 |              0.111 |               1.66 |
                300 |             -0.665 |             -0.416 |               3.37 |              0.111 |               1.66 |
                400 |              -0.51 |             -0.458 |               3.91 |              0.111 |               1.66 |
                500 |             -0.278 |             -0.595 |               1.23 |              0.111 |               1.66 |
                600 |             -0.648 |             -0.549 |                2.5 |              0.111 |               1.66 |
                700 |             -0.729 |             -0.403 |               2.49 |              0.111 |               1.66 |
                800 |              -0.78 |             -0.384 |              0.737 |              0.111 |               1.66 |
                900 |             -0.809 |             -0.697 |                4.8 |              0.111 |               1.66 |
Training complete: 
   Data path: /work/qgan/data/train/base-qml_torch-q4-noiseless-SPSA-aerCPU-rand1-seed2 
   Best eval: 0.1106099106904172 
   Total time: 16.586471557617188

Running: /work/qgan/data/train/base-qml_torch-q8-noiseless-SPSA-aerCPU-rand0-seed0/config.yaml
              Epoch |     Generator cost | Discriminator cost |               Eval |          Best eval |               Time |
Training complete: 
   Data path: /work/qgan/data/train/base-qml_torch-q8-noiseless-SPSA-aerCPU-rand0-seed0 
   Best eval: 4.338015893539522 
   Total time: 25.716158151626587

Running: /work/qgan/data/train/base-qml_torch-q8-noiseless-SPSA-aerCPU-rand0.1-seed0/config.yaml
              Epoch |     Generator cost | Discriminator cost |               Eval |          Best eval |               Time |
Training complete: 
   Data path: /work/qgan/data/train/base-qml_torch-q8-noiseless-SPSA-aerCPU-rand0.1-seed0 
   Best eval: 3.0399165875488445 
   Total time: 27.243826389312744

Running: /work/qgan/data/train/base-qml_torch-q8-noiseless-SPSA-aerCPU-rand0.25-seed0/config.yaml
Training data file created.
              Epoch |     Generator cost | Discriminator cost |               Eval |          Best eval |               Time |
                  0 |             -0.588 |             -0.493 |               3.11 |               3.11 |             0.0276 |
                100 |             -0.432 |             -0.478 |               2.56 |               1.78 |               2.69 |
                200 |             -0.588 |             -0.568 |                2.4 |               1.78 |               2.69 |
                300 |             -0.582 |             -0.527 |               2.76 |               1.78 |               2.69 |
                400 |             -0.637 |             -0.496 |               3.73 |               1.39 |               2.69 |
                500 |             -0.538 |             -0.573 |               2.03 |               1.09 |               2.69 |
                600 |             -0.569 |             -0.571 |               2.78 |               1.09 |               2.69 |
                700 |             -0.698 |              -0.46 |               3.54 |               1.09 |               2.69 |
                800 |             -0.586 |              -0.57 |               2.39 |               1.09 |               2.69 |
                900 |             -0.662 |             -0.414 |               2.39 |               1.09 |               2.69 |
Training complete: 
   Data path: /work/qgan/data/train/base-qml_torch-q8-noiseless-SPSA-aerCPU-rand0.25-seed0 
   Best eval: 1.0939260823524946 
   Total time: 26.899335145950317

Running: /work/qgan/data/train/base-qml_torch-q8-noiseless-SPSA-aerCPU-rand0.5-seed0/config.yaml
Training data file created.
              Epoch |     Generator cost | Discriminator cost |               Eval |          Best eval |               Time |
                  0 |             -0.424 |             -0.468 |               2.85 |               2.85 |             0.0274 |
                100 |             -0.242 |             -0.506 |               3.37 |               1.98 |               2.69 |
                200 |             -0.461 |             -0.563 |               3.19 |               1.98 |               2.69 |
                300 |             -0.336 |             -0.631 |               4.99 |                1.6 |               2.69 |
                400 |             -0.451 |             -0.641 |               3.96 |               1.56 |               2.69 |
                500 |             -0.554 |             -0.635 |               3.09 |               1.56 |               2.69 |
                600 |             -0.268 |             -0.628 |               2.55 |               1.56 |               2.69 |
                700 |             -0.402 |             -0.751 |               2.46 |               1.56 |               2.69 |
                800 |             -0.474 |              -0.44 |               3.53 |               1.56 |               2.69 |
                900 |             -0.717 |             -0.815 |               2.85 |               1.18 |               2.69 |
Training complete: 
   Data path: /work/qgan/data/train/base-qml_torch-q8-noiseless-SPSA-aerCPU-rand0.5-seed0 
   Best eval: 1.1803825144186368 
   Total time: 26.903247594833374

Running: /work/qgan/data/train/base-qml_torch-q8-noiseless-SPSA-aerCPU-rand1-seed0/config.yaml
Training data file created.
              Epoch |     Generator cost | Discriminator cost |               Eval |          Best eval |               Time |
                  0 |             -0.621 |             -0.504 |               3.09 |               3.09 |             0.0276 |
                100 |              -0.48 |             -0.458 |               3.04 |               2.11 |               2.69 |
                200 |             -0.343 |             -0.505 |               1.73 |               1.69 |                2.7 |
                300 |             -0.423 |             -0.479 |               2.64 |               1.69 |               2.69 |
                400 |              -0.48 |             -0.407 |               2.83 |               1.69 |                2.7 |
                500 |             -0.688 |             -0.488 |               4.03 |               1.69 |                2.7 |
                600 |             -0.667 |             -0.477 |               5.23 |               1.69 |                2.7 |
                700 |              -0.35 |             -0.497 |               3.44 |               1.69 |                2.7 |
                800 |             -0.255 |             -0.495 |               3.78 |               1.69 |                2.7 |
                900 |             -0.475 |             -0.583 |               4.81 |               1.69 |                2.7 |
Training complete: 
   Data path: /work/qgan/data/train/base-qml_torch-q8-noiseless-SPSA-aerCPU-rand1-seed0 
   Best eval: 1.6935801576297531 
   Total time: 26.97699999809265

Running: /work/qgan/data/train/base-qml_torch-q8-noiseless-SPSA-aerCPU-rand0-seed1/config.yaml
              Epoch |     Generator cost | Discriminator cost |               Eval |          Best eval |               Time |
Training complete: 
   Data path: /work/qgan/data/train/base-qml_torch-q8-noiseless-SPSA-aerCPU-rand0-seed1 
   Best eval: 4.242178849004887 
   Total time: 25.65489888191223

Running: /work/qgan/data/train/base-qml_torch-q8-noiseless-SPSA-aerCPU-rand0.1-seed1/config.yaml
              Epoch |     Generator cost | Discriminator cost |               Eval |          Best eval |               Time |
Training complete: 
   Data path: /work/qgan/data/train/base-qml_torch-q8-noiseless-SPSA-aerCPU-rand0.1-seed1 
   Best eval: 3.2415920118001647 
   Total time: 27.093212604522705

Running: /work/qgan/data/train/base-qml_torch-q8-noiseless-SPSA-aerCPU-rand0.25-seed1/config.yaml
Training data file created.
              Epoch |     Generator cost | Discriminator cost |               Eval |          Best eval |               Time |
                  0 |             -0.757 |             -0.363 |               2.64 |               2.64 |             0.0278 |
                100 |             -0.775 |             -0.347 |               3.08 |               2.53 |                2.7 |
                200 |             -0.544 |             -0.425 |               3.19 |               2.43 |                2.7 |
                300 |             -0.835 |             -0.476 |               3.66 |               2.38 |                2.7 |
                400 |             -0.829 |             -0.475 |               3.45 |               2.37 |                2.7 |
                500 |             -0.875 |             -0.394 |               4.18 |               2.37 |               2.87 |
                600 |             -0.828 |             -0.411 |               3.08 |               2.37 |               2.68 |
                700 |             -0.801 |             -0.453 |               2.89 |               2.13 |               2.69 |
                800 |             -0.838 |             -0.553 |                2.6 |               2.05 |               2.69 |
                900 |             -0.789 |             -0.528 |               2.67 |               2.01 |               2.69 |
Training complete: 
   Data path: /work/qgan/data/train/base-qml_torch-q8-noiseless-SPSA-aerCPU-rand0.25-seed1 
   Best eval: 1.9696602665051337 
   Total time: 27.106932640075684

Running: /work/qgan/data/train/base-qml_torch-q8-noiseless-SPSA-aerCPU-rand0.5-seed1/config.yaml
Training data file created.
              Epoch |     Generator cost | Discriminator cost |               Eval |          Best eval |               Time |
                  0 |             -0.474 |             -0.463 |               2.95 |               2.95 |             0.0273 |
                100 |             -0.515 |             -0.517 |               3.29 |               2.14 |               2.69 |
                200 |             -0.465 |             -0.627 |               3.23 |               1.94 |               2.69 |
                300 |             -0.521 |             -0.583 |               2.52 |               1.94 |               2.68 |
                400 |             -0.555 |             -0.575 |                3.6 |               1.94 |               2.68 |
                500 |             -0.491 |             -0.669 |                3.1 |               1.89 |               2.69 |
                600 |             -0.524 |             -0.524 |               2.51 |               1.89 |               2.69 |
                700 |             -0.372 |             -0.544 |               3.06 |               1.89 |               2.69 |
                800 |             -0.851 |             -0.678 |               3.63 |               1.71 |               2.69 |
                900 |             -0.378 |             -0.778 |               3.39 |               1.71 |               2.69 |
Training complete: 
   Data path: /work/qgan/data/train/base-qml_torch-q8-noiseless-SPSA-aerCPU-rand0.5-seed1 
   Best eval: 1.7115343738158486 
   Total time: 26.86920928955078

Running: /work/qgan/data/train/base-qml_torch-q8-noiseless-SPSA-aerCPU-rand1-seed1/config.yaml
Training data file created.
              Epoch |     Generator cost | Discriminator cost |               Eval |          Best eval |               Time |
                  0 |             -0.644 |             -0.636 |               3.69 |               3.69 |             0.0273 |
                100 |             -0.516 |             -0.504 |               4.57 |               2.22 |               2.69 |
                200 |             -0.566 |             -0.533 |               2.86 |               2.09 |                2.7 |
                300 |             -0.525 |             -0.531 |               2.37 |               2.02 |               2.69 |
                400 |             -0.435 |             -0.446 |               2.82 |               1.68 |               2.69 |
                500 |              -0.37 |             -0.666 |               3.09 |               1.57 |               2.69 |
                600 |             -0.279 |             -0.677 |               2.54 |               1.57 |               2.69 |
                700 |             -0.425 |              -0.63 |               2.25 |               1.57 |               2.69 |
                800 |             -0.354 |             -0.714 |               3.42 |               1.57 |               2.69 |
                900 |             -0.505 |             -0.633 |               3.77 |               1.57 |               2.69 |
Training complete: 
   Data path: /work/qgan/data/train/base-qml_torch-q8-noiseless-SPSA-aerCPU-rand1-seed1 
   Best eval: 1.4480864828230935 
   Total time: 26.934030532836914

Running: /work/qgan/data/train/base-qml_torch-q8-noiseless-SPSA-aerCPU-rand0-seed2/config.yaml
              Epoch |     Generator cost | Discriminator cost |               Eval |          Best eval |               Time |
Training complete: 
   Data path: /work/qgan/data/train/base-qml_torch-q8-noiseless-SPSA-aerCPU-rand0-seed2 
   Best eval: 6.4609239218774634 
   Total time: 25.698079347610474

Running: /work/qgan/data/train/base-qml_torch-q8-noiseless-SPSA-aerCPU-rand0.1-seed2/config.yaml
              Epoch |     Generator cost | Discriminator cost |               Eval |          Best eval |               Time |
Training complete: 
   Data path: /work/qgan/data/train/base-qml_torch-q8-noiseless-SPSA-aerCPU-rand0.1-seed2 
   Best eval: 3.3102955727497276 
   Total time: 27.120625972747803

Running: /work/qgan/data/train/base-qml_torch-q8-noiseless-SPSA-aerCPU-rand0.25-seed2/config.yaml
Training data file created.
              Epoch |     Generator cost | Discriminator cost |               Eval |          Best eval |               Time |
                  0 |             -0.627 |             -0.475 |               3.92 |               3.92 |             0.0277 |
                100 |             -0.618 |             -0.402 |               3.79 |               2.38 |               2.69 |
                200 |             -0.802 |             -0.575 |               4.23 |               2.38 |               2.69 |
                300 |             -0.531 |             -0.537 |               4.11 |               2.36 |               2.69 |
                400 |              -0.76 |             -0.531 |               4.13 |               2.35 |               2.69 |
                500 |             -0.687 |             -0.471 |               3.86 |               2.15 |               2.69 |
                600 |             -0.866 |             -0.569 |               4.37 |               2.15 |               2.69 |
                700 |             -0.693 |             -0.571 |               3.79 |               2.15 |               2.69 |
                800 |             -0.643 |             -0.493 |               5.19 |               2.03 |               2.69 |
                900 |             -0.564 |             -0.478 |               4.38 |               2.03 |               2.69 |
Training complete: 
   Data path: /work/qgan/data/train/base-qml_torch-q8-noiseless-SPSA-aerCPU-rand0.25-seed2 
   Best eval: 2.032769497076075 
   Total time: 26.90416717529297

Running: /work/qgan/data/train/base-qml_torch-q8-noiseless-SPSA-aerCPU-rand0.5-seed2/config.yaml
Training data file created.
              Epoch |     Generator cost | Discriminator cost |               Eval |          Best eval |               Time |
                  0 |             -0.587 |             -0.514 |               4.62 |               4.62 |             0.0273 |
                100 |             -0.681 |             -0.605 |               2.35 |                1.4 |               2.69 |
                200 |             -0.403 |             -0.608 |                4.2 |                1.4 |               2.69 |
                300 |             -0.779 |              -0.46 |               2.56 |                1.4 |               2.69 |
                400 |             -0.538 |             -0.587 |               4.26 |                1.4 |               2.69 |
                500 |              -0.35 |             -0.733 |               4.77 |                1.4 |               2.69 |
                600 |             -0.801 |             -0.469 |               3.79 |                1.4 |               2.69 |
                700 |             -0.342 |             -0.761 |               3.65 |                1.4 |               2.69 |
                800 |             -0.294 |             -0.783 |               3.57 |                1.4 |               2.69 |
                900 |             -0.302 |             -0.649 |               3.17 |                1.4 |               2.69 |
Training complete: 
   Data path: /work/qgan/data/train/base-qml_torch-q8-noiseless-SPSA-aerCPU-rand0.5-seed2 
   Best eval: 1.4018147590159937 
   Total time: 26.915736436843872

Running: /work/qgan/data/train/base-qml_torch-q8-noiseless-SPSA-aerCPU-rand1-seed2/config.yaml
Training data file created.
              Epoch |     Generator cost | Discriminator cost |               Eval |          Best eval |               Time |
                  0 |             -0.539 |             -0.381 |               2.55 |               2.55 |             0.0274 |
                100 |               -0.5 |             -0.543 |               4.06 |               1.39 |               2.69 |
                200 |             -0.403 |             -0.514 |               2.86 |               1.39 |               2.69 |
                300 |             -0.458 |             -0.564 |               3.47 |               1.39 |                2.7 |
                400 |              -0.56 |             -0.569 |               3.32 |               1.39 |               2.69 |
                500 |             -0.496 |             -0.654 |               5.02 |               1.39 |               2.69 |
                600 |             -0.515 |             -0.539 |               2.06 |               1.39 |                2.7 |
                700 |             -0.293 |             -0.565 |               2.97 |               1.39 |               2.69 |
                800 |             -0.663 |             -0.607 |               4.21 |               1.39 |               2.69 |
                900 |             -0.747 |             -0.687 |               2.99 |               1.39 |                2.7 |
Training complete: 
   Data path: /work/qgan/data/train/base-qml_torch-q8-noiseless-SPSA-aerCPU-rand1-seed2 
   Best eval: 1.390108381961785 
   Total time: 26.94755268096924

Running: /work/qgan/data/train/base-qml_torch-q4-noiseless-REG-aerCPU-rand0-seed0/config.yaml
              Epoch |     Generator cost | Discriminator cost |               Eval |          Best eval |               Time |
Training complete: 
   Data path: /work/qgan/data/train/base-qml_torch-q4-noiseless-REG-aerCPU-rand0-seed0 
   Best eval: 0.05970192186316298 
   Total time: 88.09816813468933

Running: /work/qgan/data/train/base-qml_torch-q4-noiseless-REG-aerCPU-rand0.1-seed0/config.yaml
              Epoch |     Generator cost | Discriminator cost |               Eval |          Best eval |               Time |
Training complete: 
   Data path: /work/qgan/data/train/base-qml_torch-q4-noiseless-REG-aerCPU-rand0.1-seed0 
   Best eval: 0.005809960932847386 
   Total time: 89.94545602798462

Running: /work/qgan/data/train/base-qml_torch-q4-noiseless-REG-aerCPU-rand0.25-seed0/config.yaml
Training data file created.
              Epoch |     Generator cost | Discriminator cost |               Eval |          Best eval |               Time |
                  0 |             -0.462 |             -0.456 |               1.27 |               1.27 |              0.122 |
                100 |             -0.825 |             -0.541 |               1.48 |              0.186 |               8.35 |
                200 |             -0.928 |             -0.526 |               1.77 |              0.186 |                8.2 |
                300 |             -0.755 |              -0.59 |               1.82 |              0.186 |                8.2 |
                400 |             -0.875 |             -0.625 |               1.66 |              0.186 |               8.18 |
                500 |             -0.934 |             -0.534 |              0.392 |              0.186 |               8.41 |
                600 |              -0.88 |             -0.523 |               2.09 |              0.186 |               8.19 |
                700 |             -0.878 |             -0.555 |              0.924 |              0.186 |               8.17 |
                800 |             -0.999 |             -0.502 |                2.1 |              0.186 |               8.18 |
                900 |             -0.847 |             -0.604 |                2.9 |              0.186 |               8.45 |
Training complete: 
   Data path: /work/qgan/data/train/base-qml_torch-q4-noiseless-REG-aerCPU-rand0.25-seed0 
   Best eval: 0.18585784052594292 
   Total time: 82.57416319847107

Running: /work/qgan/data/train/base-qml_torch-q4-noiseless-REG-aerCPU-rand0.5-seed0/config.yaml
Training data file created.
              Epoch |     Generator cost | Discriminator cost |               Eval |          Best eval |               Time |
                  0 |             -0.521 |             -0.544 |              0.539 |              0.539 |              0.121 |
                100 |             -0.202 |             -0.644 |               3.15 |               0.38 |               8.18 |
                200 |             -0.409 |             -0.558 |               1.68 |               0.38 |               8.17 |
                300 |             -0.882 |             -0.619 |               2.06 |               0.38 |               8.43 |
                400 |             -0.822 |             -0.616 |               3.96 |               0.38 |               8.17 |
                500 |             -0.859 |              -0.67 |               2.54 |               0.38 |               8.16 |
                600 |             -0.477 |             -0.635 |               1.76 |               0.38 |               8.15 |
                700 |             -0.619 |             -0.766 |               1.02 |               0.38 |                8.4 |
                800 |             -0.778 |             -0.586 |                  2 |               0.38 |               8.16 |
                900 |             -0.645 |             -0.662 |                1.5 |               0.38 |               8.15 |
Training complete: 
   Data path: /work/qgan/data/train/base-qml_torch-q4-noiseless-REG-aerCPU-rand0.5-seed0 
   Best eval: 0.3795076419026248 
   Total time: 82.16608715057373

Running: /work/qgan/data/train/base-qml_torch-q4-noiseless-REG-aerCPU-rand1-seed0/config.yaml
Training data file created.
              Epoch |     Generator cost | Discriminator cost |               Eval |          Best eval |               Time |
                  0 |             -0.593 |             -0.455 |               1.52 |               1.52 |               0.37 |
                100 |             -0.359 |             -0.614 |               2.02 |              0.451 |               8.16 |
                200 |             -0.183 |             -0.682 |               2.73 |              0.133 |               8.12 |
                300 |              -0.87 |             -0.613 |               2.85 |              0.133 |               8.14 |
                400 |             -0.563 |             -0.528 |               2.19 |              0.133 |               8.38 |
                500 |             -0.384 |             -0.914 |              0.642 |              0.133 |               8.14 |
                600 |            -0.0838 |             -0.942 |               0.46 |              0.133 |               8.17 |
                700 |              -0.49 |             -0.825 |               1.92 |              0.133 |               8.15 |
                800 |             -0.104 |             -0.746 |               1.62 |              0.133 |               8.41 |
                900 |             -0.772 |             -0.591 |               1.96 |              0.133 |               8.13 |
Training complete: 
   Data path: /work/qgan/data/train/base-qml_torch-q4-noiseless-REG-aerCPU-rand1-seed0 
   Best eval: 0.13326352266369274 
   Total time: 82.23202896118164

Running: /work/qgan/data/train/base-qml_torch-q4-noiseless-REG-aerCPU-rand0-seed1/config.yaml
              Epoch |     Generator cost | Discriminator cost |               Eval |          Best eval |               Time |
Training complete: 
   Data path: /work/qgan/data/train/base-qml_torch-q4-noiseless-REG-aerCPU-rand0-seed1 
   Best eval: 0.052741173144040976 
   Total time: 89.0452892780304

Running: /work/qgan/data/train/base-qml_torch-q4-noiseless-REG-aerCPU-rand0.1-seed1/config.yaml
              Epoch |     Generator cost | Discriminator cost |               Eval |          Best eval |               Time |
Training complete: 
   Data path: /work/qgan/data/train/base-qml_torch-q4-noiseless-REG-aerCPU-rand0.1-seed1 
   Best eval: 0.01083077665024143 
   Total time: 90.7177300453186

Running: /work/qgan/data/train/base-qml_torch-q4-noiseless-REG-aerCPU-rand0.25-seed1/config.yaml
Training data file created.
              Epoch |     Generator cost | Discriminator cost |               Eval |          Best eval |               Time |
                  0 |             -0.552 |             -0.399 |               1.67 |               1.67 |               0.12 |
                100 |             -0.862 |             -0.482 |               1.69 |              0.433 |               8.18 |
                200 |              -0.72 |             -0.597 |               3.05 |              0.433 |               8.39 |
                300 |             -0.783 |             -0.561 |              0.942 |             0.0402 |               8.21 |
                400 |             -0.927 |             -0.616 |              0.481 |             0.0402 |               8.19 |
                500 |             -0.862 |              -0.58 |              0.989 |             0.0402 |               8.21 |
                600 |              -0.83 |             -0.566 |              0.303 |             0.0374 |                8.4 |
                700 |             -0.895 |             -0.623 |              0.354 |             0.0127 |               8.21 |
                800 |             -0.807 |             -0.567 |              0.334 |             0.0127 |               8.18 |
                900 |             -0.874 |             -0.577 |              0.263 |             0.0127 |               8.18 |
Training complete: 
   Data path: /work/qgan/data/train/base-qml_torch-q4-noiseless-REG-aerCPU-rand0.25-seed1 
   Best eval: 0.012693229686294188 
   Total time: 82.61270499229431

Running: /work/qgan/data/train/base-qml_torch-q4-noiseless-REG-aerCPU-rand0.5-seed1/config.yaml
Training data file created.
              Epoch |     Generator cost | Discriminator cost |               Eval |          Best eval |               Time |
                  0 |             -0.457 |              -0.46 |              0.352 |              0.352 |              0.121 |
                100 |              -0.43 |             -0.586 |               2.58 |              0.203 |               8.22 |
                200 |              -0.65 |             -0.542 |               2.32 |              0.203 |               8.22 |
                300 |             -0.443 |             -0.771 |               2.39 |              0.203 |               8.21 |
                400 |             -0.831 |             -0.732 |               2.06 |              0.203 |               8.43 |
                500 |             -0.737 |             -0.667 |                3.4 |              0.203 |               8.24 |
                600 |             -0.637 |             -0.651 |               1.01 |              0.203 |               8.22 |
                700 |             -0.759 |             -0.721 |               1.57 |              0.203 |               8.22 |
                800 |             -0.666 |             -0.757 |               1.42 |              0.203 |               8.43 |
                900 |             -0.612 |             -0.566 |               1.82 |              0.203 |               8.21 |
Training complete: 
   Data path: /work/qgan/data/train/base-qml_torch-q4-noiseless-REG-aerCPU-rand0.5-seed1 
   Best eval: 0.20312371208914665 
   Total time: 82.63710951805115

Running: /work/qgan/data/train/base-qml_torch-q4-noiseless-REG-aerCPU-rand1-seed1/config.yaml
Training data file created.
              Epoch |     Generator cost | Discriminator cost |               Eval |          Best eval |               Time |
                  0 |              -0.61 |             -0.571 |               3.29 |               3.29 |               0.12 |
                100 |              -0.41 |             -0.673 |               1.85 |               0.54 |               8.44 |
                200 |             -0.598 |             -0.655 |               4.78 |              0.341 |               8.17 |
                300 |             -0.854 |              -0.69 |               2.94 |              0.311 |                8.2 |
                400 |              -0.85 |             -0.596 |               2.64 |              0.311 |                8.2 |
                500 |             -0.632 |             -0.802 |               2.54 |              0.311 |               8.45 |
                600 |            -0.0151 |               -0.6 |              0.896 |              0.311 |               8.17 |
                700 |              -0.53 |              -0.67 |               1.93 |              0.311 |               8.21 |
                800 |             -0.595 |             -0.857 |               3.17 |              0.311 |               8.19 |
                900 |             -0.252 |             -0.599 |               1.33 |              0.311 |               8.43 |
Training complete: 
   Data path: /work/qgan/data/train/base-qml_torch-q4-noiseless-REG-aerCPU-rand1-seed1 
   Best eval: 0.25013889401764144 
   Total time: 82.67325472831726

Running: /work/qgan/data/train/base-qml_torch-q4-noiseless-REG-aerCPU-rand0-seed2/config.yaml
              Epoch |     Generator cost | Discriminator cost |               Eval |          Best eval |               Time |
Training complete: 
   Data path: /work/qgan/data/train/base-qml_torch-q4-noiseless-REG-aerCPU-rand0-seed2 
   Best eval: 0.0012138125964342716 
   Total time: 88.73275804519653

Running: /work/qgan/data/train/base-qml_torch-q4-noiseless-REG-aerCPU-rand0.1-seed2/config.yaml
              Epoch |     Generator cost | Discriminator cost |               Eval |          Best eval |               Time |
Training complete: 
   Data path: /work/qgan/data/train/base-qml_torch-q4-noiseless-REG-aerCPU-rand0.1-seed2 
   Best eval: 0.036377327634683126 
   Total time: 90.26302433013916

Running: /work/qgan/data/train/base-qml_torch-q4-noiseless-REG-aerCPU-rand0.25-seed2/config.yaml
Training data file created.
              Epoch |     Generator cost | Discriminator cost |               Eval |          Best eval |               Time |
                  0 |             -0.649 |             -0.456 |               4.84 |               4.84 |               0.12 |
                100 |             -0.842 |             -0.276 |               2.71 |              0.968 |               8.14 |
                200 |             -0.744 |             -0.526 |              0.866 |              0.809 |               8.15 |
                300 |             -0.701 |             -0.515 |              0.369 |              0.314 |               8.37 |
                400 |             -0.813 |             -0.551 |              0.744 |              0.165 |               8.17 |
                500 |             -0.737 |             -0.573 |               1.06 |              0.165 |               8.15 |
                600 |             -0.877 |             -0.527 |               2.64 |              0.154 |               8.16 |
                700 |             -0.885 |             -0.619 |               1.86 |              0.154 |               8.36 |
                800 |             -0.905 |             -0.523 |              0.319 |              0.154 |               8.14 |
                900 |             -0.927 |             -0.611 |               1.26 |              0.154 |               8.12 |
Training complete: 
   Data path: /work/qgan/data/train/base-qml_torch-q4-noiseless-REG-aerCPU-rand0.25-seed2 
   Best eval: 0.15414557498435472 
   Total time: 81.95048093795776

Running: /work/qgan/data/train/base-qml_torch-q4-noiseless-REG-aerCPU-rand0.5-seed2/config.yaml
Training data file created.
              Epoch |     Generator cost | Discriminator cost |               Eval |          Best eval |               Time |
                  0 |             -0.406 |             -0.464 |               3.48 |               3.48 |               0.12 |
                100 |             -0.301 |             -0.598 |                1.9 |              0.208 |               8.36 |
                200 |             -0.324 |             -0.786 |               2.29 |              0.208 |               8.16 |
                300 |             -0.378 |             -0.749 |               1.76 |              0.208 |               8.14 |
                400 |             -0.811 |             -0.762 |              0.984 |              0.208 |               8.16 |
                500 |             -0.582 |             -0.708 |               2.94 |              0.208 |               8.37 |
                600 |             -0.646 |             -0.758 |                  2 |              0.208 |               8.16 |
                700 |             -0.762 |             -0.701 |               1.02 |              0.208 |               8.15 |
                800 |             -0.785 |             -0.553 |               1.54 |              0.208 |               8.17 |
                900 |             -0.448 |             -0.812 |              0.203 |              0.203 |               8.36 |
Training complete: 
   Data path: /work/qgan/data/train/base-qml_torch-q4-noiseless-REG-aerCPU-rand0.5-seed2 
   Best eval: 0.054307109888477895 
   Total time: 82.20164060592651

Running: /work/qgan/data/train/base-qml_torch-q4-noiseless-REG-aerCPU-rand1-seed2/config.yaml
Training data file created.
              Epoch |     Generator cost | Discriminator cost |               Eval |          Best eval |               Time |
                  0 |             -0.459 |              -0.42 |               3.63 |               3.63 |               0.12 |
                100 |             -0.486 |             -0.617 |               1.18 |              0.447 |               8.15 |
                200 |             -0.246 |             -0.725 |               1.88 |             0.0912 |               8.16 |
                300 |             -0.797 |             -0.623 |                3.7 |             0.0912 |               8.37 |
                400 |             -0.438 |             -0.742 |               4.97 |             0.0912 |               8.16 |
                500 |               -0.2 |             -0.761 |               1.41 |             0.0912 |               8.14 |
                600 |              -0.75 |             -0.738 |               2.68 |             0.0912 |               8.17 |
                700 |             -0.396 |              -0.61 |                2.5 |             0.0912 |               8.37 |
                800 |             -0.824 |             -0.676 |              0.691 |             0.0912 |               8.17 |
                900 |              -0.72 |             -0.843 |               3.11 |             0.0912 |               8.14 |
Training complete: 
   Data path: /work/qgan/data/train/base-qml_torch-q4-noiseless-REG-aerCPU-rand1-seed2 
   Best eval: 0.09115693506703904 
   Total time: 82.04855680465698

Running: /work/qgan/data/train/base-qml_torch-q8-noiseless-REG-aerCPU-rand0-seed0/config.yaml
              Epoch |     Generator cost | Discriminator cost |               Eval |          Best eval |               Time |
Training complete: 
   Data path: /work/qgan/data/train/base-qml_torch-q8-noiseless-REG-aerCPU-rand0-seed0 
   Best eval: 1.1864990649449068 
   Total time: 780.5913679599762

Running: /work/qgan/data/train/base-qml_torch-q8-noiseless-REG-aerCPU-rand0.1-seed0/config.yaml
              Epoch |     Generator cost | Discriminator cost |               Eval |          Best eval |               Time |
Training complete: 
   Data path: /work/qgan/data/train/base-qml_torch-q8-noiseless-REG-aerCPU-rand0.1-seed0 
   Best eval: 1.0423015655503498 
   Total time: 727.1981558799744

Running: /work/qgan/data/train/base-qml_torch-q8-noiseless-REG-aerCPU-rand0.25-seed0/config.yaml
Training data file created.
              Epoch |     Generator cost | Discriminator cost |               Eval |          Best eval |               Time |
                  0 |             -0.595 |             -0.483 |                3.1 |                3.1 |               1.17 |
                100 |             -0.614 |              -0.48 |               1.77 |               1.39 |               71.7 |
                200 |             -0.645 |              -0.52 |               1.77 |               1.39 |               71.8 |
                300 |              -0.72 |             -0.629 |               2.44 |               1.27 |               71.8 |
                400 |             -0.674 |             -0.611 |               1.71 |               1.27 |               71.8 |
                500 |             -0.736 |             -0.602 |               1.83 |               1.08 |               71.8 |
                600 |             -0.885 |             -0.554 |               1.77 |                  1 |                 72 |
                700 |             -0.868 |             -0.595 |               1.51 |              0.611 |               71.8 |
                800 |             -0.823 |              -0.62 |               1.73 |              0.611 |               71.9 |
                900 |             -0.778 |             -0.586 |              0.979 |              0.611 |               71.9 |
Training complete: 
   Data path: /work/qgan/data/train/base-qml_torch-q8-noiseless-REG-aerCPU-rand0.25-seed0 
   Best eval: 0.6108972870692825 
   Total time: 719.0475273132324

Running: /work/qgan/data/train/base-qml_torch-q8-noiseless-REG-aerCPU-rand0.5-seed0/config.yaml
Training data file created.
              Epoch |     Generator cost | Discriminator cost |               Eval |          Best eval |               Time |
                  0 |             -0.443 |             -0.487 |               2.65 |               2.65 |               1.17 |
                100 |             -0.206 |             -0.609 |               3.55 |               1.84 |               71.7 |
                200 |             -0.437 |             -0.643 |               2.02 |               1.61 |               71.6 |
                300 |             -0.648 |             -0.631 |               3.49 |               1.42 |               71.5 |
                400 |             -0.645 |             -0.661 |               3.41 |               1.42 |               71.6 |
                500 |             -0.683 |             -0.728 |               1.77 |               1.22 |               71.3 |
                600 |             -0.535 |              -0.62 |               3.94 |               1.22 |               71.6 |
                700 |             -0.555 |             -0.736 |               2.29 |               1.22 |               71.6 |
                800 |             -0.594 |              -0.72 |               3.07 |               1.22 |               71.6 |
                900 |             -0.511 |             -0.643 |               3.22 |               1.13 |               71.6 |
Training complete: 
   Data path: /work/qgan/data/train/base-qml_torch-q8-noiseless-REG-aerCPU-rand0.5-seed0 
   Best eval: 1.1275061600640781 
   Total time: 715.9785418510437

Running: /work/qgan/data/train/base-qml_torch-q8-noiseless-REG-aerCPU-rand1-seed0/config.yaml
Training data file created.
              Epoch |     Generator cost | Discriminator cost |               Eval |          Best eval |               Time |
                  0 |             -0.585 |             -0.499 |                3.1 |                3.1 |               1.25 |
                100 |             -0.509 |             -0.519 |               2.65 |               2.04 |               78.3 |
                200 |              -0.62 |             -0.728 |               1.23 |               1.23 |                 78 |
                300 |             -0.552 |              -0.75 |               2.17 |               1.23 |               78.2 |
                400 |             -0.732 |             -0.724 |               3.21 |               1.23 |               78.2 |
                500 |             -0.437 |             -0.782 |               3.79 |               1.23 |               78.3 |
                600 |             -0.715 |             -0.831 |               3.75 |               1.23 |               78.3 |
                700 |             -0.652 |             -0.819 |               3.05 |               1.23 |               78.4 |
                800 |             -0.522 |             -0.795 |               3.09 |               1.23 |               78.3 |
                900 |             -0.603 |              -0.82 |               3.09 |               1.23 |               78.1 |
Training complete: 
   Data path: /work/qgan/data/train/base-qml_torch-q8-noiseless-REG-aerCPU-rand1-seed0 
   Best eval: 1.2284309960609963 
   Total time: 782.8466584682465

Running: /work/qgan/data/train/base-qml_torch-q8-noiseless-REG-aerCPU-rand0-seed1/config.yaml
              Epoch |     Generator cost | Discriminator cost |               Eval |          Best eval |               Time |
Training complete: 
   Data path: /work/qgan/data/train/base-qml_torch-q8-noiseless-REG-aerCPU-rand0-seed1 
   Best eval: 1.2743898726593939 
   Total time: 729.3590018749237

Running: /work/qgan/data/train/base-qml_torch-q8-noiseless-REG-aerCPU-rand0.1-seed1/config.yaml
              Epoch |     Generator cost | Discriminator cost |               Eval |          Best eval |               Time |
Training complete: 
   Data path: /work/qgan/data/train/base-qml_torch-q8-noiseless-REG-aerCPU-rand0.1-seed1 
   Best eval: 1.717332198996596 
   Total time: 735.8978252410889

Running: /work/qgan/data/train/base-qml_torch-q8-noiseless-REG-aerCPU-rand0.25-seed1/config.yaml
Training data file created.
              Epoch |     Generator cost | Discriminator cost |               Eval |          Best eval |               Time |
                  0 |             -0.791 |             -0.379 |               2.63 |               2.63 |               1.17 |
                100 |             -0.775 |             -0.516 |               2.87 |               2.05 |               72.2 |
                200 |             -0.592 |             -0.658 |                2.8 |               1.62 |               72.2 |
                300 |             -0.647 |             -0.618 |               1.86 |               1.56 |               72.2 |
                400 |             -0.755 |             -0.672 |                2.1 |                1.2 |               72.2 |
                500 |             -0.707 |             -0.607 |               2.74 |               1.16 |               72.1 |
                600 |               -0.8 |              -0.55 |               1.55 |              0.814 |               72.1 |
                700 |             -0.908 |             -0.541 |               1.42 |              0.814 |               71.8 |
                800 |             -0.964 |             -0.572 |               2.36 |              0.814 |               72.1 |
                900 |             -0.826 |             -0.616 |               1.68 |              0.814 |               72.3 |
Training complete: 
   Data path: /work/qgan/data/train/base-qml_torch-q8-noiseless-REG-aerCPU-rand0.25-seed1 
   Best eval: 0.8144800251381262 
   Total time: 722.0619351863861

Running: /work/qgan/data/train/base-qml_torch-q8-noiseless-REG-aerCPU-rand0.5-seed1/config.yaml
Training data file created.
              Epoch |     Generator cost | Discriminator cost |               Eval |          Best eval |               Time |
                  0 |             -0.469 |             -0.441 |               2.92 |               2.92 |               1.17 |
                100 |             -0.474 |             -0.689 |               3.29 |               2.02 |                 72 |
                200 |             -0.794 |             -0.631 |               3.05 |               1.52 |                 72 |
                300 |             -0.333 |             -0.883 |               2.01 |               1.52 |               71.9 |
                400 |             -0.756 |             -0.716 |               2.63 |               1.52 |               71.7 |
                500 |             -0.705 |             -0.736 |               3.73 |               1.52 |                 72 |
                600 |             -0.904 |             -0.738 |                3.2 |               1.52 |               71.9 |
                700 |             -0.707 |             -0.752 |               3.58 |               1.52 |                 72 |
                800 |              -0.75 |             -0.712 |               3.09 |               1.52 |                 72 |
                900 |             -0.501 |              -0.74 |               2.93 |               1.52 |                 72 |
Training complete: 
   Data path: /work/qgan/data/train/base-qml_torch-q8-noiseless-REG-aerCPU-rand0.5-seed1 
   Best eval: 1.3371093534393383 
   Total time: 720.0044364929199

Running: /work/qgan/data/train/base-qml_torch-q8-noiseless-REG-aerCPU-rand1-seed1/config.yaml
Training data file created.
              Epoch |     Generator cost | Discriminator cost |               Eval |          Best eval |               Time |
                  0 |             -0.661 |             -0.622 |               3.64 |               3.64 |               1.17 |
                100 |             -0.583 |             -0.656 |               4.82 |               1.95 |               72.3 |
                200 |             -0.654 |             -0.709 |               2.92 |               1.95 |               72.1 |
                300 |             -0.186 |             -0.898 |               2.57 |               1.95 |               72.3 |
                400 |             -0.224 |              -0.67 |               2.89 |               1.95 |               72.3 |
                500 |             -0.348 |             -0.923 |                3.2 |               1.95 |               72.4 |
                600 |            -0.0427 |             -0.927 |               2.84 |               1.95 |               72.3 |
                700 |             -0.437 |             -0.793 |               2.05 |               1.95 |               72.4 |
                800 |             -0.136 |             -0.819 |               3.66 |               1.93 |               71.9 |
                900 |             -0.412 |             -0.626 |               3.27 |               1.93 |               72.1 |
Training complete: 
   Data path: /work/qgan/data/train/base-qml_torch-q8-noiseless-REG-aerCPU-rand1-seed1 
   Best eval: 1.8566307387579317 
   Total time: 722.8221819400787

Running: /work/qgan/data/train/base-qml_torch-q8-noiseless-REG-aerCPU-rand0-seed2/config.yaml
              Epoch |     Generator cost | Discriminator cost |               Eval |          Best eval |               Time |
Training complete: 
   Data path: /work/qgan/data/train/base-qml_torch-q8-noiseless-REG-aerCPU-rand0-seed2 
   Best eval: 0.8115031265757385 
   Total time: 732.1766719818115

Running: /work/qgan/data/train/base-qml_torch-q8-noiseless-REG-aerCPU-rand0.1-seed2/config.yaml
              Epoch |     Generator cost | Discriminator cost |               Eval |          Best eval |               Time |
Training complete: 
   Data path: /work/qgan/data/train/base-qml_torch-q8-noiseless-REG-aerCPU-rand0.1-seed2 
   Best eval: 0.41432543336384425 
   Total time: 735.5277254581451

Running: /work/qgan/data/train/base-qml_torch-q8-noiseless-REG-aerCPU-rand0.25-seed2/config.yaml
Training data file created.
              Epoch |     Generator cost | Discriminator cost |               Eval |          Best eval |               Time |
                  0 |             -0.651 |              -0.45 |               3.87 |               3.87 |               1.28 |
                100 |             -0.761 |             -0.466 |               2.51 |               1.97 |               80.3 |
                200 |             -0.753 |             -0.555 |               2.62 |               1.56 |               80.4 |
                300 |             -0.556 |             -0.684 |               2.03 |               1.35 |               80.5 |
                400 |             -0.787 |             -0.568 |               2.67 |               1.35 |               80.5 |
                500 |             -0.594 |             -0.585 |               1.99 |               1.35 |               80.6 |
                600 |             -0.655 |             -0.612 |               3.61 |               1.35 |               80.3 |
                700 |             -0.747 |              -0.59 |               2.83 |               1.35 |               80.5 |
                800 |             -0.813 |             -0.584 |               2.66 |               1.29 |               80.6 |
                900 |             -0.862 |             -0.571 |               1.88 |               1.09 |               80.5 |
Training complete: 
   Data path: /work/qgan/data/train/base-qml_torch-q8-noiseless-REG-aerCPU-rand0.25-seed2 
   Best eval: 0.8622417630611294 
   Total time: 805.1159014701843

Running: /work/qgan/data/train/base-qml_torch-q8-noiseless-REG-aerCPU-rand0.5-seed2/config.yaml
Training data file created.
              Epoch |     Generator cost | Discriminator cost |               Eval |          Best eval |               Time |
                  0 |             -0.588 |             -0.516 |                4.5 |                4.5 |               1.17 |
                100 |             -0.611 |             -0.694 |               2.39 |               1.36 |               72.2 |
                200 |             -0.593 |             -0.769 |                3.8 |               1.36 |               72.3 |
                300 |             -0.696 |             -0.631 |               2.36 |               1.36 |               72.2 |
                400 |             -0.565 |             -0.647 |               4.47 |               1.36 |               72.4 |
                500 |             -0.663 |             -0.703 |                5.4 |               1.36 |               72.4 |
                600 |             -0.787 |             -0.691 |               3.58 |               1.36 |               72.4 |
                700 |              -0.56 |             -0.711 |               5.16 |               1.36 |               72.5 |
                800 |             -0.534 |             -0.691 |               3.81 |               1.16 |               72.5 |
                900 |             -0.561 |             -0.701 |               3.95 |               0.89 |               72.4 |
Training complete: 
   Data path: /work/qgan/data/train/base-qml_torch-q8-noiseless-REG-aerCPU-rand0.5-seed2 
   Best eval: 0.8900892813106355 
   Total time: 723.9515106678009

Running: /work/qgan/data/train/base-qml_torch-q8-noiseless-REG-aerCPU-rand1-seed2/config.yaml
Training data file created.
              Epoch |     Generator cost | Discriminator cost |               Eval |          Best eval |               Time |
                  0 |             -0.557 |             -0.352 |               2.57 |               2.57 |               1.17 |
                100 |             -0.284 |             -0.707 |               3.89 |               1.34 |               72.1 |
                200 |              -0.11 |             -0.582 |                2.7 |               1.34 |               72.2 |
                300 |             -0.742 |             -0.529 |               3.26 |               1.34 |                 72 |
                400 |             -0.462 |             -0.677 |                4.1 |               1.34 |                 72 |
                500 |             -0.492 |             -0.647 |               5.36 |               1.34 |                 72 |
                600 |              -0.55 |             -0.606 |               2.31 |               1.34 |                 72 |
                700 |             -0.316 |             -0.711 |               2.96 |               1.34 |               71.8 |
                800 |             -0.398 |             -0.688 |               3.51 |               1.34 |                 72 |
                900 |             -0.791 |             -0.858 |               2.85 |               1.34 |                 72 |
Training complete: 
   Data path: /work/qgan/data/train/base-qml_torch-q8-noiseless-REG-aerCPU-rand1-seed2 
   Best eval: 1.3418220803583423 
   Total time: 720.7016923427582

Running: /work/qgan/data/train/ang-qml_torch-q4-noiseless-PSR-aerCPU-rand0-seed0/config.yaml
              Epoch |     Generator cost | Discriminator cost |               Eval |          Best eval |               Time |
Training complete: 
   Data path: /work/qgan/data/train/ang-qml_torch-q4-noiseless-PSR-aerCPU-rand0-seed0 
   Best eval: -0.0 
   Total time: 2716.3326091766357

Running: /work/qgan/data/train/ang-qml_torch-q4-noiseless-PSR-aerCPU-rand0.1-seed0/config.yaml
              Epoch |     Generator cost | Discriminator cost |               Eval |          Best eval |               Time |
Training complete: 
   Data path: /work/qgan/data/train/ang-qml_torch-q4-noiseless-PSR-aerCPU-rand0.1-seed0 
   Best eval: -0.0 
   Total time: 2727.44722366333

Running: /work/qgan/data/train/ang-qml_torch-q4-noiseless-PSR-aerCPU-rand0.25-seed0/config.yaml
Training data file created.
              Epoch |     Generator cost | Discriminator cost |               Eval |          Best eval |               Time |
                  0 |               -0.5 |             -0.512 |             0.0914 |             0.0914 |               2.43 |
                100 |             -0.899 |             -0.537 |              0.109 |             0.0257 |                242 |
                200 |               -0.8 |             -0.531 |             0.0346 |            0.00369 |                241 |
                300 |             -0.912 |             -0.573 |             0.0194 |            0.00037 |                242 |
                400 |              -0.88 |             -0.534 |             0.0214 |            0.00037 |                242 |
                500 |             -0.875 |             -0.543 |             0.0252 |            0.00037 |                242 |
                600 |             -0.908 |             -0.536 |              0.035 |            0.00037 |                242 |
                700 |             -0.894 |             -0.556 |              0.055 |            0.00037 |                242 |
                800 |             -0.878 |             -0.533 |              0.034 |            0.00037 |                242 |
                900 |              -0.93 |             -0.528 |             0.0241 |            0.00037 |                242 |
Training complete: 
   Data path: /work/qgan/data/train/ang-qml_torch-q4-noiseless-PSR-aerCPU-rand0.25-seed0 
   Best eval: 4.352442920207977e-05 
   Total time: 2415.681962966919

Running: /work/qgan/data/train/ang-qml_torch-q4-noiseless-PSR-aerCPU-rand0.5-seed0/config.yaml
Training data file created.
              Epoch |     Generator cost | Discriminator cost |               Eval |          Best eval |               Time |
                  0 |             -0.532 |             -0.552 |              0.437 |              0.437 |               2.42 |
                100 |             -0.812 |             -0.579 |              0.351 |              0.117 |                242 |
                200 |             -0.719 |             -0.649 |              0.519 |              0.117 |                241 |
                300 |             -0.709 |             -0.629 |              0.309 |              0.117 |                241 |
                400 |               -0.6 |             -0.588 |              0.214 |              0.117 |                241 |
                500 |              -0.77 |             -0.674 |              0.256 |              0.102 |                242 |
                600 |             -0.847 |             -0.692 |              0.215 |              0.102 |                241 |
                700 |             -0.714 |             -0.681 |              0.242 |              0.102 |                241 |
                800 |             -0.756 |             -0.596 |             0.0964 |             0.0843 |                241 |
                900 |             -0.819 |             -0.588 |              0.229 |             0.0843 |                242 |
Training complete: 
   Data path: /work/qgan/data/train/ang-qml_torch-q4-noiseless-PSR-aerCPU-rand0.5-seed0 
   Best eval: 0.06900441646575928 
   Total time: 2414.5861728191376

Running: /work/qgan/data/train/ang-qml_torch-q4-noiseless-PSR-aerCPU-rand1-seed0/config.yaml
Training data file created.
              Epoch |     Generator cost | Discriminator cost |               Eval |          Best eval |               Time |
                  0 |             -0.466 |             -0.538 |              0.195 |              0.195 |               2.42 |
                100 |             -0.523 |             -0.808 |              0.234 |             0.0821 |                241 |
                200 |              -0.51 |             -0.553 |              0.161 |             0.0821 |                242 |
                300 |             -0.635 |             -0.925 |              0.328 |             0.0606 |                241 |
                400 |             -0.287 |             -0.802 |              0.312 |             0.0606 |                241 |
                500 |             -0.434 |             -0.806 |              0.232 |             0.0606 |                241 |
                600 |             -0.427 |             -0.751 |              0.306 |             0.0606 |                242 |
                700 |             -0.476 |             -0.631 |              0.236 |             0.0269 |                241 |
                800 |             -0.546 |             -0.766 |              0.345 |             0.0269 |                241 |
                900 |             -0.435 |              -0.82 |                0.1 |             0.0269 |                241 |
Training complete: 
   Data path: /work/qgan/data/train/ang-qml_torch-q4-noiseless-PSR-aerCPU-rand1-seed0 
   Best eval: 0.026870576664805412 
   Total time: 2413.2832930088043

Running: /work/qgan/data/train/ang-qml_torch-q4-noiseless-PSR-aerCPU-rand0-seed1/config.yaml
              Epoch |     Generator cost | Discriminator cost |               Eval |          Best eval |               Time |
Training complete: 
   Data path: /work/qgan/data/train/ang-qml_torch-q4-noiseless-PSR-aerCPU-rand0-seed1 
   Best eval: -0.0 
   Total time: 2700.010246992111

Running: /work/qgan/data/train/ang-qml_torch-q4-noiseless-PSR-aerCPU-rand0.1-seed1/config.yaml
              Epoch |     Generator cost | Discriminator cost |               Eval |          Best eval |               Time |
Training complete: 
   Data path: /work/qgan/data/train/ang-qml_torch-q4-noiseless-PSR-aerCPU-rand0.1-seed1 
   Best eval: -0.0 
   Total time: 2682.7985677719116

Running: /work/qgan/data/train/ang-qml_torch-q4-noiseless-PSR-aerCPU-rand0.25-seed1/config.yaml
Training data file created.
              Epoch |     Generator cost | Discriminator cost |               Eval |          Best eval |               Time |
                  0 |             -0.459 |              -0.56 |             0.0065 |             0.0065 |               2.58 |
                100 |             -0.743 |             -0.553 |             0.0138 |                 -0 |                241 |
                200 |             -0.912 |             -0.584 |             0.0524 |                 -0 |                241 |
                300 |             -0.895 |             -0.552 |             0.0385 |                 -0 |                241 |
                400 |             -0.869 |             -0.513 |             0.0205 |                 -0 |                241 |
                500 |             -0.862 |             -0.531 |              0.062 |                 -0 |                241 |
                600 |             -0.856 |             -0.541 |             0.0509 |                 -0 |                241 |
                700 |             -0.919 |             -0.543 |             0.0207 |                 -0 |                241 |
                800 |             -0.922 |             -0.529 |            0.00486 |                 -0 |                241 |
                900 |             -0.911 |              -0.57 |             0.0286 |                 -0 |                241 |
Training complete: 
   Data path: /work/qgan/data/train/ang-qml_torch-q4-noiseless-PSR-aerCPU-rand0.25-seed1 
   Best eval: -0.0 
   Total time: 2413.3229904174805

Running: /work/qgan/data/train/ang-qml_torch-q4-noiseless-PSR-aerCPU-rand0.5-seed1/config.yaml
Training data file created.
              Epoch |     Generator cost | Discriminator cost |               Eval |          Best eval |               Time |
                  0 |             -0.505 |             -0.634 |                0.2 |                0.2 |               2.42 |
                100 |             -0.805 |             -0.589 |              0.438 |             0.0482 |                241 |
                200 |             -0.852 |              -0.61 |              0.141 |             0.0482 |                242 |
                300 |              -0.91 |             -0.648 |              0.169 |             0.0482 |                241 |
                400 |             -0.717 |             -0.636 |              0.235 |             0.0482 |                241 |
                500 |              -0.85 |             -0.583 |              0.247 |             0.0482 |                241 |
                600 |             -0.659 |             -0.619 |              0.197 |             0.0482 |                242 |
                700 |             -0.884 |             -0.637 |              0.176 |             0.0482 |                241 |
                800 |             -0.934 |             -0.638 |              0.143 |             0.0482 |                241 |
                900 |             -0.904 |              -0.62 |              0.117 |             0.0482 |                241 |
Training complete: 
   Data path: /work/qgan/data/train/ang-qml_torch-q4-noiseless-PSR-aerCPU-rand0.5-seed1 
   Best eval: 0.04820188134908676 
   Total time: 2413.881974697113

Running: /work/qgan/data/train/ang-qml_torch-q4-noiseless-PSR-aerCPU-rand1-seed1/config.yaml
Training data file created.
              Epoch |     Generator cost | Discriminator cost |               Eval |          Best eval |               Time |
                  0 |             -0.438 |             -0.695 |              0.196 |              0.196 |               2.42 |
                100 |             -0.396 |             -0.766 |              0.119 |             0.0732 |                241 |
                200 |             -0.505 |              -0.82 |              0.355 |             0.0623 |                241 |
                300 |             -0.491 |             -0.744 |              0.252 |             0.0586 |                241 |
                400 |             -0.623 |             -0.756 |              0.325 |             0.0586 |                242 |
                500 |             -0.556 |             -0.717 |              0.196 |             0.0548 |                241 |
                600 |             -0.492 |             -0.766 |              0.284 |             0.0548 |                241 |
                700 |             -0.642 |             -0.802 |              0.362 |             0.0548 |                241 |
                800 |             -0.608 |              -0.68 |              0.232 |             0.0548 |                241 |
                900 |             -0.647 |             -0.771 |              0.238 |             0.0548 |                241 |
Training complete: 
   Data path: /work/qgan/data/train/ang-qml_torch-q4-noiseless-PSR-aerCPU-rand1-seed1 
   Best eval: 0.05481560900807381 
   Total time: 2413.2123301029205

Running: /work/qgan/data/train/ang-qml_torch-q4-noiseless-PSR-aerCPU-rand0-seed2/config.yaml
              Epoch |     Generator cost | Discriminator cost |               Eval |          Best eval |               Time |
Training complete: 
   Data path: /work/qgan/data/train/ang-qml_torch-q4-noiseless-PSR-aerCPU-rand0-seed2 
   Best eval: -0.0 
   Total time: 2405.1618967056274

Running: /work/qgan/data/train/ang-qml_torch-q4-noiseless-PSR-aerCPU-rand0.1-seed2/config.yaml
              Epoch |     Generator cost | Discriminator cost |               Eval |          Best eval |               Time |
Training complete: 
   Data path: /work/qgan/data/train/ang-qml_torch-q4-noiseless-PSR-aerCPU-rand0.1-seed2 
   Best eval: -0.0 
   Total time: 2425.925708770752

Running: /work/qgan/data/train/ang-qml_torch-q4-noiseless-PSR-aerCPU-rand0.25-seed2/config.yaml
Training data file created.
              Epoch |     Generator cost | Discriminator cost |               Eval |          Best eval |               Time |
                  0 |             -0.686 |             -0.646 |              0.003 |              0.003 |               2.42 |
                100 |             -0.874 |             -0.555 |             0.0226 |                 -0 |                241 |
                200 |             -0.832 |             -0.541 |             0.0121 |                 -0 |                241 |
                300 |             -0.798 |             -0.555 |             0.0324 |                 -0 |                241 |
                400 |              -0.91 |             -0.542 |             0.0504 |                 -0 |                242 |
                500 |             -0.876 |             -0.545 |             0.0746 |                 -0 |                241 |
                600 |             -0.858 |             -0.524 |              0.111 |                 -0 |                241 |
                700 |             -0.952 |             -0.505 |             0.0734 |                 -0 |                241 |
                800 |             -0.909 |             -0.534 |              0.126 |                 -0 |                241 |
                900 |              -0.94 |             -0.524 |             0.0448 |                 -0 |                241 |
Training complete: 
   Data path: /work/qgan/data/train/ang-qml_torch-q4-noiseless-PSR-aerCPU-rand0.25-seed2 
   Best eval: -0.0 
   Total time: 2414.0203173160553

Running: /work/qgan/data/train/ang-qml_torch-q4-noiseless-PSR-aerCPU-rand0.5-seed2/config.yaml
Training data file created.
              Epoch |     Generator cost | Discriminator cost |               Eval |          Best eval |               Time |
                  0 |             -0.441 |             -0.687 |             0.0647 |             0.0647 |               2.42 |
                100 |             -0.689 |             -0.597 |               0.19 |              0.043 |                241 |
                200 |             -0.682 |             -0.613 |              0.184 |              0.043 |                241 |
                300 |             -0.811 |             -0.579 |              0.203 |              0.043 |                241 |
                400 |             -0.728 |             -0.567 |              0.193 |              0.043 |                241 |
                500 |             -0.795 |              -0.57 |              0.194 |              0.043 |                241 |
                600 |             -0.713 |             -0.553 |              0.215 |              0.043 |                241 |
                700 |             -0.899 |             -0.638 |              0.147 |             0.0348 |                241 |
                800 |             -0.717 |             -0.589 |              0.195 |             0.0324 |                241 |
                900 |             -0.862 |              -0.61 |              0.141 |             0.0324 |                241 |
Training complete: 
   Data path: /work/qgan/data/train/ang-qml_torch-q4-noiseless-PSR-aerCPU-rand0.5-seed2 
   Best eval: 0.032445624470710754 
   Total time: 2413.6055274009705

Running: /work/qgan/data/train/ang-qml_torch-q4-noiseless-PSR-aerCPU-rand1-seed2/config.yaml
Training data file created.
              Epoch |     Generator cost | Discriminator cost |               Eval |          Best eval |               Time |
                  0 |             -0.477 |              -0.71 |              0.426 |              0.426 |               2.42 |
                100 |              -0.56 |             -0.776 |              0.287 |             0.0789 |                241 |
                200 |             -0.346 |             -0.789 |              0.188 |             0.0789 |                241 |
                300 |             -0.384 |              -0.73 |              0.224 |             0.0789 |                241 |
                400 |             -0.352 |             -0.736 |              0.254 |             0.0789 |                241 |
                500 |             -0.489 |              -0.78 |              0.298 |             0.0789 |                241 |
                600 |             -0.407 |             -0.783 |              0.275 |             0.0789 |                242 |
                700 |             -0.546 |             -0.716 |                0.3 |             0.0789 |                242 |
                800 |             -0.478 |             -0.692 |              0.406 |             0.0773 |                241 |
                900 |             -0.546 |             -0.765 |              0.295 |             0.0773 |                241 |
Training complete: 
   Data path: /work/qgan/data/train/ang-qml_torch-q4-noiseless-PSR-aerCPU-rand1-seed2 
   Best eval: 0.06941817700862885 
   Total time: 2413.917708158493

Running: /work/qgan/data/train/ang-qml_torch-q8-noiseless-PSR-aerCPU-rand0-seed0/config.yaml
              Epoch |     Generator cost | Discriminator cost |               Eval |          Best eval |               Time |
Training complete: 
   Data path: /work/qgan/data/train/ang-qml_torch-q8-noiseless-PSR-aerCPU-rand0-seed0 
   Best eval: 0.012708759866654873 
   Total time: 6039.299723148346

Running: /work/qgan/data/train/ang-qml_torch-q8-noiseless-PSR-aerCPU-rand0.1-seed0/config.yaml
              Epoch |     Generator cost | Discriminator cost |               Eval |          Best eval |               Time |
Training complete: 
   Data path: /work/qgan/data/train/ang-qml_torch-q8-noiseless-PSR-aerCPU-rand0.1-seed0 
   Best eval: 0.0001751147210597992 
   Total time: 6366.881895780563

Running: /work/qgan/data/train/ang-qml_torch-q8-noiseless-PSR-aerCPU-rand0.25-seed0/config.yaml
Training data file created.
              Epoch |     Generator cost | Discriminator cost |               Eval |          Best eval |               Time |
                  0 |             -0.485 |             -0.605 |             0.0504 |             0.0504 |               6.34 |
                100 |             -0.794 |             -0.578 |              0.242 |             0.0344 |                633 |
                200 |             -0.694 |             -0.612 |              0.239 |             0.0344 |                634 |
                300 |             -0.801 |             -0.575 |              0.357 |             0.0344 |                634 |
                400 |             -0.769 |             -0.581 |              0.508 |             0.0344 |                633 |
                500 |              -0.85 |             -0.558 |              0.555 |             0.0344 |                633 |
                600 |             -0.836 |             -0.563 |              0.551 |             0.0344 |                634 |
                700 |              -0.81 |             -0.557 |              0.509 |             0.0344 |                634 |
                800 |             -0.887 |             -0.573 |              0.504 |             0.0344 |                634 |
                900 |             -0.888 |             -0.557 |              0.477 |             0.0344 |                634 |
Training complete: 
   Data path: /work/qgan/data/train/ang-qml_torch-q8-noiseless-PSR-aerCPU-rand0.25-seed0 
   Best eval: 0.03441740572452545 
   Total time: 6336.480895280838

Running: /work/qgan/data/train/ang-qml_torch-q8-noiseless-PSR-aerCPU-rand0.5-seed0/config.yaml
Training data file created.
              Epoch |     Generator cost | Discriminator cost |               Eval |          Best eval |               Time |
                  0 |             -0.416 |             -0.673 |               0.13 |               0.13 |               6.34 |
                100 |             -0.688 |             -0.607 |              0.298 |                0.1 |                633 |
                200 |             -0.831 |              -0.59 |              0.373 |                0.1 |                634 |
                300 |             -0.688 |             -0.666 |              0.316 |                0.1 |                634 |
                400 |             -0.694 |             -0.649 |              0.252 |                0.1 |                634 |
                500 |             -0.695 |             -0.673 |              0.295 |                0.1 |                634 |
                600 |             -0.589 |             -0.645 |              0.304 |                0.1 |                634 |
                700 |             -0.585 |             -0.659 |              0.289 |                0.1 |                634 |
                800 |             -0.625 |             -0.691 |               0.22 |                0.1 |                634 |
                900 |             -0.637 |             -0.637 |              0.243 |                0.1 |                634 |
Training complete: 
   Data path: /work/qgan/data/train/ang-qml_torch-q8-noiseless-PSR-aerCPU-rand0.5-seed0 
   Best eval: 0.10046261548995972 
   Total time: 6338.652049064636

Running: /work/qgan/data/train/ang-qml_torch-q8-noiseless-PSR-aerCPU-rand1-seed0/config.yaml
Training data file created.
              Epoch |     Generator cost | Discriminator cost |               Eval |          Best eval |               Time |
                  0 |             -0.553 |             -0.659 |               0.22 |               0.22 |               6.35 |
                100 |             -0.581 |             -0.784 |              0.147 |              0.091 |                634 |
                200 |             -0.611 |             -0.801 |              0.103 |             0.0676 |                634 |
                300 |             -0.434 |             -0.816 |              0.219 |             0.0676 |                634 |
                400 |             -0.602 |             -0.674 |               0.16 |             0.0676 |                633 |
                500 |             -0.597 |             -0.842 |              0.213 |             0.0676 |                633 |
                600 |             -0.421 |             -0.783 |              0.145 |             0.0676 |                633 |
                700 |             -0.734 |             -0.715 |              0.178 |             0.0676 |                634 |
                800 |             -0.401 |             -0.679 |              0.209 |             0.0676 |                634 |
                900 |             -0.478 |             -0.751 |               0.19 |             0.0676 |                634 |
Training complete: 
   Data path: /work/qgan/data/train/ang-qml_torch-q8-noiseless-PSR-aerCPU-rand1-seed0 
   Best eval: 0.06759750843048096 
   Total time: 6336.433821439743

Running: /work/qgan/data/train/ang-qml_torch-q8-noiseless-PSR-aerCPU-rand0-seed1/config.yaml
              Epoch |     Generator cost | Discriminator cost |               Eval |          Best eval |               Time |
Training complete: 
   Data path: /work/qgan/data/train/ang-qml_torch-q8-noiseless-PSR-aerCPU-rand0-seed1 
   Best eval: 0.01038837619125843 
   Total time: 6037.633568525314

Running: /work/qgan/data/train/ang-qml_torch-q8-noiseless-PSR-aerCPU-rand0.1-seed1/config.yaml
              Epoch |     Generator cost | Discriminator cost |               Eval |          Best eval |               Time |
Training complete: 
   Data path: /work/qgan/data/train/ang-qml_torch-q8-noiseless-PSR-aerCPU-rand0.1-seed1 
   Best eval: 0.0008931240881793201 
   Total time: 6367.60560131073

Running: /work/qgan/data/train/ang-qml_torch-q8-noiseless-PSR-aerCPU-rand0.25-seed1/config.yaml
Training data file created.
              Epoch |     Generator cost | Discriminator cost |               Eval |          Best eval |               Time |
                  0 |              -0.81 |              -0.57 |             0.0866 |             0.0866 |               6.34 |
                100 |             -0.796 |             -0.569 |              0.154 |             0.0487 |                638 |
                200 |             -0.727 |             -0.556 |              0.137 |             0.0487 |                636 |
                300 |             -0.846 |             -0.564 |              0.151 |             0.0487 |                633 |
                400 |             -0.788 |             -0.612 |              0.213 |             0.0487 |                633 |
                500 |             -0.573 |             -0.594 |              0.161 |             0.0487 |                633 |
                600 |             -0.663 |             -0.585 |              0.221 |             0.0487 |                633 |
                700 |             -0.818 |             -0.575 |              0.145 |             0.0487 |                633 |
                800 |             -0.822 |             -0.573 |             0.0692 |             0.0486 |                633 |
