Creating config files for run_000:
Configuration file rewritten. Path: /work/qgan/data/train/ang-qml_torch-q8-noiseless-PSR-aerCPU-rand0.25-seed1/config.yaml

Creating config files for run_001:
Configuration file rewritten. Path: /work/qgan/data/train/amp-qml_torch-q8-noiseless-PSR-aerCPU-rand0-seed0/config.yaml

Creating config files for run_002:
Configuration file rewritten. Path: /work/qgan/data/train/amp-qml_torch-q8-noiseless-PSR-aerCPU-rand0.5-seed1/config.yaml

Creating config files for run_003:
Configuration file rewritten. Path: /work/qgan/data/train/amp-qml_torch-q8-noiseless-SPSA-aerCPU-rand0.1-seed0/config.yaml

Creating config files for run_004:
Configuration file rewritten. Path: /work/qgan/data/train/amp-qml_torch-q8-noiseless-SPSA-aerCPU-rand1-seed1/config.yaml

Creating config files for run_005:
Configuration file rewritten. Path: /work/qgan/data/train/amp-qml_torch-q8-noiseless-REG-aerCPU-rand0.25-seed0/config.yaml

Creating config files for run_006:
Configuration file rewritten. Path: /work/qgan/data/train/amp-qml_torch-q8-noiseless-REG-aerCPU-rand0-seed2/config.yaml

Creating config files for run_007:
Configuration file rewritten. Path: /work/qgan/data/train/ang-qml_torch-q4-noiseless-SPSA-aerCPU-rand0.5-seed0/config.yaml

Creating config files for run_008:
Configuration file rewritten. Path: /work/qgan/data/train/ang-qml_torch-q4-noiseless-SPSA-aerCPU-rand0.1-seed2/config.yaml

Creating config files for run_009:
Configuration file rewritten. Path: /work/qgan/data/train/ang-qml_torch-q4-noiseless-REG-aerCPU-rand1-seed0/config.yaml

Creating config files for run_010:
Configuration file rewritten. Path: /work/qgan/data/train/ang-qml_torch-q4-noiseless-REG-aerCPU-rand0.25-seed2/config.yaml

Creating config files for run_011:
Configuration file rewritten. Path: /work/qgan/data/train/base-qml_torch-q8-noiseless-PSR-aerCPU-rand0-seed1/config.yaml

Creating config files for run_012:
Configuration file rewritten. Path: /work/qgan/data/train/base-qml_torch-q8-noiseless-PSR-aerCPU-rand0.5-seed2/config.yaml

Creating config files for run_013:
Configuration file rewritten. Path: /work/qgan/data/train/base-qml_torch-q4-noiseless-REG-aerCPU-rand0.1-seed1/config.yaml

Creating config files for run_014:
Configuration file rewritten. Path: /work/qgan/data/train/base-qml_torch-q4-noiseless-REG-aerCPU-rand1-seed2/config.yaml

Creating config files for run_015:
Configuration file rewritten. Path: /work/qgan/data/train/amp-qml_torch-q4-noiseless-SPSA-aerCPU-rand0.25-seed1/config.yaml

Creating config files for run_016:
Configuration file rewritten. Path: /work/qgan/data/train/base-qml_torch-q4-noisy-PSR-aerCPU-rand0-seed0/config.yaml

Creating config files for run_017:
Configuration file rewritten. Path: /work/qgan/data/train/base-qml_torch-q4-noisy-PSR-aerCPU-rand0.5-seed1/config.yaml

Creating config files for run_018:
Configuration file rewritten. Path: /work/qgan/data/train/ang-qml_torch-q4-noisy-PSR-aerCPU-rand0.1-seed0/config.yaml

Creating config files for run_019:
Configuration file rewritten. Path: /work/qgan/data/train/ang-qml_torch-q4-noisy-PSR-aerCPU-rand1-seed1/config.yaml

20 battery configuration files ready.

Running: /work/qgan/data/train/ang-qml_torch-q8-noiseless-PSR-aerCPU-rand0.25-seed1/config.yaml
              Epoch |     Generator cost | Discriminator cost |               Eval |          Best eval |               Time |
Training complete: 
   Data path: /work/qgan/data/train/ang-qml_torch-q8-noiseless-PSR-aerCPU-rand0.25-seed1 
   Best eval: 0.010891495272517204 
   Total time: 5779.601066112518

Running: /work/qgan/data/train/amp-qml_torch-q8-noiseless-PSR-aerCPU-rand0-seed0/config.yaml
              Epoch |     Generator cost | Discriminator cost |               Eval |          Best eval |               Time |
Training complete: 
   Data path: /work/qgan/data/train/amp-qml_torch-q8-noiseless-PSR-aerCPU-rand0-seed0 
   Best eval: 0.0013571887082198945 
   Total time: 4444.585978984833

Running: /work/qgan/data/train/amp-qml_torch-q8-noiseless-PSR-aerCPU-rand0.5-seed1/config.yaml
Training data file created.
              Epoch |     Generator cost | Discriminator cost |               Eval |          Best eval |               Time |
                  0 |             -0.623 |             -0.404 |            0.00222 |            0.00222 |               4.72 |
                 10 |               -0.7 |             -0.394 |            0.00256 |            0.00222 |               46.7 |
                 20 |             -0.524 |             -0.468 |            0.00358 |            0.00222 |                 47 |
                 30 |             -0.696 |             -0.524 |            0.00317 |            0.00212 |               47.6 |
                 40 |             -0.738 |             -0.453 |            0.00368 |            0.00212 |               47.5 |
                 50 |             -0.666 |             -0.519 |            0.00366 |            0.00212 |               47.8 |
                 60 |             -0.665 |             -0.534 |             0.0035 |            0.00212 |               47.1 |
                 70 |             -0.687 |             -0.522 |             0.0029 |            0.00212 |               46.7 |
                 80 |             -0.687 |             -0.544 |            0.00332 |            0.00212 |               46.6 |
                 90 |             -0.757 |             -0.587 |            0.00286 |            0.00212 |               46.8 |
                100 |             -0.646 |              -0.53 |            0.00326 |            0.00212 |               47.7 |
                110 |             -0.668 |             -0.556 |            0.00325 |            0.00212 |               47.5 |
                120 |             -0.625 |             -0.522 |            0.00342 |            0.00212 |               47.7 |
                130 |             -0.716 |             -0.598 |            0.00289 |            0.00212 |               47.4 |
                140 |             -0.743 |             -0.578 |            0.00284 |            0.00208 |               47.2 |
                150 |             -0.595 |             -0.542 |            0.00307 |            0.00208 |               47.4 |
                160 |              -0.68 |              -0.64 |            0.00294 |            0.00208 |               47.1 |
                170 |             -0.748 |             -0.579 |            0.00198 |            0.00198 |               47.4 |
                180 |             -0.638 |             -0.562 |            0.00355 |            0.00198 |               47.1 |
                190 |             -0.674 |             -0.644 |            0.00263 |            0.00198 |                 47 |
                200 |              -0.83 |             -0.612 |            0.00207 |            0.00198 |               46.9 |
                210 |             -0.725 |             -0.672 |            0.00311 |            0.00196 |               46.2 |
                220 |             -0.843 |             -0.632 |            0.00225 |            0.00196 |               45.8 |
                230 |             -0.649 |             -0.567 |            0.00262 |             0.0015 |               46.1 |
                240 |             -0.776 |             -0.569 |             0.0034 |             0.0015 |               47.6 |
                250 |             -0.722 |             -0.525 |            0.00313 |             0.0015 |               47.9 |
                260 |             -0.804 |              -0.57 |             0.0031 |             0.0015 |               47.9 |
                270 |             -0.735 |              -0.64 |            0.00358 |             0.0015 |               46.1 |
                280 |              -0.72 |             -0.559 |            0.00331 |             0.0015 |               45.9 |
                290 |             -0.743 |             -0.646 |            0.00305 |             0.0015 |                 46 |
                300 |             -0.682 |             -0.593 |            0.00295 |             0.0015 |               45.7 |
                310 |             -0.897 |             -0.662 |            0.00219 |             0.0015 |               45.9 |
                320 |             -0.822 |             -0.565 |            0.00307 |             0.0015 |               45.9 |
                330 |             -0.785 |             -0.636 |            0.00202 |             0.0015 |               45.8 |
                340 |             -0.831 |              -0.57 |            0.00313 |             0.0015 |               45.9 |
                350 |             -0.708 |             -0.558 |            0.00267 |             0.0015 |                 46 |
                360 |             -0.753 |             -0.576 |            0.00286 |             0.0015 |               45.9 |
                370 |             -0.795 |              -0.64 |            0.00326 |             0.0015 |                 46 |
                380 |              -0.77 |              -0.64 |             0.0033 |             0.0015 |               46.1 |
                390 |             -0.769 |             -0.602 |            0.00256 |             0.0015 |               45.8 |
                400 |             -0.786 |             -0.601 |             0.0026 |             0.0015 |               45.9 |
                410 |              -0.73 |             -0.598 |            0.00292 |             0.0015 |               45.7 |
                420 |             -0.886 |             -0.665 |            0.00267 |             0.0015 |               45.5 |
                430 |             -0.782 |             -0.573 |            0.00292 |             0.0015 |               45.4 |
                440 |             -0.762 |             -0.592 |            0.00234 |             0.0015 |               45.4 |
                450 |             -0.754 |             -0.628 |            0.00347 |             0.0015 |               45.2 |
                460 |             -0.699 |             -0.653 |            0.00313 |             0.0015 |               45.4 |
                470 |             -0.703 |             -0.613 |             0.0033 |             0.0015 |               45.3 |
                480 |              -0.71 |             -0.668 |            0.00278 |             0.0015 |               45.4 |
                490 |             -0.778 |             -0.602 |            0.00361 |             0.0015 |               45.2 |
                500 |             -0.638 |             -0.619 |            0.00294 |             0.0015 |               45.1 |
                510 |             -0.704 |             -0.633 |            0.00341 |             0.0015 |               45.3 |
                520 |             -0.675 |             -0.641 |            0.00307 |             0.0015 |               45.3 |
                530 |             -0.604 |             -0.632 |            0.00331 |             0.0015 |               45.2 |
                540 |             -0.653 |             -0.636 |            0.00273 |             0.0015 |               45.3 |
                550 |             -0.702 |              -0.66 |            0.00328 |             0.0015 |               45.4 |
                560 |             -0.708 |             -0.701 |             0.0028 |             0.0015 |               45.2 |
                570 |             -0.636 |             -0.667 |            0.00287 |             0.0015 |               45.3 |
                580 |             -0.647 |             -0.688 |            0.00322 |             0.0015 |               45.4 |
                590 |             -0.714 |             -0.734 |            0.00331 |             0.0015 |               45.2 |
                600 |              -0.56 |              -0.68 |            0.00224 |             0.0015 |               45.4 |
                610 |              -0.61 |             -0.711 |            0.00262 |             0.0015 |               45.4 |
                620 |             -0.544 |             -0.665 |            0.00368 |             0.0015 |               45.1 |
                630 |             -0.587 |             -0.693 |            0.00349 |             0.0015 |               45.3 |
                640 |             -0.665 |             -0.714 |            0.00274 |             0.0015 |               45.4 |
                650 |             -0.543 |             -0.717 |            0.00289 |             0.0015 |               45.3 |
                660 |             -0.566 |             -0.701 |            0.00319 |             0.0015 |               45.3 |
                670 |             -0.572 |              -0.74 |            0.00247 |             0.0015 |               45.4 |
                680 |             -0.618 |             -0.683 |            0.00361 |             0.0015 |               45.2 |
                690 |             -0.548 |             -0.697 |            0.00317 |             0.0015 |               45.3 |
                700 |              -0.57 |             -0.685 |            0.00352 |             0.0015 |               45.2 |
                710 |             -0.545 |             -0.649 |            0.00296 |             0.0015 |               45.3 |
                720 |             -0.596 |             -0.707 |            0.00318 |             0.0015 |               45.3 |
                730 |               -0.6 |             -0.669 |            0.00295 |             0.0015 |               45.3 |
                740 |             -0.584 |             -0.665 |            0.00329 |             0.0015 |               45.4 |
                750 |              -0.56 |             -0.688 |            0.00336 |             0.0015 |               45.4 |
                760 |             -0.581 |             -0.645 |            0.00276 |             0.0015 |               45.1 |
                770 |             -0.628 |             -0.712 |             0.0034 |             0.0015 |               45.3 |
                780 |             -0.631 |             -0.654 |            0.00313 |             0.0015 |               45.4 |
                790 |             -0.584 |             -0.691 |            0.00306 |             0.0015 |               45.2 |
                800 |             -0.506 |             -0.707 |            0.00309 |             0.0015 |               45.4 |
                810 |             -0.628 |             -0.711 |            0.00336 |             0.0015 |               45.4 |
                820 |             -0.585 |              -0.64 |            0.00294 |             0.0015 |               45.1 |
                830 |             -0.588 |             -0.718 |            0.00314 |             0.0015 |               45.3 |
                840 |              -0.61 |              -0.73 |            0.00254 |             0.0015 |               45.5 |
                850 |              -0.54 |             -0.687 |            0.00284 |             0.0015 |               45.1 |
                860 |             -0.589 |             -0.711 |            0.00314 |             0.0015 |               45.4 |
                870 |              -0.56 |              -0.67 |             0.0029 |             0.0015 |               45.4 |
                880 |              -0.69 |             -0.683 |            0.00277 |             0.0015 |               45.3 |
                890 |              -0.63 |             -0.677 |            0.00327 |             0.0015 |               45.5 |
                900 |             -0.627 |             -0.692 |            0.00237 |             0.0015 |               45.5 |
                910 |             -0.621 |             -0.704 |            0.00236 |             0.0015 |               45.1 |
                920 |             -0.586 |             -0.679 |            0.00306 |             0.0015 |               45.3 |
                930 |             -0.665 |             -0.702 |            0.00303 |             0.0015 |               45.2 |
                940 |             -0.584 |             -0.638 |            0.00293 |             0.0015 |               45.3 |
                950 |             -0.533 |             -0.641 |            0.00302 |             0.0015 |               45.4 |
                960 |             -0.573 |             -0.712 |            0.00222 |             0.0015 |               45.1 |
                970 |             -0.534 |             -0.671 |            0.00286 |             0.0015 |               45.3 |
                980 |             -0.541 |             -0.717 |             0.0034 |             0.0015 |               45.4 |
                990 |             -0.601 |              -0.73 |            0.00305 |             0.0015 |                 45 |
Training complete: 
   Data path: /work/qgan/data/train/amp-qml_torch-q8-noiseless-PSR-aerCPU-rand0.5-seed1 
   Best eval: 0.0014995354763185777 
   Total time: 4587.068627357483

Running: /work/qgan/data/train/amp-qml_torch-q8-noiseless-SPSA-aerCPU-rand0.1-seed0/config.yaml
              Epoch |     Generator cost | Discriminator cost |               Eval |          Best eval |               Time |
Training complete: 
   Data path: /work/qgan/data/train/amp-qml_torch-q8-noiseless-SPSA-aerCPU-rand0.1-seed0 
   Best eval: 0.003178269869782205 
   Total time: 151.77263259887695

Running: /work/qgan/data/train/amp-qml_torch-q8-noiseless-SPSA-aerCPU-rand1-seed1/config.yaml
Training data file created.
              Epoch |     Generator cost | Discriminator cost |               Eval |          Best eval |               Time |
                  0 |              -0.54 |             -0.394 |            0.00386 |            0.00386 |              0.159 |
                 10 |             -0.628 |             -0.492 |            0.00232 |            0.00232 |               1.56 |
                 20 |             -0.427 |             -0.516 |            0.00315 |            0.00208 |               1.56 |
                 30 |             -0.595 |               -0.4 |            0.00261 |            0.00208 |               1.56 |
                 40 |             -0.447 |             -0.438 |            0.00297 |            0.00208 |               1.57 |
                 50 |             -0.689 |              -0.57 |            0.00317 |            0.00208 |               1.57 |
                 60 |             -0.428 |             -0.498 |            0.00334 |            0.00208 |               1.56 |
                 70 |             -0.547 |             -0.579 |            0.00346 |            0.00208 |               1.56 |
                 80 |             -0.561 |             -0.607 |            0.00191 |            0.00191 |               1.57 |
                 90 |              -0.52 |             -0.478 |            0.00206 |            0.00191 |               1.56 |
                100 |              -0.53 |             -0.461 |            0.00341 |            0.00182 |               1.56 |
                110 |             -0.654 |             -0.547 |            0.00367 |            0.00182 |               1.56 |
                120 |             -0.443 |             -0.549 |            0.00324 |            0.00182 |               1.56 |
                130 |             -0.373 |             -0.548 |            0.00292 |            0.00182 |               1.56 |
                140 |             -0.442 |              -0.71 |            0.00349 |            0.00182 |               1.56 |
                150 |             -0.549 |             -0.539 |            0.00318 |            0.00182 |               1.56 |
                160 |             -0.446 |             -0.513 |            0.00234 |            0.00182 |               1.58 |
                170 |             -0.533 |             -0.628 |            0.00368 |            0.00182 |               1.56 |
                180 |             -0.456 |             -0.552 |            0.00285 |            0.00182 |               1.56 |
                190 |             -0.396 |             -0.627 |             0.0033 |            0.00182 |               1.56 |
                200 |             -0.232 |             -0.651 |             0.0033 |            0.00182 |               1.56 |
                210 |             -0.328 |             -0.613 |            0.00305 |            0.00182 |               1.56 |
                220 |             -0.234 |             -0.669 |            0.00297 |            0.00182 |               1.56 |
                230 |             -0.717 |             -0.734 |            0.00348 |            0.00182 |               1.55 |
                240 |              -0.41 |             -0.623 |            0.00311 |            0.00175 |               1.56 |
                250 |             -0.545 |             -0.731 |            0.00268 |            0.00175 |               1.56 |
                260 |             -0.444 |             -0.702 |            0.00303 |            0.00175 |               1.57 |
                270 |             -0.586 |              -0.77 |            0.00327 |            0.00175 |               1.56 |
                280 |             -0.259 |             -0.596 |            0.00322 |            0.00175 |               1.58 |
                290 |             -0.334 |             -0.503 |            0.00362 |            0.00175 |               1.56 |
                300 |             -0.393 |             -0.574 |            0.00384 |            0.00175 |               1.56 |
                310 |             -0.425 |             -0.775 |            0.00244 |            0.00175 |               1.56 |
                320 |              -0.54 |              -0.75 |            0.00299 |            0.00175 |               1.56 |
                330 |             -0.409 |             -0.623 |            0.00367 |            0.00175 |               1.57 |
                340 |             -0.638 |             -0.592 |            0.00248 |            0.00175 |               1.57 |
                350 |             -0.118 |             -0.649 |            0.00292 |            0.00175 |               1.56 |
                360 |             -0.732 |             -0.727 |            0.00309 |            0.00175 |               1.56 |
                370 |             -0.486 |             -0.704 |            0.00338 |            0.00175 |               1.56 |
                380 |             -0.443 |             -0.631 |            0.00313 |            0.00175 |               1.55 |
                390 |             -0.575 |             -0.768 |            0.00296 |            0.00175 |               1.56 |
                400 |             -0.192 |             -0.637 |              0.003 |            0.00175 |               1.56 |
                410 |             -0.361 |             -0.622 |            0.00312 |            0.00175 |               1.56 |
                420 |             -0.567 |             -0.801 |            0.00367 |            0.00175 |               1.57 |
                430 |             -0.523 |              -0.66 |             0.0034 |            0.00175 |               1.56 |
                440 |             -0.549 |             -0.794 |            0.00298 |            0.00175 |               1.56 |
                450 |             -0.471 |             -0.708 |            0.00308 |            0.00175 |               1.56 |
                460 |             -0.664 |             -0.682 |            0.00378 |            0.00175 |               1.56 |
                470 |             -0.123 |             -0.655 |            0.00255 |            0.00175 |               1.56 |
                480 |             -0.057 |              -0.74 |            0.00182 |            0.00175 |               1.59 |
                490 |             -0.599 |             -0.725 |            0.00284 |            0.00175 |               1.57 |
                500 |             -0.655 |             -0.856 |            0.00344 |            0.00175 |               1.56 |
                510 |              -0.67 |             -0.702 |             0.0033 |            0.00175 |               1.56 |
                520 |             -0.386 |             -0.648 |             0.0019 |            0.00175 |               1.56 |
                530 |              -0.31 |             -0.611 |            0.00282 |            0.00175 |               1.56 |
                540 |              -0.47 |             -0.656 |            0.00237 |            0.00175 |               1.56 |
                550 |             -0.389 |             -0.762 |            0.00284 |            0.00175 |               1.55 |
                560 |             -0.778 |             -0.793 |            0.00245 |            0.00175 |               1.56 |
                570 |             -0.217 |             -0.883 |            0.00336 |            0.00175 |               1.56 |
                580 |              -0.73 |             -0.755 |            0.00325 |            0.00175 |               1.55 |
                590 |             -0.359 |             -0.879 |            0.00287 |            0.00175 |               1.56 |
                600 |             -0.179 |             -0.762 |            0.00315 |            0.00175 |               1.57 |
                610 |             -0.134 |             -0.675 |            0.00307 |            0.00175 |               1.55 |
                620 |             -0.564 |             -0.671 |            0.00284 |            0.00175 |               1.56 |
                630 |              -0.56 |              -0.75 |             0.0026 |            0.00166 |               1.56 |
                640 |             -0.761 |             -0.661 |            0.00271 |            0.00166 |               1.57 |
                650 |             -0.632 |             -0.618 |            0.00277 |            0.00166 |               1.57 |
                660 |             -0.502 |             -0.687 |            0.00293 |            0.00166 |               1.56 |
                670 |             -0.369 |             -0.654 |            0.00342 |            0.00166 |               1.56 |
                680 |             -0.449 |             -0.665 |            0.00321 |            0.00166 |               1.56 |
                690 |             -0.261 |             -0.729 |            0.00309 |            0.00166 |               1.56 |
                700 |             -0.461 |             -0.817 |            0.00339 |            0.00166 |               1.56 |
                710 |             -0.751 |             -0.836 |             0.0028 |            0.00166 |               1.56 |
                720 |             -0.532 |             -0.665 |            0.00322 |            0.00166 |               1.56 |
                730 |             -0.497 |              -0.83 |            0.00323 |            0.00166 |               1.56 |
                740 |             -0.454 |             -0.685 |            0.00364 |            0.00166 |               1.56 |
                750 |             -0.786 |             -0.774 |            0.00328 |            0.00166 |               1.56 |
                760 |             -0.335 |             -0.711 |            0.00369 |            0.00166 |               1.56 |
                770 |             -0.442 |             -0.816 |            0.00271 |            0.00166 |               1.56 |
                780 |             -0.623 |              -0.59 |            0.00307 |            0.00166 |               1.57 |
                790 |             -0.252 |             -0.865 |            0.00237 |            0.00166 |               1.56 |
                800 |             -0.721 |             -0.712 |            0.00333 |            0.00166 |               1.56 |
                810 |             -0.575 |             -0.699 |            0.00358 |            0.00166 |               1.56 |
                820 |             -0.527 |             -0.767 |            0.00235 |            0.00166 |               1.56 |
                830 |              -0.56 |              -0.65 |            0.00334 |            0.00161 |               1.56 |
                840 |             -0.463 |             -0.696 |            0.00262 |            0.00156 |               1.56 |
                850 |             -0.513 |             -0.633 |            0.00312 |            0.00156 |               1.56 |
                860 |             -0.244 |             -0.591 |            0.00249 |            0.00156 |               1.56 |
                870 |              -0.16 |             -0.613 |            0.00253 |            0.00156 |               1.57 |
                880 |             -0.142 |             -0.853 |            0.00355 |            0.00156 |               1.56 |
                890 |             -0.605 |             -0.708 |            0.00315 |            0.00156 |               1.57 |
                900 |             -0.558 |             -0.773 |            0.00275 |            0.00156 |               1.56 |
                910 |             -0.277 |             -0.709 |            0.00273 |            0.00156 |               1.56 |
                920 |             -0.673 |             -0.761 |             0.0032 |            0.00156 |               1.56 |
                930 |             -0.481 |             -0.781 |            0.00222 |            0.00156 |               1.56 |
                940 |             -0.425 |             -0.703 |             0.0031 |            0.00156 |               1.56 |
                950 |             -0.553 |             -0.677 |            0.00325 |            0.00156 |               1.57 |
                960 |             -0.585 |             -0.698 |            0.00221 |            0.00156 |               1.56 |
                970 |             -0.463 |             -0.839 |            0.00249 |            0.00156 |               1.56 |
                980 |              -0.54 |             -0.816 |            0.00322 |            0.00156 |               1.56 |
                990 |             -0.185 |             -0.806 |            0.00348 |            0.00156 |               1.56 |
Training complete: 
   Data path: /work/qgan/data/train/amp-qml_torch-q8-noiseless-SPSA-aerCPU-rand1-seed1 
   Best eval: 0.001555670829454953 
   Total time: 156.14180493354797

Running: /work/qgan/data/train/amp-qml_torch-q8-noiseless-REG-aerCPU-rand0.25-seed0/config.yaml
Training data file created.
              Epoch |     Generator cost | Discriminator cost |               Eval |          Best eval |               Time |
                  0 |             -0.482 |             -0.385 |            0.00275 |            0.00275 |               13.7 |
                 10 |             -0.525 |             -0.386 |            0.00302 |            0.00221 |               92.1 |
                 20 |             -0.603 |             -0.447 |            0.00344 |            0.00215 |               90.5 |
                 30 |             -0.678 |             -0.446 |            0.00306 |            0.00196 |                 93 |
                 40 |             -0.649 |             -0.447 |            0.00262 |            0.00196 |               90.9 |
                 50 |             -0.699 |             -0.493 |            0.00286 |            0.00196 |               92.2 |
                 60 |             -0.728 |             -0.459 |            0.00288 |            0.00196 |               91.9 |
                 70 |             -0.743 |             -0.496 |            0.00287 |            0.00171 |               91.8 |
                 80 |             -0.739 |             -0.518 |            0.00261 |            0.00171 |               92.2 |
                 90 |              -0.76 |             -0.501 |            0.00215 |            0.00171 |               92.5 |
                100 |             -0.728 |             -0.514 |            0.00249 |            0.00171 |               92.8 |
                110 |             -0.757 |             -0.537 |            0.00244 |            0.00171 |               92.4 |
                120 |             -0.728 |             -0.521 |            0.00234 |            0.00171 |               91.6 |
                130 |             -0.772 |             -0.524 |            0.00264 |            0.00171 |                 91 |
                140 |             -0.774 |              -0.54 |            0.00225 |            0.00171 |               91.5 |
                150 |             -0.777 |             -0.534 |            0.00238 |            0.00169 |               92.8 |
                160 |             -0.804 |             -0.551 |            0.00236 |            0.00169 |               91.4 |
                170 |             -0.809 |             -0.539 |            0.00227 |            0.00169 |               91.7 |
                180 |             -0.798 |             -0.526 |            0.00239 |            0.00169 |               91.8 |
                190 |             -0.826 |             -0.548 |            0.00227 |            0.00169 |               91.6 |
                200 |             -0.803 |             -0.546 |            0.00285 |            0.00169 |               88.7 |
                210 |             -0.801 |             -0.538 |            0.00239 |            0.00165 |               86.1 |
                220 |             -0.828 |             -0.529 |            0.00264 |            0.00165 |               85.9 |
                230 |              -0.82 |             -0.548 |             0.0026 |            0.00165 |               87.4 |
                240 |             -0.774 |             -0.565 |            0.00207 |            0.00165 |               86.5 |
                250 |             -0.811 |             -0.557 |            0.00243 |            0.00165 |               86.4 |
                260 |             -0.804 |             -0.571 |            0.00225 |            0.00165 |               86.5 |
                270 |             -0.799 |             -0.549 |            0.00238 |            0.00165 |               86.7 |
                280 |             -0.817 |             -0.568 |            0.00235 |            0.00165 |               86.1 |
                290 |             -0.781 |             -0.569 |            0.00215 |            0.00165 |               86.5 |
                300 |             -0.786 |             -0.563 |            0.00178 |            0.00165 |                 87 |
                310 |             -0.831 |             -0.573 |            0.00254 |            0.00165 |               86.4 |
                320 |             -0.819 |             -0.559 |            0.00216 |            0.00165 |               87.4 |
                330 |             -0.804 |             -0.572 |            0.00225 |            0.00165 |               87.6 |
                340 |             -0.831 |             -0.571 |            0.00182 |            0.00165 |               86.9 |
                350 |             -0.808 |             -0.585 |            0.00184 |            0.00163 |               87.1 |
                360 |             -0.809 |             -0.565 |            0.00223 |            0.00163 |               86.4 |
                370 |             -0.828 |             -0.554 |            0.00163 |            0.00161 |               86.5 |
                380 |             -0.815 |              -0.56 |            0.00199 |            0.00151 |               87.3 |
                390 |             -0.777 |             -0.571 |            0.00235 |            0.00151 |               87.1 |
                400 |             -0.742 |             -0.563 |            0.00256 |            0.00151 |                 86 |
                410 |             -0.758 |             -0.547 |            0.00215 |            0.00151 |               86.3 |
                420 |             -0.802 |             -0.571 |            0.00243 |            0.00151 |               86.8 |
                430 |             -0.814 |             -0.571 |            0.00232 |            0.00151 |               86.9 |
                440 |             -0.774 |              -0.59 |            0.00226 |            0.00151 |               86.3 |
                450 |             -0.762 |             -0.602 |            0.00262 |            0.00151 |               85.9 |
                460 |             -0.713 |             -0.588 |            0.00216 |            0.00151 |               86.1 |
                470 |             -0.686 |             -0.589 |            0.00204 |            0.00151 |                 89 |
                480 |             -0.681 |             -0.595 |            0.00228 |            0.00151 |               89.9 |
                490 |             -0.584 |             -0.598 |              0.002 |            0.00151 |               86.2 |
                500 |             -0.592 |             -0.596 |            0.00213 |            0.00151 |               86.1 |
                510 |             -0.645 |              -0.59 |             0.0021 |            0.00151 |               87.4 |
                520 |             -0.692 |             -0.579 |            0.00191 |            0.00151 |                 90 |
                530 |             -0.686 |              -0.58 |            0.00198 |            0.00151 |               90.9 |
                540 |             -0.707 |             -0.597 |            0.00172 |            0.00145 |               92.1 |
                550 |              -0.69 |             -0.598 |            0.00171 |            0.00145 |               92.8 |
                560 |             -0.735 |             -0.577 |            0.00165 |            0.00139 |               92.5 |
                570 |             -0.757 |             -0.571 |            0.00199 |            0.00139 |               91.4 |
                580 |             -0.751 |             -0.562 |            0.00193 |            0.00139 |               91.4 |
                590 |             -0.786 |             -0.541 |            0.00153 |            0.00121 |               92.3 |
                600 |             -0.763 |             -0.576 |            0.00137 |            0.00121 |               88.7 |
                610 |             -0.833 |             -0.566 |            0.00163 |            0.00114 |                 86 |
                620 |              -0.79 |             -0.558 |            0.00181 |            0.00112 |               87.3 |
                630 |             -0.807 |             -0.564 |            0.00147 |            0.00112 |               91.5 |
                640 |               -0.8 |             -0.573 |             0.0017 |            0.00112 |               91.9 |
                650 |             -0.802 |             -0.561 |            0.00171 |            0.00112 |               92.4 |
                660 |             -0.812 |             -0.583 |            0.00107 |            0.00107 |               91.2 |
                670 |             -0.854 |             -0.583 |            0.00181 |            0.00107 |               92.8 |
                680 |             -0.832 |             -0.566 |            0.00172 |            0.00107 |               91.9 |
                690 |             -0.836 |             -0.589 |             0.0016 |            0.00107 |               92.2 |
                700 |             -0.837 |             -0.584 |            0.00194 |            0.00107 |                 92 |
                710 |             -0.819 |             -0.589 |            0.00152 |            0.00107 |               91.7 |
                720 |             -0.814 |             -0.591 |            0.00233 |            0.00107 |               91.3 |
                730 |              -0.82 |             -0.586 |            0.00159 |            0.00107 |               92.1 |
                740 |             -0.835 |             -0.583 |            0.00191 |            0.00107 |               92.7 |
                750 |               -0.8 |             -0.559 |            0.00187 |            0.00107 |               92.2 |
                760 |             -0.812 |             -0.566 |            0.00183 |            0.00107 |                 92 |
                770 |              -0.84 |             -0.546 |            0.00158 |            0.00107 |               93.2 |
                780 |              -0.84 |             -0.571 |            0.00153 |            0.00107 |               91.3 |
                790 |             -0.818 |             -0.572 |            0.00175 |            0.00107 |               91.8 |
                800 |             -0.815 |             -0.595 |            0.00108 |            0.00107 |               92.2 |
                810 |             -0.841 |             -0.585 |            0.00187 |            0.00104 |               92.3 |
                820 |             -0.811 |             -0.586 |            0.00153 |            0.00104 |               92.1 |
                830 |             -0.785 |             -0.564 |            0.00175 |            0.00104 |               91.5 |
                840 |             -0.795 |             -0.587 |            0.00194 |            0.00104 |               90.9 |
                850 |             -0.828 |             -0.591 |             0.0016 |            0.00104 |               92.2 |
                860 |              -0.86 |             -0.553 |            0.00152 |            0.00104 |               92.6 |
                870 |             -0.807 |             -0.579 |            0.00188 |            0.00104 |               92.3 |
                880 |             -0.815 |             -0.565 |            0.00186 |            0.00104 |               91.8 |
                890 |             -0.794 |             -0.581 |            0.00175 |            0.00104 |               92.8 |
                900 |             -0.863 |             -0.574 |             0.0014 |            0.00104 |               92.5 |
                910 |             -0.799 |              -0.55 |            0.00137 |            0.00104 |               92.5 |
                920 |             -0.831 |             -0.577 |            0.00153 |           0.000989 |               90.9 |
                930 |             -0.819 |             -0.567 |            0.00185 |           0.000989 |               92.1 |
                940 |              -0.85 |             -0.566 |            0.00191 |           0.000989 |               92.3 |
                950 |             -0.833 |             -0.564 |            0.00215 |           0.000989 |               91.5 |
                960 |             -0.822 |             -0.583 |             0.0019 |           0.000989 |               91.6 |
                970 |              -0.85 |             -0.562 |            0.00176 |           0.000989 |               92.3 |
                980 |              -0.84 |             -0.585 |            0.00145 |           0.000989 |               91.3 |
                990 |             -0.848 |             -0.597 |            0.00145 |           0.000989 |               91.6 |
Training complete: 
   Data path: /work/qgan/data/train/amp-qml_torch-q8-noiseless-REG-aerCPU-rand0.25-seed0 
   Best eval: 0.0009887539479384918 
   Total time: 9019.36819767952

Running: /work/qgan/data/train/amp-qml_torch-q8-noiseless-REG-aerCPU-rand0-seed2/config.yaml
              Epoch |     Generator cost | Discriminator cost |               Eval |          Best eval |               Time |
Training complete: 
   Data path: /work/qgan/data/train/amp-qml_torch-q8-noiseless-REG-aerCPU-rand0-seed2 
   Best eval: 0.001379424361126483 
   Total time: 9344.643297433853

Running: /work/qgan/data/train/ang-qml_torch-q4-noiseless-SPSA-aerCPU-rand0.5-seed0/config.yaml
Training data file created.
              Epoch |     Generator cost | Discriminator cost |               Eval |          Best eval |               Time |
                  0 |             -0.539 |             -0.553 |               0.44 |               0.44 |              0.707 |
                 10 |             -0.396 |             -0.551 |              0.277 |              0.115 |               7.56 |
                 20 |             -0.593 |             -0.468 |              0.385 |              0.115 |               7.98 |
                 30 |             -0.446 |             -0.527 |              0.381 |              0.115 |               7.92 |
                 40 |             -0.418 |             -0.581 |              0.202 |              0.115 |               7.96 |
                 50 |             -0.493 |             -0.523 |              0.455 |              0.115 |               7.98 |
                 60 |             -0.648 |             -0.516 |              0.373 |              0.115 |               7.95 |
                 70 |             -0.545 |             -0.574 |              0.383 |              0.115 |               7.94 |
                 80 |             -0.604 |             -0.555 |              0.414 |              0.115 |               7.97 |
                 90 |              -0.46 |             -0.526 |              0.362 |              0.115 |               7.96 |
                100 |             -0.604 |             -0.498 |              0.302 |              0.115 |               8.06 |
                110 |             -0.636 |             -0.566 |              0.421 |              0.115 |               7.98 |
                120 |             -0.677 |             -0.528 |              0.337 |              0.115 |               7.95 |
                130 |             -0.709 |             -0.551 |              0.177 |              0.115 |               7.94 |
                140 |             -0.588 |             -0.533 |              0.296 |              0.115 |               8.09 |
                150 |             -0.654 |             -0.522 |              0.365 |              0.115 |               7.94 |
                160 |              -0.59 |             -0.558 |              0.439 |              0.115 |               7.96 |
                170 |             -0.572 |             -0.525 |              0.574 |              0.115 |               7.94 |
                180 |             -0.615 |             -0.552 |              0.515 |              0.115 |               8.03 |
                190 |              -0.49 |             -0.531 |              0.547 |              0.115 |               7.94 |
                200 |             -0.741 |              -0.53 |              0.533 |              0.115 |               7.97 |
                210 |             -0.761 |             -0.529 |              0.386 |              0.115 |               7.93 |
                220 |             -0.727 |             -0.554 |              0.426 |              0.115 |               7.93 |
                230 |             -0.889 |             -0.565 |              0.525 |              0.115 |               7.98 |
                240 |             -0.754 |             -0.492 |              0.545 |              0.115 |               8.01 |
                250 |             -0.798 |             -0.543 |              0.384 |              0.115 |               7.92 |
                260 |             -0.705 |             -0.566 |              0.326 |              0.115 |               8.03 |
                270 |             -0.723 |             -0.527 |              0.505 |              0.115 |               7.94 |
                280 |              -0.73 |             -0.564 |              0.414 |              0.115 |               7.94 |
                290 |             -0.823 |             -0.523 |              0.569 |              0.115 |               7.95 |
                300 |             -0.779 |              -0.54 |               0.41 |              0.115 |               7.96 |
                310 |             -0.779 |             -0.573 |               0.48 |              0.115 |               8.06 |
                320 |             -0.874 |             -0.628 |              0.363 |              0.115 |               8.38 |
                330 |             -0.667 |             -0.709 |              0.421 |              0.115 |               8.33 |
                340 |             -0.757 |             -0.528 |              0.619 |              0.115 |               8.56 |
                350 |             -0.833 |             -0.596 |              0.541 |              0.115 |               8.37 |
                360 |             -0.804 |             -0.619 |              0.477 |              0.115 |               8.35 |
                370 |             -0.642 |             -0.548 |              0.483 |              0.115 |               8.36 |
                380 |             -0.856 |             -0.618 |              0.464 |              0.115 |               8.33 |
                390 |              -0.89 |             -0.541 |              0.486 |              0.115 |               8.35 |
                400 |             -0.681 |             -0.581 |              0.562 |              0.115 |               8.35 |
                410 |             -0.658 |              -0.57 |              0.527 |              0.115 |               8.31 |
                420 |             -0.783 |             -0.597 |              0.456 |              0.115 |               8.33 |
                430 |             -0.765 |             -0.636 |              0.386 |              0.115 |               8.33 |
                440 |             -0.705 |             -0.606 |              0.479 |              0.115 |               8.35 |
                450 |             -0.782 |             -0.584 |              0.466 |              0.115 |               8.39 |
                460 |             -0.802 |             -0.547 |              0.638 |              0.115 |               8.33 |
                470 |             -0.799 |             -0.671 |              0.529 |              0.115 |               8.34 |
                480 |             -0.741 |             -0.519 |              0.528 |              0.115 |               8.43 |
                490 |             -0.604 |             -0.651 |              0.699 |              0.115 |                8.4 |
                500 |             -0.758 |             -0.577 |              0.585 |              0.115 |               8.33 |
                510 |             -0.761 |             -0.602 |              0.536 |              0.115 |               8.61 |
                520 |             -0.716 |             -0.583 |              0.459 |              0.115 |               8.33 |
                530 |             -0.908 |             -0.543 |               0.35 |              0.115 |               8.34 |
                540 |             -0.813 |             -0.577 |               0.67 |              0.115 |               8.35 |
                550 |             -0.667 |             -0.653 |              0.404 |              0.115 |               8.34 |
                560 |             -0.912 |             -0.584 |              0.418 |              0.115 |               8.35 |
                570 |             -0.647 |             -0.586 |              0.313 |              0.115 |               8.35 |
                580 |             -0.619 |             -0.629 |              0.358 |              0.115 |               8.34 |
                590 |               -0.7 |             -0.531 |               0.41 |              0.115 |               8.36 |
                600 |             -0.776 |             -0.558 |              0.481 |              0.115 |               8.38 |
                610 |             -0.809 |             -0.628 |              0.597 |              0.115 |               8.31 |
                620 |             -0.786 |              -0.62 |                0.7 |              0.115 |               8.31 |
                630 |               -0.7 |             -0.612 |              0.527 |              0.115 |               8.42 |
                640 |             -0.677 |              -0.61 |              0.575 |              0.115 |               8.51 |
                650 |              -0.84 |              -0.53 |              0.369 |              0.115 |               8.52 |
                660 |             -0.861 |             -0.625 |              0.541 |              0.115 |               8.52 |
                670 |             -0.872 |             -0.654 |              0.488 |              0.115 |               8.54 |
                680 |             -0.828 |             -0.519 |              0.693 |              0.115 |               8.55 |
                690 |             -0.783 |             -0.591 |              0.462 |              0.115 |               8.57 |
                700 |             -0.818 |             -0.696 |              0.417 |              0.115 |               8.64 |
                710 |             -0.826 |             -0.589 |              0.647 |              0.115 |               8.66 |
                720 |             -0.826 |             -0.637 |              0.498 |              0.115 |               8.67 |
                730 |             -0.757 |             -0.588 |              0.554 |              0.115 |               8.67 |
                740 |             -0.813 |             -0.597 |              0.473 |              0.115 |               8.65 |
                750 |             -0.769 |             -0.593 |               0.58 |              0.115 |               8.66 |
                760 |             -0.777 |             -0.527 |              0.498 |              0.115 |               8.67 |
                770 |             -0.784 |             -0.577 |              0.456 |              0.115 |               8.66 |
                780 |             -0.709 |             -0.678 |              0.365 |              0.115 |               8.68 |
                790 |             -0.853 |             -0.567 |              0.647 |              0.115 |               8.65 |
                800 |               -0.7 |             -0.615 |              0.466 |              0.115 |               8.64 |
                810 |             -0.854 |             -0.542 |              0.504 |              0.115 |               8.65 |
                820 |              -0.81 |             -0.602 |              0.426 |              0.115 |               8.68 |
                830 |             -0.884 |             -0.606 |              0.519 |              0.115 |               8.66 |
                840 |             -0.703 |             -0.586 |              0.425 |              0.115 |               8.65 |
                850 |             -0.803 |             -0.535 |              0.502 |              0.115 |               8.65 |
                860 |             -0.799 |             -0.597 |               0.49 |              0.115 |               8.68 |
                870 |             -0.839 |              -0.57 |              0.583 |              0.115 |               8.68 |
                880 |             -0.635 |             -0.662 |              0.443 |              0.115 |               8.67 |
                890 |             -0.881 |             -0.628 |               0.52 |              0.115 |               8.83 |
                900 |             -0.893 |             -0.588 |              0.508 |              0.115 |               8.67 |
                910 |             -0.708 |             -0.642 |              0.452 |              0.115 |               8.65 |
                920 |             -0.816 |              -0.62 |              0.468 |              0.115 |               8.68 |
                930 |             -0.806 |             -0.559 |              0.342 |              0.115 |               8.67 |
                940 |             -0.636 |             -0.609 |              0.391 |              0.115 |               8.67 |
                950 |             -0.906 |             -0.539 |              0.469 |              0.115 |               8.69 |
                960 |               -0.6 |             -0.572 |              0.496 |              0.115 |               8.66 |
                970 |             -0.831 |             -0.579 |              0.475 |              0.115 |               8.66 |
                980 |              -0.68 |             -0.629 |              0.387 |              0.115 |               8.67 |
                990 |             -0.716 |             -0.641 |              0.504 |              0.115 |               8.69 |
Training complete: 
   Data path: /work/qgan/data/train/ang-qml_torch-q4-noiseless-SPSA-aerCPU-rand0.5-seed0 
   Best eval: 0.11530318856239319 
   Total time: 834.2194201946259

Running: /work/qgan/data/train/ang-qml_torch-q4-noiseless-SPSA-aerCPU-rand0.1-seed2/config.yaml
              Epoch |     Generator cost | Discriminator cost |               Eval |          Best eval |               Time |
Training complete: 
   Data path: /work/qgan/data/train/ang-qml_torch-q4-noiseless-SPSA-aerCPU-rand0.1-seed2 
   Best eval: -0.0 
   Total time: 1580.2774357795715

Running: /work/qgan/data/train/ang-qml_torch-q4-noiseless-REG-aerCPU-rand1-seed0/config.yaml
Training data file created.
              Epoch |     Generator cost | Discriminator cost |               Eval |          Best eval |               Time |
                  0 |             -0.489 |             -0.534 |              0.182 |              0.182 |               1.16 |
                 10 |             -0.436 |             -0.539 |              0.193 |              0.128 |               11.3 |
                 20 |             -0.419 |             -0.597 |              0.301 |              0.128 |               11.7 |
                 30 |             -0.704 |             -0.608 |              0.411 |              0.128 |               11.5 |
                 40 |             -0.429 |             -0.661 |               0.31 |              0.128 |               11.3 |
                 50 |               -0.5 |              -0.71 |              0.309 |              0.128 |               11.5 |
                 60 |             -0.293 |             -0.582 |              0.314 |              0.128 |               11.3 |
                 70 |             -0.455 |             -0.713 |                0.2 |              0.128 |               11.5 |
                 80 |             -0.311 |             -0.703 |              0.228 |              0.128 |               11.5 |
                 90 |             -0.675 |              -0.61 |              0.275 |             0.0816 |               11.2 |
                100 |             -0.528 |             -0.816 |              0.243 |             0.0816 |               11.5 |
                110 |             -0.584 |             -0.651 |              0.203 |             0.0816 |               11.2 |
                120 |             -0.389 |             -0.774 |              0.163 |             0.0816 |               11.5 |
                130 |             -0.492 |             -0.685 |              0.397 |             0.0816 |               11.2 |
                140 |             -0.692 |             -0.772 |              0.194 |             0.0816 |               11.5 |
                150 |             -0.471 |             -0.777 |              0.196 |             0.0715 |               11.5 |
                160 |             -0.333 |             -0.668 |              0.123 |             0.0715 |               11.2 |
                170 |             -0.533 |             -0.786 |              0.227 |             0.0715 |               11.5 |
                180 |              -0.42 |             -0.804 |              0.287 |             0.0715 |               11.2 |
                190 |             -0.591 |             -0.876 |                0.1 |             0.0715 |               11.5 |
                200 |             -0.492 |             -0.554 |              0.162 |             0.0715 |               11.5 |
                210 |             -0.308 |             -0.654 |              0.249 |              0.063 |               11.2 |
                220 |             -0.526 |             -0.741 |              0.256 |              0.063 |               11.5 |
                230 |             -0.376 |             -0.821 |              0.246 |              0.063 |               11.2 |
                240 |             -0.478 |             -0.785 |              0.384 |              0.063 |               11.4 |
                250 |             -0.438 |             -0.686 |               0.13 |              0.063 |               11.2 |
                260 |             -0.423 |             -0.638 |              0.164 |              0.063 |               11.4 |
                270 |             -0.582 |             -0.664 |              0.149 |              0.063 |               11.5 |
                280 |             -0.548 |             -0.708 |              0.136 |              0.063 |               11.2 |
                290 |             -0.609 |             -0.671 |              0.271 |              0.063 |               11.4 |
                300 |             -0.638 |             -0.921 |              0.338 |              0.063 |               11.2 |
                310 |             -0.681 |             -0.745 |              0.211 |              0.063 |               11.4 |
                320 |             -0.622 |             -0.753 |              0.245 |              0.063 |               11.1 |
                330 |               -0.9 |             -0.609 |              0.281 |              0.063 |               11.4 |
                340 |             -0.555 |              -0.81 |              0.294 |              0.063 |               11.4 |
                350 |             -0.537 |             -0.685 |              0.183 |              0.063 |               11.2 |
                360 |             -0.497 |             -0.849 |              0.146 |              0.063 |               11.5 |
                370 |             -0.529 |             -0.857 |              0.301 |              0.063 |               11.2 |
                380 |             -0.529 |             -0.657 |              0.149 |              0.063 |               11.4 |
                390 |             -0.444 |             -0.757 |              0.178 |              0.063 |               11.5 |
                400 |             -0.273 |             -0.809 |              0.328 |              0.063 |               11.1 |
                410 |             -0.572 |             -0.695 |              0.205 |              0.063 |               11.4 |
                420 |             -0.305 |             -0.748 |              0.447 |              0.063 |               11.2 |
                430 |             -0.355 |             -0.806 |              0.139 |              0.063 |               11.4 |
                440 |              -0.31 |             -0.827 |              0.251 |              0.063 |               11.2 |
                450 |             -0.449 |             -0.726 |              0.331 |              0.063 |               11.5 |
                460 |              -0.49 |             -0.739 |              0.175 |              0.063 |               11.4 |
                470 |             -0.422 |             -0.648 |               0.22 |              0.063 |               11.2 |
                480 |             -0.615 |             -0.809 |              0.203 |              0.063 |               11.5 |
                490 |             -0.669 |             -0.776 |              0.217 |              0.063 |               11.2 |
                500 |             -0.447 |             -0.821 |              0.229 |              0.063 |               11.4 |
                510 |             -0.594 |             -0.856 |               0.22 |              0.063 |               11.4 |
                520 |             -0.491 |             -0.672 |              0.294 |              0.063 |               11.2 |
                530 |             -0.534 |             -0.816 |              0.253 |              0.063 |               11.5 |
                540 |             -0.368 |             -0.794 |              0.248 |              0.063 |               11.3 |
                550 |             -0.545 |              -0.61 |              0.184 |              0.063 |               11.5 |
                560 |             -0.325 |             -0.704 |              0.172 |              0.063 |               11.3 |
                570 |             -0.696 |             -0.824 |              0.123 |              0.063 |               11.6 |
                580 |             -0.492 |             -0.709 |              0.221 |              0.063 |               11.6 |
                590 |             -0.621 |             -0.836 |              0.139 |              0.063 |               11.3 |
                600 |             -0.442 |             -0.753 |              0.296 |              0.063 |               11.6 |
                610 |             -0.498 |             -0.638 |              0.236 |              0.063 |               11.3 |
                620 |             -0.477 |             -0.639 |              0.225 |              0.063 |               11.5 |
                630 |              -0.53 |             -0.643 |              0.228 |              0.063 |               11.3 |
                640 |             -0.542 |             -0.817 |              0.251 |              0.063 |               11.6 |
                650 |              -0.44 |             -0.853 |              0.116 |              0.063 |               11.5 |
                660 |              -0.25 |             -0.719 |              0.264 |              0.063 |               11.2 |
                670 |              -0.27 |             -0.634 |             0.0418 |             0.0418 |               11.5 |
                680 |             -0.432 |             -0.787 |               0.26 |             0.0418 |               11.2 |
                690 |             -0.202 |             -0.823 |              0.225 |             0.0418 |               11.5 |
                700 |             -0.455 |             -0.638 |              0.247 |             0.0418 |               11.5 |
                710 |             -0.417 |             -0.556 |              0.218 |             0.0418 |               11.3 |
                720 |             -0.312 |             -0.547 |              0.442 |             0.0418 |               11.5 |
                730 |             -0.689 |             -0.772 |              0.238 |             0.0418 |               11.3 |
                740 |             -0.374 |             -0.719 |              0.293 |             0.0418 |               11.4 |
                750 |             -0.673 |             -0.641 |                0.3 |             0.0418 |               11.2 |
                760 |             -0.628 |             -0.856 |              0.275 |             0.0418 |               11.4 |
                770 |             -0.561 |             -0.799 |               0.27 |             0.0418 |               11.5 |
                780 |               -0.6 |             -0.734 |              0.339 |             0.0418 |               11.3 |
                790 |             -0.468 |              -0.66 |              0.174 |             0.0418 |               11.5 |
                800 |             -0.552 |             -0.765 |              0.351 |             0.0418 |               11.2 |
                810 |             -0.555 |             -0.879 |              0.241 |             0.0418 |               11.5 |
                820 |             -0.392 |             -0.784 |               0.35 |             0.0418 |               11.2 |
                830 |             -0.309 |             -0.765 |               0.27 |             0.0418 |               11.4 |
                840 |             -0.669 |             -0.816 |              0.255 |             0.0418 |               11.5 |
                850 |             -0.483 |              -0.88 |              0.215 |             0.0418 |               11.3 |
                860 |             -0.623 |             -0.754 |              0.185 |             0.0418 |               11.5 |
                870 |             -0.451 |             -0.731 |              0.236 |             0.0418 |               11.2 |
                880 |             -0.629 |             -0.779 |              0.261 |             0.0418 |               11.4 |
                890 |             -0.297 |             -0.735 |              0.239 |             0.0418 |               11.4 |
                900 |             -0.448 |             -0.812 |              0.125 |             0.0418 |               11.3 |
                910 |              -0.61 |             -0.689 |              0.162 |             0.0418 |               11.5 |
                920 |             -0.358 |             -0.681 |              0.292 |             0.0418 |               11.2 |
                930 |             -0.696 |             -0.801 |              0.339 |             0.0418 |               11.4 |
                940 |             -0.669 |             -0.764 |              0.259 |             0.0418 |               11.2 |
                950 |             -0.541 |             -0.819 |             0.0694 |             0.0418 |               11.5 |
                960 |             -0.573 |             -0.786 |              0.248 |             0.0418 |               11.5 |
                970 |             -0.534 |             -0.825 |              0.338 |             0.0418 |               11.3 |
                980 |             -0.555 |             -0.696 |              0.141 |             0.0418 |               11.5 |
                990 |             -0.406 |             -0.699 |              0.187 |             0.0418 |               11.2 |
Training complete: 
   Data path: /work/qgan/data/train/ang-qml_torch-q4-noiseless-REG-aerCPU-rand1-seed0 
   Best eval: 0.041809119284152985 
   Total time: 1137.4954323768616

Running: /work/qgan/data/train/ang-qml_torch-q4-noiseless-REG-aerCPU-rand0.25-seed2/config.yaml
Training data file created.
              Epoch |     Generator cost | Discriminator cost |               Eval |          Best eval |               Time |
                  0 |             -0.681 |             -0.642 |            0.00359 |            0.00359 |               1.18 |
                 10 |             -0.733 |             -0.646 |             0.0053 |            9.9e-05 |               11.5 |
                 20 |             -0.722 |             -0.577 |              0.009 |                 -0 |               11.3 |
                 30 |             -0.714 |             -0.571 |             0.0282 |                 -0 |               11.5 |
                 40 |             -0.809 |             -0.583 |             0.0228 |                 -0 |               11.4 |
                 50 |             -0.829 |             -0.572 |            0.00651 |                 -0 |               11.2 |
                 60 |             -0.776 |             -0.544 |             0.0328 |                 -0 |               11.5 |
                 70 |             -0.877 |             -0.551 |             0.0202 |                 -0 |               11.2 |
                 80 |             -0.908 |             -0.577 |             0.0611 |                 -0 |               11.4 |
                 90 |             -0.854 |             -0.548 |             0.0547 |                 -0 |               11.2 |
                100 |             -0.883 |             -0.554 |             0.0271 |                 -0 |               11.4 |
                110 |             -0.758 |             -0.551 |             0.0312 |                 -0 |               11.4 |
                120 |             -0.763 |             -0.568 |              0.017 |                 -0 |               11.1 |
                130 |             -0.835 |             -0.554 |             0.0188 |                 -0 |               11.4 |
                140 |             -0.874 |             -0.569 |            0.00984 |                 -0 |               11.2 |
                150 |             -0.907 |             -0.557 |              0.037 |                 -0 |               11.4 |
                160 |             -0.877 |             -0.596 |             0.0709 |                 -0 |               11.5 |
                170 |             -0.857 |             -0.545 |             0.0251 |                 -0 |               11.2 |
                180 |             -0.897 |             -0.575 |             0.0187 |                 -0 |               11.4 |
                190 |             -0.823 |             -0.566 |             0.0635 |                 -0 |               11.2 |
                200 |             -0.849 |             -0.547 |             0.0116 |                 -0 |               11.4 |
                210 |             -0.881 |              -0.55 |             0.0336 |                 -0 |               11.1 |
                220 |             -0.886 |             -0.558 |             0.0431 |                 -0 |               11.4 |
                230 |             -0.918 |             -0.535 |             0.0309 |                 -0 |               11.3 |
                240 |             -0.906 |              -0.54 |             0.0512 |                 -0 |               11.1 |
                250 |             -0.836 |             -0.557 |              0.028 |                 -0 |               11.4 |
                260 |             -0.897 |             -0.552 |              0.048 |                 -0 |               11.1 |
                270 |              -0.88 |             -0.545 |             0.0187 |                 -0 |               11.4 |
                280 |             -0.788 |             -0.567 |             0.0252 |                 -0 |               11.2 |
                290 |             -0.844 |              -0.55 |             0.0133 |                 -0 |               10.9 |
                300 |             -0.817 |             -0.555 |             0.0302 |                 -0 |               11.1 |
                310 |             -0.847 |             -0.566 |             0.0645 |                 -0 |               10.9 |
                320 |             -0.895 |             -0.549 |             0.0489 |                 -0 |               11.2 |
                330 |             -0.876 |             -0.566 |             0.0169 |                 -0 |                 11 |
                340 |             -0.905 |             -0.541 |             0.0345 |                 -0 |               11.2 |
                350 |             -0.894 |             -0.573 |             0.0457 |                 -0 |               11.2 |
                360 |             -0.855 |             -0.569 |             0.0644 |                 -0 |               10.9 |
                370 |             -0.856 |             -0.559 |             0.0391 |                 -0 |                 11 |
                380 |             -0.865 |             -0.542 |             0.0698 |                 -0 |               10.9 |
                390 |             -0.849 |             -0.551 |             0.0432 |                 -0 |               11.1 |
                400 |             -0.888 |             -0.543 |             0.0355 |                 -0 |               11.4 |
                410 |              -0.85 |              -0.53 |             0.0256 |                 -0 |               11.1 |
                420 |             -0.767 |             -0.542 |              0.064 |                 -0 |               11.3 |
                430 |              -0.86 |             -0.577 |              0.046 |                 -0 |               10.9 |
                440 |             -0.879 |             -0.543 |             0.0669 |                 -0 |               11.1 |
                450 |             -0.844 |             -0.578 |             0.0527 |                 -0 |               10.8 |
                460 |             -0.881 |             -0.544 |             0.0348 |                 -0 |               11.2 |
                470 |              -0.87 |             -0.534 |             0.0702 |                 -0 |               11.3 |
                480 |             -0.865 |              -0.57 |             0.0637 |                 -0 |               10.9 |
                490 |              -0.92 |             -0.547 |             0.0757 |                 -0 |               11.2 |
                500 |             -0.868 |             -0.547 |             0.0477 |                 -0 |                 11 |
                510 |             -0.891 |             -0.561 |             0.0925 |                 -0 |               11.2 |
                520 |             -0.926 |             -0.553 |             0.0797 |                 -0 |               10.9 |
                530 |             -0.878 |             -0.544 |             0.0341 |                 -0 |               11.3 |
                540 |             -0.919 |             -0.545 |             0.0613 |                 -0 |               11.2 |
                550 |             -0.894 |             -0.544 |             0.0453 |                 -0 |               10.8 |
                560 |             -0.887 |             -0.549 |              0.121 |                 -0 |               11.1 |
                570 |             -0.884 |             -0.567 |             0.0881 |                 -0 |                 11 |
                580 |             -0.896 |             -0.521 |             0.0707 |                 -0 |               11.3 |
                590 |              -0.85 |             -0.503 |             0.0537 |                 -0 |               11.2 |
                600 |             -0.882 |             -0.516 |             0.0772 |                 -0 |                 11 |
                610 |             -0.911 |             -0.534 |             0.0647 |                 -0 |               11.3 |
                620 |             -0.852 |             -0.548 |             0.0769 |                 -0 |               10.8 |
                630 |             -0.902 |             -0.541 |             0.0831 |                 -0 |               11.1 |
                640 |             -0.875 |             -0.529 |              0.106 |                 -0 |               10.8 |
                650 |             -0.892 |             -0.532 |             0.0539 |                 -0 |                 11 |
                660 |              -0.92 |             -0.523 |             0.0515 |                 -0 |               11.1 |
                670 |             -0.891 |             -0.558 |             0.0419 |                 -0 |               10.7 |
                680 |             -0.929 |             -0.527 |             0.0295 |                 -0 |               10.9 |
                690 |             -0.884 |             -0.538 |             0.0538 |                 -0 |               10.8 |
                700 |             -0.927 |             -0.536 |             0.0344 |                 -0 |               11.1 |
                710 |             -0.931 |             -0.521 |             0.0651 |                 -0 |               11.1 |
                720 |             -0.831 |             -0.533 |             0.0463 |                 -0 |               10.7 |
                730 |             -0.871 |             -0.518 |             0.0176 |                 -0 |               11.1 |
                740 |             -0.939 |             -0.543 |              0.025 |                 -0 |               10.8 |
                750 |               -0.9 |              -0.51 |            0.00586 |                 -0 |               11.1 |
                760 |               -0.9 |             -0.511 |             0.0266 |                 -0 |               10.7 |
                770 |             -0.912 |             -0.528 |             0.0441 |                 -0 |               11.1 |
                780 |             -0.896 |             -0.541 |             0.0367 |                 -0 |                 11 |
                790 |             -0.903 |             -0.514 |            0.00432 |                 -0 |               10.6 |
                800 |             -0.867 |             -0.552 |              0.067 |                 -0 |               11.1 |
                810 |             -0.915 |             -0.521 |             0.0353 |                 -0 |               10.9 |
                820 |             -0.947 |             -0.525 |             0.0687 |                 -0 |               11.1 |
                830 |             -0.857 |             -0.541 |             0.0623 |                 -0 |               10.9 |
                840 |             -0.905 |             -0.547 |             0.0776 |                 -0 |                 11 |
                850 |             -0.862 |             -0.539 |             0.0191 |                 -0 |               10.9 |
                860 |             -0.906 |             -0.567 |             0.0597 |                 -0 |               10.7 |
                870 |             -0.914 |              -0.52 |             0.0286 |                 -0 |               11.1 |
                880 |             -0.923 |             -0.549 |             0.0431 |                 -0 |               10.8 |
                890 |             -0.899 |             -0.539 |             0.0335 |                 -0 |                 11 |
                900 |              -0.88 |             -0.562 |             0.0627 |                 -0 |               11.2 |
                910 |              -0.88 |             -0.521 |             0.0565 |                 -0 |               10.8 |
                920 |             -0.914 |              -0.55 |             0.0611 |                 -0 |                 11 |
                930 |             -0.876 |             -0.536 |             0.0277 |                 -0 |               10.6 |
                940 |             -0.887 |             -0.551 |             0.0604 |                 -0 |                 11 |
                950 |              -0.87 |             -0.529 |             0.0868 |                 -0 |               10.7 |
                960 |             -0.896 |             -0.539 |             0.0977 |                 -0 |               11.1 |
                970 |             -0.926 |             -0.551 |             0.0554 |                 -0 |               11.1 |
                980 |             -0.918 |             -0.565 |             0.0711 |                 -0 |               10.7 |
                990 |             -0.909 |             -0.557 |             0.0722 |                 -0 |               10.9 |
Training complete: 
   Data path: /work/qgan/data/train/ang-qml_torch-q4-noiseless-REG-aerCPU-rand0.25-seed2 
   Best eval: -0.0 
   Total time: 1108.4529912471771

Running: /work/qgan/data/train/base-qml_torch-q8-noiseless-PSR-aerCPU-rand0-seed1/config.yaml
              Epoch |     Generator cost | Discriminator cost |               Eval |          Best eval |               Time |
Training complete: 
   Data path: /work/qgan/data/train/base-qml_torch-q8-noiseless-PSR-aerCPU-rand0-seed1 
   Best eval: 1.6863784709236123 
   Total time: 729.1364035606384

Running: /work/qgan/data/train/base-qml_torch-q8-noiseless-PSR-aerCPU-rand0.5-seed2/config.yaml
              Epoch |     Generator cost | Discriminator cost |               Eval |          Best eval |               Time |
Training complete: 
   Data path: /work/qgan/data/train/base-qml_torch-q8-noiseless-PSR-aerCPU-rand0.5-seed2 
   Best eval: 1.2855090553516106 
   Total time: 747.7945699691772

Running: /work/qgan/data/train/base-qml_torch-q4-noiseless-REG-aerCPU-rand0.1-seed1/config.yaml
              Epoch |     Generator cost | Discriminator cost |               Eval |          Best eval |               Time |
Training complete: 
   Data path: /work/qgan/data/train/base-qml_torch-q4-noiseless-REG-aerCPU-rand0.1-seed1 
   Best eval: 0.01083077665024143 
   Total time: 90.7177300453186

Running: /work/qgan/data/train/base-qml_torch-q4-noiseless-REG-aerCPU-rand1-seed2/config.yaml
              Epoch |     Generator cost | Discriminator cost |               Eval |          Best eval |               Time |
Training complete: 
   Data path: /work/qgan/data/train/base-qml_torch-q4-noiseless-REG-aerCPU-rand1-seed2 
   Best eval: 0.09115693506703904 
   Total time: 82.04855680465698

Running: /work/qgan/data/train/amp-qml_torch-q4-noiseless-SPSA-aerCPU-rand0.25-seed1/config.yaml
Training data file created.
              Epoch |     Generator cost | Discriminator cost |               Eval |          Best eval |               Time |
                  0 |              -0.43 |             -0.389 |             0.0595 |             0.0595 |             0.0735 |
                 10 |             -0.611 |             -0.416 |             0.0654 |             0.0428 |               0.64 |
                 20 |             -0.586 |             -0.359 |             0.0666 |             0.0428 |               0.64 |
                 30 |             -0.602 |             -0.319 |             0.0628 |             0.0428 |              0.632 |
                 40 |             -0.579 |             -0.373 |             0.0753 |             0.0428 |              0.657 |
                 50 |             -0.567 |             -0.379 |             0.0663 |             0.0428 |              0.647 |
                 60 |             -0.634 |             -0.373 |             0.0732 |             0.0428 |              0.652 |
                 70 |              -0.68 |             -0.357 |              0.067 |             0.0423 |              0.653 |
                 80 |              -0.55 |             -0.399 |             0.0704 |             0.0423 |              0.655 |
                 90 |             -0.596 |             -0.378 |             0.0714 |             0.0423 |              0.658 |
                100 |             -0.647 |             -0.381 |             0.0645 |             0.0423 |              0.653 |
                110 |             -0.621 |             -0.423 |             0.0632 |             0.0423 |              0.654 |
                120 |             -0.633 |             -0.455 |             0.0497 |             0.0423 |              0.657 |
                130 |             -0.598 |             -0.456 |             0.0768 |             0.0423 |              0.644 |
                140 |             -0.672 |             -0.438 |             0.0749 |             0.0423 |              0.617 |
                150 |             -0.477 |             -0.421 |              0.055 |             0.0423 |              0.632 |
                160 |             -0.582 |             -0.487 |             0.0599 |             0.0423 |              0.622 |
                170 |             -0.645 |             -0.425 |              0.066 |             0.0423 |              0.656 |
                180 |             -0.643 |             -0.407 |             0.0655 |             0.0423 |               0.64 |
                190 |             -0.585 |             -0.439 |             0.0619 |             0.0423 |              0.644 |
                200 |             -0.556 |             -0.499 |             0.0652 |             0.0423 |              0.645 |
                210 |             -0.501 |             -0.452 |              0.059 |             0.0423 |              0.655 |
                220 |             -0.598 |             -0.524 |             0.0682 |             0.0423 |              0.647 |
                230 |             -0.596 |             -0.474 |             0.0432 |             0.0423 |               0.66 |
                240 |             -0.427 |              -0.52 |             0.0462 |             0.0423 |              0.647 |
                250 |             -0.567 |             -0.552 |             0.0492 |             0.0423 |              0.643 |
                260 |             -0.576 |             -0.594 |             0.0747 |             0.0423 |               0.66 |
                270 |             -0.643 |             -0.601 |             0.0681 |             0.0423 |              0.637 |
                280 |             -0.464 |             -0.558 |             0.0769 |             0.0423 |              0.653 |
                290 |             -0.605 |             -0.594 |             0.0635 |             0.0423 |              0.654 |
                300 |             -0.697 |             -0.597 |             0.0684 |             0.0423 |              0.646 |
                310 |             -0.614 |             -0.562 |             0.0687 |             0.0423 |               0.64 |
                320 |             -0.605 |             -0.613 |             0.0642 |             0.0423 |              0.641 |
                330 |             -0.663 |             -0.559 |             0.0804 |             0.0423 |              0.614 |
                340 |              -0.58 |             -0.548 |             0.0704 |             0.0423 |               0.66 |
                350 |             -0.556 |             -0.594 |             0.0471 |             0.0423 |              0.629 |
                360 |             -0.475 |             -0.588 |             0.0636 |             0.0423 |              0.657 |
                370 |              -0.63 |              -0.52 |             0.0628 |             0.0423 |              0.647 |
                380 |             -0.551 |             -0.511 |             0.0707 |             0.0423 |              0.652 |
                390 |               -0.7 |             -0.603 |             0.0776 |             0.0423 |              0.643 |
                400 |             -0.593 |             -0.527 |              0.043 |             0.0423 |               0.65 |
                410 |             -0.582 |             -0.563 |              0.062 |              0.042 |              0.624 |
                420 |             -0.681 |             -0.562 |             0.0531 |              0.042 |              0.667 |
                430 |             -0.567 |             -0.568 |             0.0599 |              0.042 |              0.625 |
                440 |              -0.66 |             -0.626 |             0.0709 |              0.042 |              0.626 |
                450 |             -0.611 |             -0.636 |             0.0535 |              0.042 |              0.584 |
                460 |             -0.592 |             -0.535 |             0.0731 |              0.042 |              0.644 |
                470 |             -0.596 |             -0.568 |             0.0756 |              0.042 |              0.641 |
                480 |             -0.658 |             -0.546 |             0.0706 |              0.042 |               0.65 |
                490 |             -0.652 |             -0.577 |             0.0569 |              0.042 |              0.654 |
                500 |             -0.618 |             -0.548 |             0.0718 |              0.042 |              0.659 |
                510 |             -0.562 |             -0.575 |             0.0732 |              0.042 |              0.632 |
                520 |             -0.681 |              -0.58 |             0.0666 |              0.042 |              0.659 |
                530 |             -0.631 |             -0.559 |             0.0609 |              0.042 |              0.612 |
                540 |              -0.68 |             -0.581 |             0.0819 |              0.042 |              0.661 |
                550 |             -0.608 |             -0.583 |             0.0694 |              0.042 |              0.666 |
                560 |             -0.674 |             -0.589 |             0.0652 |              0.042 |              0.639 |
                570 |             -0.636 |             -0.534 |             0.0685 |              0.042 |              0.625 |
                580 |              -0.58 |             -0.566 |             0.0607 |              0.042 |              0.631 |
                590 |             -0.724 |             -0.549 |              0.067 |              0.042 |              0.608 |
                600 |             -0.568 |              -0.54 |             0.0665 |              0.042 |               0.62 |
                610 |             -0.649 |             -0.598 |             0.0704 |              0.042 |              0.593 |
                620 |             -0.708 |             -0.565 |             0.0687 |              0.042 |              0.616 |
                630 |             -0.732 |             -0.553 |             0.0637 |              0.042 |              0.614 |
                640 |              -0.63 |             -0.603 |             0.0728 |              0.042 |              0.565 |
                650 |             -0.737 |             -0.584 |             0.0749 |              0.042 |              0.645 |
                660 |             -0.613 |              -0.56 |             0.0607 |              0.042 |              0.615 |
                670 |             -0.693 |             -0.534 |             0.0664 |              0.042 |              0.624 |
                680 |             -0.682 |             -0.531 |             0.0657 |              0.042 |              0.597 |
                690 |             -0.692 |             -0.552 |             0.0761 |              0.042 |               0.62 |
                700 |             -0.692 |             -0.583 |              0.064 |              0.042 |              0.619 |
                710 |             -0.738 |             -0.505 |             0.0714 |              0.042 |              0.624 |
                720 |             -0.732 |             -0.495 |             0.0751 |              0.042 |              0.629 |
                730 |             -0.666 |             -0.549 |             0.0662 |              0.042 |              0.615 |
                740 |             -0.759 |             -0.519 |             0.0643 |              0.042 |              0.616 |
                750 |             -0.752 |             -0.517 |             0.0794 |              0.042 |              0.652 |
                760 |             -0.772 |             -0.489 |             0.0716 |              0.042 |              0.631 |
                770 |              -0.76 |             -0.551 |              0.069 |              0.042 |               0.64 |
                780 |              -0.75 |             -0.514 |             0.0476 |              0.042 |              0.631 |
                790 |             -0.727 |             -0.497 |             0.0691 |              0.042 |              0.626 |
                800 |             -0.773 |             -0.529 |              0.063 |              0.042 |              0.616 |
                810 |             -0.819 |             -0.494 |             0.0688 |              0.042 |              0.623 |
                820 |             -0.773 |             -0.544 |             0.0698 |              0.042 |              0.608 |
                830 |              -0.82 |             -0.485 |             0.0652 |              0.042 |              0.658 |
                840 |              -0.77 |             -0.546 |             0.0486 |              0.042 |              0.614 |
                850 |             -0.721 |             -0.501 |             0.0541 |              0.042 |              0.654 |
                860 |             -0.783 |             -0.487 |              0.075 |              0.042 |              0.652 |
                870 |             -0.785 |             -0.504 |             0.0717 |              0.042 |              0.652 |
                880 |             -0.782 |             -0.497 |             0.0565 |             0.0418 |              0.654 |
                890 |             -0.762 |             -0.515 |             0.0657 |             0.0418 |              0.652 |
                900 |             -0.692 |             -0.522 |             0.0385 |             0.0385 |              0.648 |
                910 |             -0.742 |             -0.508 |             0.0642 |             0.0334 |               0.66 |
                920 |             -0.736 |              -0.49 |             0.0512 |             0.0334 |              0.651 |
                930 |              -0.76 |             -0.541 |             0.0566 |             0.0334 |              0.648 |
                940 |              -0.71 |             -0.505 |             0.0482 |             0.0334 |              0.651 |
                950 |             -0.767 |             -0.526 |              0.057 |             0.0321 |              0.637 |
                960 |             -0.743 |             -0.503 |             0.0418 |             0.0321 |              0.654 |
                970 |             -0.721 |             -0.512 |             0.0707 |             0.0321 |              0.645 |
                980 |             -0.685 |             -0.498 |             0.0722 |             0.0321 |              0.613 |
                990 |             -0.723 |             -0.554 |             0.0518 |             0.0321 |               0.63 |
Training complete: 
   Data path: /work/qgan/data/train/amp-qml_torch-q4-noiseless-SPSA-aerCPU-rand0.25-seed1 
   Best eval: 0.03208003510390298 
   Total time: 63.78535866737366

Running: /work/qgan/data/train/base-qml_torch-q4-noisy-PSR-aerCPU-rand0-seed0/config.yaml
              Epoch |     Generator cost | Discriminator cost |               Eval |          Best eval |               Time |
                430 |             -0.928 |             -0.501 |              0.681 |              0.679 |                793 |
                440 |             -0.911 |             -0.529 |              0.878 |              0.679 |           2.68e+03 |
                450 |             -0.857 |             -0.524 |               1.54 |              0.679 |           2.66e+03 |
                460 |             -0.842 |             -0.522 |               2.54 |              0.679 |            2.7e+03 |
                470 |             -0.811 |              -0.54 |               1.58 |              0.679 |            2.7e+03 |
                480 |             -0.702 |             -0.543 |               1.03 |              0.679 |           2.71e+03 |
                490 |               -0.6 |             -0.575 |              0.865 |              0.679 |            2.7e+03 |
                500 |             -0.442 |             -0.622 |               0.92 |              0.679 |            2.7e+03 |
                510 |             -0.341 |             -0.637 |               1.92 |              0.679 |            2.7e+03 |
                520 |             -0.298 |             -0.626 |               0.95 |              0.679 |            2.7e+03 |
                530 |             -0.406 |             -0.581 |               1.07 |              0.679 |           2.71e+03 |
                540 |             -0.557 |             -0.516 |               1.97 |              0.679 |           2.71e+03 |
