Creating config files for run_000:
Configuration file rewritten. Path: /work/qgan/data/train/ang-qml_torch-q8-noiseless-PSR-aerCPU-rand0.5-seed0/config.yaml

Creating config files for run_001:
Configuration file rewritten. Path: /work/qgan/data/train/ang-qml_torch-q8-noiseless-PSR-aerCPU-rand0.1-seed2/config.yaml

Creating config files for run_002:
Configuration file rewritten. Path: /work/qgan/data/train/amp-qml_torch-q8-noiseless-PSR-aerCPU-rand1-seed0/config.yaml

Creating config files for run_003:
Configuration file rewritten. Path: /work/qgan/data/train/amp-qml_torch-q8-noiseless-PSR-aerCPU-rand0.25-seed2/config.yaml

Creating config files for run_004:
Configuration file rewritten. Path: /work/qgan/data/train/amp-qml_torch-q8-noiseless-SPSA-aerCPU-rand0-seed1/config.yaml

Creating config files for run_005:
Configuration file rewritten. Path: /work/qgan/data/train/amp-qml_torch-q8-noiseless-SPSA-aerCPU-rand0.5-seed2/config.yaml

Creating config files for run_006:
Configuration file rewritten. Path: /work/qgan/data/train/amp-qml_torch-q8-noiseless-REG-aerCPU-rand0.1-seed1/config.yaml

Creating config files for run_007:
Configuration file rewritten. Path: /work/qgan/data/train/amp-qml_torch-q8-noiseless-REG-aerCPU-rand1-seed2/config.yaml

Creating config files for run_008:
Configuration file rewritten. Path: /work/qgan/data/train/ang-qml_torch-q4-noiseless-SPSA-aerCPU-rand0.25-seed1/config.yaml

Creating config files for run_009:
Configuration file rewritten. Path: /work/qgan/data/train/ang-qml_torch-q4-noiseless-REG-aerCPU-rand0-seed0/config.yaml

Creating config files for run_010:
Configuration file rewritten. Path: /work/qgan/data/train/ang-qml_torch-q4-noiseless-REG-aerCPU-rand0.5-seed1/config.yaml

Creating config files for run_011:
Configuration file rewritten. Path: /work/qgan/data/train/base-qml_torch-q8-noiseless-PSR-aerCPU-rand0.1-seed0/config.yaml

Creating config files for run_012:
Configuration file rewritten. Path: /work/qgan/data/train/base-qml_torch-q8-noiseless-PSR-aerCPU-rand1-seed1/config.yaml

Creating config files for run_013:
Configuration file rewritten. Path: /work/qgan/data/train/base-qml_torch-q4-noiseless-REG-aerCPU-rand0.25-seed0/config.yaml

Creating config files for run_014:
Configuration file rewritten. Path: /work/qgan/data/train/base-qml_torch-q4-noiseless-REG-aerCPU-rand0-seed2/config.yaml

Creating config files for run_015:
Configuration file rewritten. Path: /work/qgan/data/train/amp-qml_torch-q4-noiseless-SPSA-aerCPU-rand0.5-seed0/config.yaml

Creating config files for run_016:
Configuration file rewritten. Path: /work/qgan/data/train/amp-qml_torch-q4-noiseless-SPSA-aerCPU-rand0.1-seed2/config.yaml

Creating config files for run_017:
Configuration file rewritten. Path: /work/qgan/data/train/base-qml_torch-q4-noisy-PSR-aerCPU-rand1-seed0/config.yaml

Creating config files for run_018:
Configuration file rewritten. Path: /work/qgan/data/train/base-qml_torch-q4-noisy-PSR-aerCPU-rand0.25-seed2/config.yaml

Creating config files for run_019:
Configuration file rewritten. Path: /work/qgan/data/train/ang-qml_torch-q4-noisy-PSR-aerCPU-rand0-seed1/config.yaml

Creating config files for run_020:
Configuration file rewritten. Path: /work/qgan/data/train/ang-qml_torch-q4-noisy-PSR-aerCPU-rand0.5-seed2/config.yaml

21 battery configuration files ready.

Running: /work/qgan/data/train/ang-qml_torch-q8-noiseless-PSR-aerCPU-rand0.5-seed0/config.yaml
              Epoch |     Generator cost | Discriminator cost |               Eval |          Best eval |               Time |
Training complete: 
   Data path: /work/qgan/data/train/ang-qml_torch-q8-noiseless-PSR-aerCPU-rand0.5-seed0 
   Best eval: 0.10046261548995972 
   Total time: 6338.652049064636

Running: /work/qgan/data/train/ang-qml_torch-q8-noiseless-PSR-aerCPU-rand0.1-seed2/config.yaml
              Epoch |     Generator cost | Discriminator cost |               Eval |          Best eval |               Time |
Training complete: 
   Data path: /work/qgan/data/train/ang-qml_torch-q8-noiseless-PSR-aerCPU-rand0.1-seed2 
   Best eval: 0.004990174900740385 
   Total time: 6373.988475084305

Running: /work/qgan/data/train/amp-qml_torch-q8-noiseless-PSR-aerCPU-rand1-seed0/config.yaml
Training data file created.
              Epoch |     Generator cost | Discriminator cost |               Eval |          Best eval |               Time |
                  0 |             -0.522 |             -0.426 |              0.003 |              0.003 |               4.66 |
                 10 |             -0.525 |             -0.462 |            0.00337 |            0.00248 |               46.2 |
                 20 |             -0.529 |             -0.522 |            0.00369 |            0.00248 |               46.1 |
                 30 |             -0.489 |             -0.496 |            0.00335 |            0.00247 |               46.3 |
                 40 |             -0.515 |             -0.548 |            0.00327 |            0.00247 |               46.2 |
                 50 |             -0.577 |             -0.544 |            0.00316 |            0.00228 |               45.8 |
                 60 |             -0.528 |             -0.619 |            0.00232 |            0.00228 |               46.6 |
                 70 |             -0.557 |             -0.584 |            0.00252 |            0.00228 |               46.7 |
                 80 |             -0.424 |             -0.599 |            0.00308 |            0.00228 |               46.2 |
                 90 |             -0.552 |             -0.595 |            0.00349 |            0.00218 |               46.5 |
                100 |             -0.518 |             -0.665 |            0.00281 |            0.00218 |               46.3 |
                110 |             -0.296 |              -0.57 |            0.00321 |            0.00218 |               46.3 |
                120 |             -0.574 |             -0.736 |            0.00311 |            0.00209 |               46.6 |
                130 |              -0.77 |             -0.686 |            0.00361 |            0.00209 |               46.2 |
                140 |             -0.609 |             -0.771 |            0.00305 |              0.002 |               47.4 |
                150 |             -0.289 |             -0.726 |            0.00298 |              0.002 |               47.7 |
                160 |             -0.501 |             -0.821 |            0.00238 |              0.002 |               47.3 |
                170 |             -0.524 |             -0.783 |            0.00277 |            0.00168 |               47.7 |
                180 |             -0.468 |              -0.83 |            0.00291 |            0.00168 |               47.7 |
                190 |             -0.706 |             -0.779 |            0.00338 |            0.00168 |                 47 |
                200 |             -0.682 |              -0.72 |            0.00286 |            0.00168 |               47.4 |
                210 |             -0.279 |             -0.791 |            0.00331 |            0.00168 |               46.9 |
                220 |              -0.79 |             -0.632 |            0.00279 |            0.00168 |               46.8 |
                230 |             -0.717 |             -0.711 |            0.00296 |            0.00168 |                 47 |
                240 |             -0.744 |             -0.684 |            0.00252 |            0.00168 |               46.8 |
                250 |             -0.363 |             -0.546 |            0.00326 |            0.00168 |               46.7 |
                260 |             -0.354 |             -0.745 |             0.0031 |            0.00168 |               46.9 |
                270 |             -0.489 |              -0.68 |            0.00276 |            0.00168 |               46.9 |
                280 |             -0.196 |               -0.7 |            0.00241 |            0.00168 |               46.7 |
                290 |             -0.342 |             -0.799 |            0.00354 |            0.00168 |                 47 |
                300 |             -0.287 |             -0.829 |            0.00368 |            0.00168 |                 47 |
                310 |             -0.429 |             -0.774 |            0.00236 |            0.00168 |               46.8 |
                320 |             -0.607 |             -0.873 |            0.00326 |            0.00168 |                 47 |
                330 |             -0.554 |             -0.553 |            0.00306 |            0.00168 |                 47 |
                340 |             -0.567 |             -0.912 |            0.00295 |            0.00168 |               46.8 |
                350 |             -0.419 |             -0.903 |            0.00359 |            0.00168 |                 47 |
                360 |             -0.569 |             -0.569 |            0.00334 |            0.00168 |               46.9 |
                370 |             -0.269 |             -0.737 |            0.00235 |            0.00168 |                 47 |
                380 |             -0.444 |             -0.852 |             0.0033 |            0.00168 |               46.9 |
                390 |             -0.785 |             -0.633 |            0.00307 |            0.00168 |               46.5 |
                400 |             -0.384 |             -0.717 |             0.0025 |            0.00168 |                 47 |
                410 |             -0.608 |             -0.846 |            0.00332 |            0.00168 |                 47 |
                420 |              -0.43 |             -0.738 |            0.00276 |            0.00168 |               46.9 |
                430 |             -0.302 |             -0.616 |            0.00315 |            0.00168 |               46.7 |
                440 |              -0.33 |             -0.668 |            0.00315 |            0.00168 |               47.1 |
                450 |             -0.479 |             -0.657 |             0.0028 |            0.00168 |               46.8 |
                460 |             -0.789 |             -0.669 |            0.00198 |            0.00168 |               47.1 |
                470 |             -0.571 |             -0.716 |            0.00308 |            0.00168 |                 47 |
                480 |             -0.404 |             -0.703 |            0.00254 |            0.00113 |               46.9 |
                490 |             -0.584 |             -0.708 |            0.00238 |            0.00113 |               46.9 |
                500 |             -0.741 |             -0.882 |            0.00259 |            0.00113 |               47.1 |
                510 |              -0.43 |             -0.666 |              0.003 |            0.00113 |               46.6 |
                520 |             -0.339 |              -0.85 |            0.00293 |            0.00113 |               47.1 |
                530 |             -0.679 |             -0.721 |            0.00327 |            0.00113 |               46.9 |
                540 |             -0.723 |             -0.884 |            0.00337 |            0.00113 |               46.9 |
                550 |             -0.597 |             -0.787 |            0.00282 |            0.00113 |               47.1 |
                560 |               -0.5 |             -0.791 |            0.00321 |            0.00113 |                 47 |
                570 |             -0.661 |              -0.68 |            0.00332 |            0.00113 |               46.6 |
                580 |             -0.269 |             -0.821 |            0.00304 |            0.00113 |                 47 |
                590 |             -0.553 |             -0.736 |            0.00344 |            0.00113 |               46.8 |
                600 |             -0.486 |             -0.745 |            0.00296 |            0.00113 |               46.8 |
                610 |             -0.367 |             -0.817 |            0.00296 |            0.00113 |                 47 |
                620 |             -0.305 |             -0.812 |            0.00338 |            0.00113 |               46.9 |
                630 |             -0.769 |             -0.628 |            0.00253 |            0.00113 |                 47 |
                640 |             -0.589 |             -0.707 |            0.00325 |            0.00113 |                 47 |
                650 |             -0.476 |              -0.57 |            0.00311 |            0.00113 |               46.8 |
                660 |             -0.634 |             -0.849 |            0.00326 |            0.00113 |               46.9 |
                670 |             -0.495 |             -0.644 |            0.00289 |            0.00113 |               46.8 |
                680 |             -0.602 |             -0.712 |            0.00355 |            0.00113 |               46.7 |
                690 |             -0.794 |             -0.863 |            0.00279 |            0.00113 |               46.9 |
                700 |             -0.619 |             -0.634 |            0.00299 |            0.00113 |                 47 |
                710 |             -0.315 |             -0.805 |            0.00292 |            0.00113 |               46.8 |
                720 |             -0.693 |             -0.854 |            0.00324 |            0.00113 |               46.9 |
                730 |              -0.45 |             -0.761 |            0.00259 |            0.00113 |                 47 |
                740 |             -0.569 |             -0.609 |            0.00273 |            0.00113 |               46.7 |
                750 |             -0.366 |             -0.634 |            0.00332 |            0.00113 |                 47 |
                760 |             -0.568 |             -0.768 |            0.00328 |            0.00113 |                 47 |
                770 |             -0.805 |              -0.64 |            0.00258 |            0.00113 |               46.8 |
                780 |             -0.382 |             -0.732 |            0.00361 |            0.00113 |                 47 |
                790 |             -0.562 |             -0.657 |            0.00255 |            0.00113 |                 47 |
                800 |             -0.711 |              -0.56 |            0.00311 |            0.00113 |               46.7 |
                810 |             -0.311 |             -0.725 |            0.00314 |            0.00113 |                 47 |
                820 |             -0.644 |             -0.651 |            0.00314 |            0.00113 |               46.7 |
                830 |             -0.624 |             -0.832 |            0.00296 |            0.00113 |                 47 |
                840 |             -0.569 |             -0.719 |            0.00243 |            0.00113 |               47.1 |
                850 |             -0.597 |             -0.681 |            0.00302 |            0.00113 |               46.9 |
                860 |             -0.452 |             -0.828 |            0.00179 |            0.00113 |               46.9 |
                870 |             -0.502 |             -0.738 |            0.00245 |            0.00113 |                 47 |
                880 |             -0.193 |             -0.793 |            0.00328 |            0.00113 |               46.9 |
                890 |             -0.537 |             -0.666 |            0.00283 |            0.00113 |                 47 |
                900 |              -0.56 |               -0.9 |            0.00351 |            0.00113 |                 47 |
                910 |              -0.43 |             -0.742 |            0.00273 |            0.00113 |               46.8 |
                920 |             -0.577 |             -0.839 |            0.00301 |            0.00113 |               47.1 |
                930 |             -0.613 |             -0.747 |            0.00368 |            0.00113 |                 47 |
                940 |             -0.721 |             -0.731 |            0.00233 |            0.00113 |               46.9 |
                950 |             -0.635 |             -0.783 |            0.00272 |            0.00113 |               46.9 |
                960 |              -0.51 |             -0.746 |            0.00355 |            0.00113 |                 47 |
                970 |              -0.42 |             -0.805 |            0.00325 |            0.00113 |               46.9 |
                980 |             -0.667 |             -0.796 |              0.003 |            0.00113 |               46.9 |
                990 |             -0.573 |             -0.633 |            0.00352 |            0.00113 |                 47 |
Training complete: 
   Data path: /work/qgan/data/train/amp-qml_torch-q8-noiseless-PSR-aerCPU-rand1-seed0 
   Best eval: 0.0011348223738854232 
   Total time: 4687.0083928108215

Running: /work/qgan/data/train/amp-qml_torch-q8-noiseless-PSR-aerCPU-rand0.25-seed2/config.yaml
Training data file created.
              Epoch |     Generator cost | Discriminator cost |               Eval |          Best eval |               Time |
                  0 |             -0.763 |             -0.343 |            0.00317 |            0.00317 |               4.97 |
                 10 |             -0.798 |             -0.342 |            0.00391 |            0.00297 |               47.1 |
                 20 |             -0.796 |             -0.361 |            0.00338 |            0.00297 |               47.1 |
                 30 |             -0.781 |             -0.379 |             0.0034 |            0.00267 |               46.9 |
                 40 |             -0.883 |             -0.411 |            0.00371 |            0.00267 |               47.1 |
                 50 |             -0.825 |             -0.458 |             0.0038 |            0.00267 |               46.9 |
                 60 |             -0.792 |             -0.446 |            0.00299 |            0.00267 |               45.5 |
                 70 |             -0.787 |             -0.467 |            0.00282 |            0.00267 |               45.4 |
                 80 |             -0.797 |             -0.473 |            0.00312 |            0.00246 |               45.3 |
                 90 |             -0.805 |             -0.499 |            0.00375 |            0.00246 |               45.3 |
                100 |             -0.795 |             -0.503 |            0.00315 |            0.00246 |               45.1 |
                110 |             -0.773 |             -0.502 |            0.00251 |            0.00246 |               45.3 |
                120 |             -0.757 |             -0.557 |            0.00279 |            0.00239 |               45.3 |
                130 |             -0.773 |             -0.522 |             0.0033 |            0.00239 |               45.3 |
                140 |               -0.7 |             -0.557 |            0.00295 |            0.00239 |               45.1 |
                150 |             -0.744 |             -0.565 |            0.00268 |            0.00216 |               45.2 |
                160 |             -0.751 |             -0.552 |            0.00272 |              0.002 |               45.3 |
                170 |             -0.727 |             -0.557 |            0.00245 |              0.002 |                 45 |
                180 |             -0.737 |             -0.557 |             0.0031 |              0.002 |               45.2 |
                190 |             -0.755 |             -0.537 |            0.00293 |              0.002 |               45.6 |
                200 |             -0.802 |             -0.536 |            0.00241 |              0.002 |               45.1 |
                210 |             -0.794 |             -0.575 |            0.00267 |              0.002 |               45.3 |
                220 |             -0.804 |             -0.566 |            0.00241 |              0.002 |               45.3 |
                230 |               -0.8 |             -0.547 |            0.00199 |            0.00199 |               45.1 |
                240 |             -0.819 |             -0.542 |            0.00252 |            0.00199 |               45.6 |
                250 |             -0.801 |             -0.553 |            0.00283 |            0.00199 |               45.3 |
                260 |             -0.806 |             -0.559 |            0.00218 |            0.00199 |               45.1 |
                270 |             -0.778 |             -0.558 |            0.00295 |            0.00199 |               45.4 |
                280 |             -0.742 |             -0.573 |            0.00263 |            0.00199 |               45.3 |
                290 |             -0.747 |             -0.572 |            0.00253 |            0.00199 |               45.1 |
                300 |               -0.7 |             -0.583 |            0.00241 |            0.00199 |               45.3 |
                310 |              -0.71 |             -0.597 |            0.00273 |            0.00191 |               45.1 |
                320 |             -0.677 |             -0.583 |            0.00225 |            0.00191 |               45.3 |
                330 |             -0.736 |             -0.619 |            0.00191 |            0.00191 |               45.3 |
                340 |             -0.692 |             -0.626 |             0.0022 |            0.00191 |               45.3 |
                350 |              -0.68 |             -0.616 |            0.00211 |            0.00191 |               45.4 |
                360 |             -0.691 |             -0.633 |            0.00208 |            0.00191 |               45.3 |
                370 |              -0.74 |             -0.633 |            0.00218 |            0.00182 |               45.1 |
                380 |             -0.696 |             -0.621 |            0.00249 |            0.00169 |               45.3 |
                390 |             -0.742 |             -0.653 |            0.00255 |            0.00153 |               45.3 |
                400 |             -0.689 |             -0.603 |             0.0022 |            0.00153 |               45.1 |
                410 |             -0.797 |             -0.606 |            0.00219 |            0.00153 |               45.3 |
                420 |              -0.76 |             -0.597 |            0.00214 |            0.00153 |               45.3 |
                430 |             -0.846 |              -0.59 |            0.00214 |            0.00153 |               45.2 |
                440 |             -0.824 |             -0.578 |            0.00247 |            0.00153 |               45.4 |
                450 |             -0.854 |             -0.585 |            0.00214 |            0.00153 |               45.4 |
                460 |             -0.864 |             -0.585 |            0.00227 |            0.00153 |               45.2 |
                470 |             -0.858 |             -0.587 |            0.00183 |            0.00153 |               45.3 |
                480 |             -0.796 |             -0.561 |            0.00216 |            0.00153 |               45.5 |
                490 |             -0.882 |             -0.573 |            0.00209 |            0.00153 |               45.1 |
                500 |             -0.766 |             -0.598 |            0.00231 |            0.00153 |               45.3 |
                510 |             -0.818 |             -0.565 |            0.00226 |            0.00153 |               45.5 |
                520 |              -0.79 |              -0.59 |            0.00233 |            0.00153 |               45.2 |
                530 |             -0.836 |             -0.598 |            0.00186 |            0.00153 |               45.4 |
                540 |             -0.765 |             -0.584 |            0.00217 |            0.00153 |               45.1 |
                550 |              -0.83 |             -0.604 |            0.00207 |            0.00153 |               45.3 |
                560 |             -0.846 |             -0.592 |            0.00248 |            0.00153 |               45.3 |
                570 |             -0.822 |             -0.595 |            0.00239 |            0.00153 |               45.2 |
                580 |              -0.77 |             -0.581 |            0.00224 |            0.00153 |               45.4 |
                590 |              -0.79 |             -0.598 |            0.00228 |            0.00153 |               45.3 |
                600 |              -0.73 |             -0.594 |            0.00205 |            0.00153 |               45.2 |
                610 |             -0.743 |             -0.593 |            0.00212 |            0.00153 |               45.3 |
                620 |             -0.717 |             -0.616 |            0.00237 |            0.00153 |               45.4 |
                630 |             -0.658 |              -0.61 |            0.00222 |            0.00153 |               45.1 |
                640 |             -0.617 |             -0.609 |            0.00203 |            0.00153 |               45.3 |
                650 |              -0.65 |             -0.611 |            0.00212 |            0.00153 |               45.5 |
                660 |             -0.574 |             -0.591 |            0.00221 |            0.00153 |               45.1 |
                670 |             -0.582 |             -0.588 |            0.00217 |            0.00153 |               45.4 |
                680 |             -0.606 |             -0.589 |             0.0023 |            0.00153 |               45.4 |
                690 |              -0.64 |             -0.585 |            0.00206 |            0.00153 |               45.3 |
                700 |             -0.703 |             -0.585 |            0.00194 |            0.00153 |               45.3 |
                710 |              -0.68 |             -0.579 |            0.00206 |            0.00153 |                 45 |
                720 |             -0.681 |             -0.566 |            0.00201 |            0.00153 |               44.7 |
                730 |             -0.708 |             -0.568 |            0.00177 |            0.00153 |               44.8 |
                740 |             -0.631 |             -0.585 |            0.00208 |            0.00153 |               45.1 |
                750 |             -0.638 |             -0.586 |            0.00163 |            0.00153 |               44.7 |
                760 |             -0.633 |             -0.567 |            0.00196 |            0.00153 |               44.9 |
                770 |             -0.611 |             -0.592 |            0.00192 |            0.00153 |               44.6 |
                780 |              -0.63 |             -0.591 |            0.00197 |            0.00153 |               44.8 |
                790 |             -0.613 |             -0.582 |            0.00229 |            0.00145 |               44.9 |
                800 |             -0.609 |              -0.58 |            0.00207 |            0.00145 |               44.6 |
                810 |             -0.652 |             -0.594 |            0.00177 |            0.00145 |               44.8 |
                820 |             -0.584 |             -0.605 |            0.00193 |            0.00145 |               44.9 |
                830 |             -0.585 |              -0.61 |            0.00182 |            0.00145 |               44.6 |
                840 |              -0.53 |             -0.583 |            0.00215 |            0.00145 |                 45 |
                850 |             -0.529 |             -0.586 |            0.00198 |            0.00145 |               44.9 |
                860 |             -0.576 |              -0.57 |            0.00184 |            0.00145 |               44.7 |
                870 |             -0.615 |             -0.551 |            0.00222 |            0.00145 |               44.8 |
                880 |              -0.63 |             -0.566 |            0.00184 |            0.00145 |               44.8 |
                890 |             -0.616 |             -0.606 |            0.00205 |            0.00145 |               44.7 |
                900 |               -0.6 |             -0.625 |            0.00208 |            0.00145 |               44.8 |
                910 |             -0.605 |             -0.635 |            0.00168 |            0.00145 |               44.8 |
                920 |             -0.659 |             -0.661 |            0.00229 |            0.00145 |               44.6 |
                930 |             -0.688 |             -0.653 |            0.00213 |            0.00145 |               44.9 |
                940 |             -0.714 |              -0.64 |            0.00223 |            0.00145 |               44.9 |
                950 |             -0.727 |             -0.608 |            0.00227 |            0.00145 |               44.7 |
                960 |             -0.779 |             -0.619 |            0.00236 |            0.00145 |               44.8 |
                970 |             -0.791 |             -0.584 |            0.00234 |            0.00145 |               44.8 |
                980 |             -0.878 |             -0.605 |            0.00213 |            0.00145 |               44.9 |
                990 |             -0.813 |             -0.574 |            0.00216 |            0.00145 |               44.8 |
Training complete: 
   Data path: /work/qgan/data/train/amp-qml_torch-q8-noiseless-PSR-aerCPU-rand0.25-seed2 
   Best eval: 0.001446763384582247 
   Total time: 4522.684938192368

Running: /work/qgan/data/train/amp-qml_torch-q8-noiseless-SPSA-aerCPU-rand0-seed1/config.yaml
              Epoch |     Generator cost | Discriminator cost |               Eval |          Best eval |               Time |
Training complete: 
   Data path: /work/qgan/data/train/amp-qml_torch-q8-noiseless-SPSA-aerCPU-rand0-seed1 
   Best eval: 0.003865392976537811 
   Total time: 147.43108487129211

Running: /work/qgan/data/train/amp-qml_torch-q8-noiseless-SPSA-aerCPU-rand0.5-seed2/config.yaml
Training data file created.
              Epoch |     Generator cost | Discriminator cost |               Eval |          Best eval |               Time |
                  0 |             -0.588 |             -0.382 |            0.00324 |            0.00324 |              0.164 |
                 10 |             -0.575 |             -0.407 |            0.00346 |            0.00305 |               1.59 |
                 20 |             -0.584 |              -0.43 |            0.00214 |            0.00214 |               1.59 |
                 30 |             -0.575 |             -0.454 |            0.00377 |            0.00214 |               1.59 |
                 40 |             -0.589 |             -0.408 |            0.00335 |            0.00214 |               1.59 |
                 50 |             -0.527 |             -0.346 |             0.0036 |            0.00214 |                1.6 |
                 60 |              -0.64 |             -0.404 |            0.00308 |            0.00214 |               1.59 |
                 70 |              -0.63 |             -0.424 |            0.00309 |            0.00214 |               1.59 |
                 80 |             -0.679 |             -0.391 |            0.00222 |            0.00214 |               1.59 |
                 90 |             -0.605 |             -0.373 |            0.00358 |            0.00214 |               1.59 |
                100 |             -0.683 |             -0.406 |            0.00355 |            0.00214 |               1.59 |
                110 |              -0.71 |             -0.408 |            0.00342 |            0.00199 |               1.59 |
                120 |             -0.684 |             -0.446 |            0.00297 |            0.00199 |                1.6 |
                130 |             -0.695 |              -0.35 |             0.0034 |            0.00199 |                1.6 |
                140 |             -0.557 |             -0.353 |             0.0031 |            0.00199 |                1.6 |
                150 |             -0.673 |              -0.42 |            0.00274 |            0.00199 |               1.59 |
                160 |             -0.641 |             -0.362 |            0.00298 |            0.00199 |               1.59 |
                170 |             -0.718 |             -0.422 |            0.00265 |            0.00199 |               1.59 |
                180 |             -0.581 |             -0.328 |            0.00323 |            0.00199 |               1.59 |
                190 |             -0.625 |             -0.363 |            0.00341 |            0.00199 |               1.59 |
                200 |             -0.623 |             -0.318 |             0.0027 |            0.00199 |               1.59 |
                210 |             -0.629 |             -0.417 |            0.00293 |            0.00199 |                1.6 |
                220 |              -0.65 |             -0.388 |            0.00229 |            0.00199 |               1.59 |
                230 |             -0.768 |             -0.391 |             0.0036 |            0.00199 |                1.6 |
                240 |             -0.718 |             -0.412 |            0.00354 |            0.00199 |               1.59 |
                250 |             -0.773 |             -0.445 |            0.00359 |            0.00199 |               1.59 |
                260 |             -0.585 |             -0.405 |            0.00285 |            0.00199 |                1.6 |
                270 |              -0.77 |             -0.431 |            0.00317 |            0.00199 |               1.59 |
                280 |             -0.608 |             -0.406 |            0.00259 |            0.00199 |               1.59 |
                290 |             -0.668 |             -0.429 |            0.00298 |            0.00153 |                1.6 |
                300 |             -0.733 |             -0.421 |            0.00239 |            0.00153 |               1.59 |
                310 |               -0.7 |             -0.523 |            0.00243 |            0.00153 |                1.6 |
                320 |             -0.672 |             -0.442 |            0.00361 |            0.00153 |                1.6 |
                330 |             -0.641 |             -0.419 |            0.00323 |            0.00153 |               1.59 |
                340 |             -0.763 |              -0.47 |            0.00261 |            0.00153 |               1.59 |
                350 |             -0.736 |             -0.514 |            0.00335 |            0.00153 |                1.6 |
                360 |             -0.669 |              -0.58 |            0.00319 |            0.00153 |               1.59 |
                370 |             -0.661 |             -0.493 |            0.00311 |            0.00153 |               1.59 |
                380 |             -0.753 |              -0.54 |            0.00333 |            0.00153 |               1.59 |
                390 |             -0.651 |              -0.58 |            0.00325 |            0.00153 |               1.59 |
                400 |             -0.701 |             -0.541 |            0.00346 |            0.00153 |               1.59 |
                410 |             -0.749 |             -0.534 |            0.00282 |            0.00153 |                1.6 |
                420 |             -0.749 |             -0.561 |            0.00262 |            0.00153 |               1.59 |
                430 |             -0.709 |             -0.536 |            0.00287 |            0.00153 |               1.59 |
                440 |             -0.619 |             -0.544 |            0.00358 |            0.00153 |               1.59 |
                450 |              -0.74 |             -0.525 |            0.00349 |            0.00153 |               1.59 |
                460 |              -0.61 |             -0.523 |            0.00313 |            0.00153 |               1.59 |
                470 |             -0.686 |             -0.555 |             0.0029 |            0.00153 |                1.6 |
                480 |             -0.593 |             -0.559 |            0.00383 |            0.00153 |               1.59 |
                490 |             -0.686 |             -0.566 |            0.00263 |            0.00153 |               1.58 |
                500 |             -0.756 |             -0.584 |            0.00287 |            0.00153 |               1.59 |
                510 |             -0.593 |             -0.631 |            0.00319 |            0.00153 |               1.59 |
                520 |             -0.679 |             -0.606 |            0.00286 |            0.00153 |               1.59 |
                530 |             -0.771 |               -0.6 |             0.0025 |            0.00153 |               1.59 |
                540 |             -0.657 |             -0.584 |            0.00326 |            0.00153 |               1.59 |
                550 |             -0.808 |             -0.563 |            0.00317 |            0.00153 |               1.59 |
                560 |             -0.656 |              -0.65 |            0.00273 |            0.00139 |                1.6 |
                570 |             -0.583 |             -0.612 |            0.00265 |            0.00139 |               1.59 |
                580 |             -0.794 |             -0.612 |            0.00267 |            0.00139 |               1.59 |
                590 |             -0.594 |             -0.577 |            0.00319 |            0.00139 |               1.59 |
                600 |             -0.628 |             -0.563 |            0.00333 |            0.00139 |               1.59 |
                610 |             -0.631 |             -0.593 |            0.00197 |            0.00139 |                1.6 |
                620 |             -0.567 |             -0.608 |            0.00314 |            0.00139 |                1.6 |
                630 |             -0.631 |             -0.555 |            0.00279 |            0.00139 |               1.59 |
                640 |             -0.498 |             -0.548 |            0.00267 |            0.00139 |               1.59 |
                650 |             -0.692 |             -0.651 |            0.00287 |            0.00139 |                1.6 |
                660 |             -0.593 |             -0.566 |            0.00259 |            0.00139 |                1.6 |
                670 |             -0.654 |               -0.6 |            0.00312 |            0.00139 |               1.59 |
                680 |             -0.666 |             -0.617 |            0.00298 |            0.00139 |                1.6 |
                690 |             -0.699 |             -0.569 |            0.00353 |            0.00139 |               1.59 |
                700 |             -0.637 |             -0.604 |            0.00309 |            0.00139 |                1.6 |
                710 |             -0.528 |             -0.563 |            0.00275 |            0.00139 |                1.6 |
                720 |             -0.619 |             -0.562 |            0.00316 |            0.00139 |                1.6 |
                730 |             -0.639 |             -0.601 |            0.00317 |            0.00139 |                1.6 |
                740 |             -0.647 |             -0.605 |            0.00364 |            0.00139 |                1.6 |
                750 |             -0.746 |             -0.597 |            0.00242 |            0.00139 |               1.59 |
                760 |             -0.732 |             -0.612 |            0.00288 |            0.00139 |                1.6 |
                770 |             -0.592 |             -0.639 |            0.00325 |            0.00139 |               1.59 |
                780 |             -0.581 |             -0.601 |            0.00301 |            0.00139 |                1.6 |
                790 |             -0.489 |             -0.547 |              0.003 |            0.00139 |                1.6 |
                800 |             -0.553 |             -0.653 |            0.00262 |            0.00139 |                1.6 |
                810 |             -0.649 |             -0.559 |             0.0026 |            0.00139 |                1.6 |
                820 |             -0.687 |              -0.62 |            0.00317 |            0.00139 |                1.6 |
                830 |              -0.76 |             -0.575 |            0.00216 |            0.00139 |                1.6 |
                840 |             -0.709 |             -0.544 |            0.00315 |            0.00139 |                1.6 |
                850 |             -0.716 |             -0.611 |             0.0032 |            0.00139 |                1.6 |
                860 |              -0.72 |              -0.55 |            0.00303 |            0.00139 |                1.6 |
                870 |             -0.567 |             -0.597 |            0.00286 |            0.00139 |                1.6 |
                880 |             -0.751 |             -0.625 |            0.00325 |            0.00139 |               1.59 |
                890 |             -0.566 |             -0.599 |             0.0029 |            0.00139 |               1.59 |
                900 |             -0.695 |             -0.625 |             0.0023 |            0.00139 |                1.6 |
                910 |             -0.661 |             -0.554 |            0.00242 |            0.00139 |                1.6 |
                920 |             -0.766 |             -0.553 |            0.00277 |            0.00139 |                1.6 |
                930 |             -0.643 |             -0.633 |            0.00314 |            0.00139 |               1.59 |
                940 |             -0.737 |             -0.549 |            0.00286 |            0.00139 |               1.59 |
                950 |             -0.797 |             -0.537 |             0.0032 |            0.00139 |                1.6 |
                960 |             -0.752 |             -0.619 |            0.00361 |            0.00139 |                1.6 |
                970 |             -0.727 |             -0.553 |            0.00357 |            0.00139 |               1.59 |
                980 |             -0.824 |             -0.634 |            0.00363 |            0.00139 |               1.59 |
                990 |             -0.822 |              -0.54 |            0.00323 |            0.00139 |                1.6 |
Training complete: 
   Data path: /work/qgan/data/train/amp-qml_torch-q8-noiseless-SPSA-aerCPU-rand0.5-seed2 
   Best eval: 0.0013879770407441273 
   Total time: 159.37201189994812

Running: /work/qgan/data/train/amp-qml_torch-q8-noiseless-REG-aerCPU-rand0.1-seed1/config.yaml
              Epoch |     Generator cost | Discriminator cost |               Eval |          Best eval |               Time |
Training complete: 
   Data path: /work/qgan/data/train/amp-qml_torch-q8-noiseless-REG-aerCPU-rand0.1-seed1 
   Best eval: 0.0012970354474580907 
   Total time: 9878.665251255035

Running: /work/qgan/data/train/amp-qml_torch-q8-noiseless-REG-aerCPU-rand1-seed2/config.yaml
Training data file created.
              Epoch |     Generator cost | Discriminator cost |               Eval |          Best eval |               Time |
                  0 |             -0.505 |             -0.466 |             0.0036 |             0.0036 |               15.1 |
                 10 |             -0.596 |             -0.459 |            0.00343 |            0.00254 |               99.2 |
                 20 |             -0.404 |             -0.394 |            0.00361 |            0.00229 |                 96 |
                 30 |             -0.496 |             -0.528 |            0.00336 |            0.00229 |               96.9 |
                 40 |             -0.473 |             -0.497 |            0.00228 |            0.00228 |               99.1 |
                 50 |             -0.571 |             -0.671 |            0.00331 |            0.00228 |               97.9 |
                 60 |             -0.376 |              -0.66 |            0.00309 |            0.00228 |               98.4 |
                 70 |             -0.473 |             -0.598 |            0.00326 |            0.00228 |               98.7 |
                 80 |             -0.458 |             -0.639 |            0.00342 |            0.00228 |               96.1 |
                 90 |              -0.45 |             -0.654 |            0.00273 |            0.00228 |               97.1 |
                100 |             -0.392 |             -0.721 |             0.0031 |            0.00228 |               99.4 |
                110 |             -0.404 |               -0.7 |            0.00382 |             0.0022 |               97.7 |
                120 |             -0.351 |             -0.588 |            0.00364 |             0.0022 |               97.8 |
                130 |             -0.323 |             -0.743 |             0.0029 |             0.0022 |                 99 |
                140 |             -0.598 |               -0.7 |             0.0029 |             0.0022 |               96.6 |
                150 |              -0.48 |             -0.649 |             0.0035 |             0.0022 |               98.7 |
                160 |             -0.559 |             -0.706 |            0.00376 |             0.0022 |               98.4 |
                170 |             -0.427 |             -0.648 |            0.00366 |             0.0022 |               96.1 |
                180 |             -0.764 |             -0.735 |            0.00363 |             0.0022 |               99.2 |
                190 |             -0.628 |             -0.712 |            0.00327 |            0.00211 |               99.7 |
                200 |             -0.641 |             -0.771 |            0.00325 |            0.00211 |               98.8 |
                210 |             -0.723 |             -0.856 |             0.0038 |            0.00197 |               97.6 |
                220 |             -0.503 |             -0.694 |             0.0035 |            0.00197 |               98.4 |
                230 |             -0.702 |             -0.761 |            0.00337 |            0.00142 |               97.7 |
                240 |             -0.597 |             -0.699 |             0.0032 |            0.00142 |               99.1 |
                250 |             -0.402 |             -0.697 |            0.00249 |            0.00142 |               98.4 |
                260 |             -0.504 |             -0.728 |            0.00316 |            0.00142 |               97.1 |
                270 |             -0.332 |             -0.671 |            0.00348 |            0.00142 |               99.5 |
                280 |             -0.291 |             -0.738 |            0.00368 |            0.00142 |               99.9 |
                290 |             -0.513 |             -0.794 |            0.00345 |            0.00142 |               99.3 |
                300 |              -0.32 |             -0.703 |            0.00344 |            0.00142 |                101 |
                310 |             -0.397 |             -0.643 |            0.00262 |            0.00142 |               98.1 |
                320 |             -0.457 |              -0.76 |            0.00302 |            0.00142 |               98.3 |
                330 |             -0.731 |             -0.804 |            0.00336 |            0.00142 |               99.2 |
                340 |             -0.547 |             -0.782 |            0.00349 |            0.00142 |               98.7 |
                350 |             -0.449 |             -0.837 |            0.00333 |            0.00142 |                101 |
                360 |             -0.376 |             -0.728 |            0.00285 |            0.00142 |               97.1 |
                370 |             -0.651 |             -0.791 |            0.00323 |            0.00142 |               99.7 |
                380 |             -0.518 |             -0.764 |            0.00254 |            0.00142 |               98.8 |
                390 |             -0.385 |             -0.679 |            0.00308 |            0.00142 |               96.7 |
                400 |             -0.543 |             -0.721 |             0.0033 |            0.00142 |               96.6 |
                410 |              -0.55 |             -0.767 |            0.00329 |            0.00142 |               98.7 |
                420 |             -0.234 |             -0.872 |            0.00363 |            0.00142 |               98.1 |
                430 |             -0.558 |             -0.877 |            0.00325 |            0.00142 |               99.6 |
                440 |             -0.514 |             -0.838 |            0.00374 |            0.00142 |               99.1 |
                450 |             -0.646 |             -0.591 |            0.00369 |            0.00142 |               98.9 |
                460 |             -0.557 |             -0.771 |             0.0032 |            0.00142 |               98.8 |
                470 |             -0.618 |             -0.771 |            0.00342 |            0.00142 |                100 |
                480 |             -0.238 |             -0.752 |             0.0035 |            0.00142 |               99.5 |
                490 |             -0.369 |             -0.766 |            0.00364 |            0.00142 |               99.7 |
                500 |             -0.561 |              -0.78 |            0.00329 |            0.00142 |                101 |
                510 |             -0.508 |             -0.789 |            0.00289 |            0.00142 |               99.9 |
                520 |             -0.201 |             -0.743 |            0.00331 |            0.00142 |               99.9 |
                530 |              -0.71 |             -0.671 |            0.00329 |            0.00142 |                101 |
                540 |             -0.412 |             -0.741 |            0.00321 |            0.00142 |                100 |
                550 |             -0.549 |             -0.609 |            0.00207 |            0.00142 |                100 |
                560 |             -0.389 |             -0.717 |            0.00287 |            0.00142 |                101 |
                570 |              -0.32 |             -0.734 |            0.00335 |            0.00142 |                102 |
                580 |             -0.315 |             -0.681 |            0.00286 |            0.00142 |                101 |
                590 |             -0.249 |             -0.744 |             0.0035 |            0.00142 |                100 |
                600 |              -0.63 |             -0.875 |             0.0035 |            0.00142 |                101 |
                610 |             -0.451 |             -0.678 |            0.00354 |            0.00142 |                100 |
                620 |              -0.39 |             -0.669 |            0.00311 |            0.00142 |                101 |
                630 |             -0.514 |             -0.863 |            0.00213 |            0.00142 |                103 |
                640 |             -0.343 |             -0.877 |            0.00382 |            0.00142 |                104 |
                650 |             -0.341 |             -0.818 |             0.0012 |             0.0012 |                101 |
                660 |             -0.492 |             -0.652 |            0.00298 |             0.0012 |                101 |
                670 |             -0.521 |             -0.826 |            0.00324 |             0.0012 |               99.4 |
                680 |             -0.245 |             -0.753 |            0.00271 |             0.0012 |                100 |
                690 |             -0.682 |             -0.702 |            0.00344 |             0.0012 |                101 |
                700 |             -0.341 |              -0.57 |            0.00225 |             0.0012 |               98.5 |
                710 |             -0.703 |             -0.749 |            0.00306 |             0.0012 |                101 |
                720 |             -0.479 |             -0.804 |            0.00219 |             0.0012 |                100 |
                730 |             -0.509 |             -0.651 |            0.00308 |             0.0012 |               98.6 |
                740 |             -0.644 |             -0.699 |            0.00319 |             0.0012 |                102 |
                750 |             -0.512 |             -0.786 |            0.00319 |             0.0012 |                101 |
                760 |             -0.678 |              -0.73 |            0.00259 |             0.0012 |                102 |
                770 |             -0.552 |             -0.723 |            0.00324 |             0.0012 |               99.7 |
                780 |             -0.383 |               -0.8 |            0.00311 |             0.0012 |                101 |
                790 |             -0.482 |             -0.706 |            0.00303 |             0.0012 |                101 |
                800 |             -0.385 |               -0.7 |            0.00295 |             0.0012 |               98.2 |
                810 |              -0.34 |             -0.756 |            0.00268 |             0.0012 |               99.5 |
                820 |             -0.561 |             -0.683 |            0.00339 |             0.0012 |               99.9 |
                830 |             -0.403 |              -0.75 |            0.00352 |             0.0012 |               97.9 |
                840 |              -0.39 |             -0.749 |            0.00315 |             0.0012 |               98.2 |
                850 |             -0.338 |             -0.732 |            0.00283 |             0.0012 |               98.4 |
                860 |             -0.526 |             -0.739 |            0.00204 |             0.0012 |               99.1 |
                870 |             -0.716 |             -0.876 |            0.00318 |             0.0012 |               99.6 |
                880 |             -0.691 |             -0.716 |            0.00324 |             0.0012 |               98.6 |
                890 |             -0.603 |             -0.735 |            0.00297 |             0.0012 |               97.3 |
                900 |             -0.505 |             -0.836 |            0.00326 |             0.0012 |               98.6 |
                910 |             -0.519 |             -0.707 |            0.00347 |             0.0012 |               99.5 |
                920 |             -0.258 |              -0.81 |             0.0033 |             0.0012 |               98.5 |
                930 |             -0.572 |              -0.82 |            0.00284 |             0.0012 |               98.1 |
                940 |             -0.866 |             -0.658 |            0.00337 |             0.0012 |               99.2 |
                950 |             -0.613 |             -0.649 |             0.0027 |             0.0012 |               98.9 |
                960 |              -0.47 |             -0.587 |            0.00327 |             0.0012 |               99.9 |
                970 |             -0.347 |             -0.722 |            0.00159 |             0.0012 |               98.8 |
                980 |             -0.441 |             -0.648 |            0.00318 |             0.0012 |               98.7 |
                990 |             -0.533 |              -0.77 |            0.00315 |             0.0012 |               98.9 |
Training complete: 
   Data path: /work/qgan/data/train/amp-qml_torch-q8-noiseless-REG-aerCPU-rand1-seed2 
   Best eval: 0.001202226328326328 
   Total time: 9928.354466438293

Running: /work/qgan/data/train/ang-qml_torch-q4-noiseless-SPSA-aerCPU-rand0.25-seed1/config.yaml
Training data file created.
              Epoch |     Generator cost | Discriminator cost |               Eval |          Best eval |               Time |
                  0 |             -0.453 |             -0.548 |            0.00593 |            0.00593 |              0.762 |
                 10 |             -0.454 |             -0.656 |            0.00638 |            0.00191 |               7.89 |
                 20 |             -0.531 |             -0.641 |            0.00499 |            0.00111 |               7.55 |
                 30 |             -0.566 |             -0.637 |            0.00882 |                 -0 |                7.6 |
                 40 |             -0.542 |             -0.659 |            0.00716 |                 -0 |               7.61 |
                 50 |             -0.529 |             -0.627 |            0.00131 |                 -0 |               7.66 |
                 60 |             -0.553 |             -0.688 |           1.53e-05 |                 -0 |               7.62 |
                 70 |             -0.588 |             -0.642 |            0.00191 |                 -0 |               7.59 |
                 80 |             -0.627 |               -0.7 |             0.0011 |                 -0 |               7.63 |
                 90 |             -0.555 |             -0.696 |            0.00128 |                 -0 |               7.64 |
                100 |             -0.569 |              -0.65 |            0.00517 |                 -0 |               7.57 |
                110 |             -0.667 |              -0.67 |            0.00812 |                 -0 |               7.54 |
                120 |             -0.656 |             -0.624 |             0.0241 |                 -0 |               7.54 |
                130 |             -0.671 |             -0.623 |             0.0108 |                 -0 |               7.64 |
                140 |             -0.657 |             -0.614 |             0.0132 |                 -0 |                7.6 |
                150 |             -0.632 |             -0.664 |            0.00827 |                 -0 |               7.67 |
                160 |             -0.636 |             -0.651 |            0.00699 |                 -0 |               7.75 |
                170 |             -0.698 |             -0.658 |             0.0066 |                 -0 |               7.65 |
                180 |             -0.568 |             -0.645 |             0.0169 |                 -0 |               7.55 |
                190 |             -0.605 |             -0.612 |             0.0166 |                 -0 |               7.52 |
                200 |             -0.743 |             -0.596 |              0.019 |                 -0 |               7.54 |
                210 |             -0.686 |             -0.685 |             0.0155 |                 -0 |               7.54 |
                220 |             -0.625 |             -0.684 |             0.0205 |                 -0 |               7.64 |
                230 |             -0.587 |             -0.654 |             0.0183 |                 -0 |               7.62 |
                240 |             -0.636 |             -0.632 |             0.0299 |                 -0 |               7.59 |
                250 |             -0.726 |             -0.646 |             0.0245 |                 -0 |               7.62 |
                260 |             -0.669 |             -0.644 |             0.0081 |                 -0 |               7.56 |
                270 |             -0.646 |             -0.666 |             0.0166 |                 -0 |               7.49 |
                280 |             -0.678 |             -0.641 |             0.0143 |                 -0 |               7.42 |
                290 |             -0.553 |             -0.627 |             0.0109 |                 -0 |               7.37 |
                300 |             -0.647 |             -0.672 |             0.0214 |                 -0 |               7.44 |
                310 |             -0.555 |             -0.676 |             0.0211 |                 -0 |               7.51 |
                320 |             -0.595 |             -0.652 |             0.0288 |                 -0 |               7.56 |
                330 |             -0.673 |              -0.73 |             0.0341 |                 -0 |               7.61 |
                340 |             -0.658 |             -0.696 |             0.0192 |                 -0 |               7.64 |
                350 |             -0.518 |             -0.686 |             0.0116 |                 -0 |                7.6 |
                360 |             -0.739 |             -0.643 |             0.0342 |                 -0 |               7.61 |
                370 |             -0.699 |             -0.662 |             0.0306 |                 -0 |               7.67 |
                380 |             -0.751 |             -0.673 |             0.0203 |                 -0 |               7.68 |
                390 |             -0.602 |             -0.625 |             0.0218 |                 -0 |               7.64 |
                400 |             -0.647 |             -0.637 |             0.0316 |                 -0 |               7.66 |
                410 |             -0.579 |              -0.59 |              0.011 |                 -0 |               7.73 |
                420 |             -0.574 |             -0.648 |             0.0176 |                 -0 |               7.72 |
                430 |             -0.725 |             -0.576 |            0.00307 |                 -0 |                7.7 |
                440 |             -0.746 |             -0.622 |             0.0297 |                 -0 |               7.61 |
                450 |             -0.799 |             -0.662 |            0.00561 |                 -0 |               7.68 |
                460 |             -0.705 |             -0.614 |             0.0222 |                 -0 |               7.64 |
                470 |              -0.62 |             -0.643 |            0.00497 |                 -0 |               7.66 |
                480 |             -0.754 |             -0.629 |            0.00841 |                 -0 |               7.64 |
                490 |             -0.703 |             -0.607 |            0.00665 |                 -0 |               7.72 |
                500 |             -0.702 |             -0.607 |            0.00863 |                 -0 |                7.7 |
                510 |             -0.816 |             -0.607 |             0.0141 |                 -0 |               7.62 |
                520 |             -0.767 |             -0.568 |             0.0154 |                 -0 |               7.69 |
                530 |               -0.7 |             -0.608 |            0.00804 |                 -0 |               7.65 |
                540 |             -0.808 |             -0.576 |            0.00649 |                 -0 |               7.63 |
                550 |             -0.787 |             -0.575 |            0.00413 |                 -0 |               7.75 |
                560 |             -0.808 |             -0.565 |             0.0103 |                 -0 |               7.64 |
                570 |             -0.738 |             -0.605 |             0.0104 |                 -0 |                7.7 |
                580 |             -0.828 |             -0.568 |             0.0194 |                 -0 |               7.74 |
                590 |             -0.742 |             -0.532 |             0.0256 |                 -0 |               7.67 |
                600 |             -0.721 |             -0.604 |             0.0112 |                 -0 |               7.55 |
                610 |             -0.826 |             -0.581 |             0.0127 |                 -0 |                7.5 |
                620 |             -0.753 |             -0.548 |              0.014 |                 -0 |               7.57 |
                630 |             -0.696 |             -0.593 |            0.00787 |                 -0 |                7.6 |
                640 |             -0.754 |              -0.54 |              0.015 |                 -0 |               7.66 |
                650 |             -0.764 |             -0.547 |             0.0254 |                 -0 |                7.6 |
                660 |             -0.822 |             -0.536 |             0.0398 |                 -0 |               7.56 |
                670 |             -0.855 |             -0.556 |             0.0201 |                 -0 |               7.52 |
                680 |             -0.777 |             -0.525 |             0.0261 |                 -0 |               7.53 |
                690 |              -0.77 |             -0.518 |             0.0536 |                 -0 |                7.5 |
                700 |             -0.863 |             -0.552 |             0.0041 |                 -0 |               7.46 |
                710 |             -0.799 |             -0.565 |             0.0225 |                 -0 |               7.46 |
                720 |             -0.794 |             -0.517 |             0.0316 |                 -0 |               7.54 |
                730 |             -0.822 |             -0.558 |             0.0171 |                 -0 |               7.59 |
                740 |             -0.839 |             -0.528 |               0.02 |                 -0 |               7.69 |
                750 |             -0.862 |             -0.539 |             0.0245 |                 -0 |               7.69 |
                760 |             -0.901 |             -0.552 |             0.0444 |                 -0 |               7.74 |
                770 |             -0.836 |             -0.533 |             0.0458 |                 -0 |                7.8 |
                780 |             -0.858 |             -0.517 |             0.0421 |                 -0 |               7.64 |
                790 |              -0.84 |             -0.565 |             0.0644 |                 -0 |               7.65 |
                800 |             -0.885 |             -0.538 |             0.0411 |                 -0 |               7.69 |
                810 |             -0.806 |             -0.534 |             0.0493 |                 -0 |               7.65 |
                820 |             -0.771 |             -0.523 |             0.0483 |                 -0 |               7.65 |
                830 |             -0.872 |             -0.535 |              0.037 |                 -0 |               7.68 |
                840 |             -0.842 |             -0.543 |             0.0197 |                 -0 |               7.68 |
                850 |             -0.914 |             -0.552 |               0.08 |                 -0 |               7.59 |
                860 |             -0.848 |             -0.535 |             0.0832 |                 -0 |               7.63 |
                870 |             -0.893 |             -0.543 |             0.0429 |                 -0 |               7.58 |
                880 |             -0.803 |              -0.55 |             0.0572 |                 -0 |               7.64 |
                890 |             -0.851 |             -0.553 |             0.0975 |                 -0 |               7.61 |
                900 |             -0.858 |             -0.518 |             0.0431 |                 -0 |               7.58 |
                910 |              -0.84 |             -0.533 |             0.0499 |                 -0 |                7.6 |
                920 |             -0.887 |             -0.537 |             0.0289 |                 -0 |               7.59 |
                930 |             -0.901 |             -0.549 |             0.0311 |                 -0 |               7.55 |
                940 |             -0.878 |             -0.578 |              0.031 |                 -0 |               7.52 |
                950 |             -0.808 |             -0.569 |             0.0355 |                 -0 |               7.53 |
                960 |             -0.839 |             -0.533 |             0.0553 |                 -0 |               7.53 |
                970 |              -0.79 |             -0.565 |              0.085 |                 -0 |               7.61 |
                980 |             -0.855 |             -0.551 |              0.078 |                 -0 |               7.67 |
                990 |             -0.886 |             -0.549 |             0.0559 |                 -0 |               7.69 |
Training complete: 
   Data path: /work/qgan/data/train/ang-qml_torch-q4-noiseless-SPSA-aerCPU-rand0.25-seed1 
   Best eval: -0.0 
   Total time: 761.4774725437164

Running: /work/qgan/data/train/ang-qml_torch-q4-noiseless-REG-aerCPU-rand0-seed0/config.yaml
              Epoch |     Generator cost | Discriminator cost |               Eval |          Best eval |               Time |
Training complete: 
   Data path: /work/qgan/data/train/ang-qml_torch-q4-noiseless-REG-aerCPU-rand0-seed0 
   Best eval: -0.0 
   Total time: 1843.3261840343475

Running: /work/qgan/data/train/ang-qml_torch-q4-noiseless-REG-aerCPU-rand0.5-seed1/config.yaml
Training data file created.
              Epoch |     Generator cost | Discriminator cost |               Eval |          Best eval |               Time |
                  0 |             -0.499 |             -0.631 |              0.212 |              0.212 |               1.31 |
                 10 |              -0.48 |             -0.648 |              0.213 |              0.116 |               10.2 |
                 20 |             -0.524 |             -0.651 |              0.204 |             0.0634 |               10.6 |
                 30 |             -0.556 |             -0.653 |             0.0496 |             0.0496 |               10.3 |
                 40 |             -0.668 |             -0.584 |              0.198 |             0.0496 |               10.4 |
                 50 |             -0.657 |              -0.62 |             0.0978 |             0.0496 |               10.5 |
                 60 |             -0.746 |             -0.736 |              0.192 |             0.0496 |               10.1 |
                 70 |             -0.754 |             -0.563 |              0.176 |             0.0496 |               10.4 |
                 80 |             -0.574 |             -0.601 |              0.248 |             0.0496 |               10.1 |
                 90 |             -0.793 |             -0.636 |              0.271 |             0.0496 |               10.5 |
                100 |             -0.799 |             -0.594 |              0.429 |             0.0496 |               10.2 |
                110 |             -0.805 |             -0.584 |                0.2 |             0.0496 |               10.4 |
                120 |             -0.699 |             -0.585 |              0.331 |             0.0496 |               10.5 |
                130 |             -0.901 |              -0.57 |              0.212 |             0.0496 |               10.3 |
                140 |             -0.623 |             -0.578 |              0.423 |             0.0496 |               10.5 |
                150 |             -0.801 |             -0.612 |               0.23 |             0.0496 |               10.2 |
                160 |             -0.864 |             -0.575 |              0.322 |             0.0496 |               10.5 |
                170 |             -0.886 |              -0.61 |              0.228 |             0.0496 |               10.2 |
                180 |             -0.732 |             -0.588 |              0.399 |             0.0496 |               10.5 |
                190 |             -0.817 |             -0.539 |              0.313 |             0.0496 |               10.5 |
                200 |             -0.861 |             -0.606 |              0.131 |             0.0496 |               10.2 |
                210 |             -0.825 |             -0.572 |              0.195 |             0.0496 |               10.5 |
                220 |             -0.872 |             -0.576 |              0.287 |             0.0496 |               10.2 |
                230 |             -0.672 |             -0.602 |              0.214 |             0.0496 |               10.5 |
                240 |             -0.777 |             -0.556 |              0.179 |             0.0496 |               10.2 |
                250 |             -0.795 |             -0.632 |              0.198 |             0.0496 |               10.5 |
                260 |             -0.738 |             -0.629 |              0.146 |             0.0496 |               10.3 |
                270 |             -0.889 |             -0.594 |               0.18 |             0.0496 |               10.1 |
                280 |             -0.776 |             -0.571 |              0.121 |             0.0496 |               10.4 |
                290 |             -0.714 |             -0.672 |              0.274 |             0.0496 |               10.2 |
                300 |             -0.915 |             -0.657 |              0.168 |             0.0496 |               10.5 |
                310 |             -0.782 |              -0.59 |              0.324 |             0.0496 |               10.4 |
                320 |              -0.85 |               -0.6 |              0.123 |             0.0496 |               10.2 |
                330 |              -0.85 |             -0.592 |              0.143 |             0.0496 |               10.5 |
                340 |               -0.9 |             -0.544 |              0.188 |             0.0496 |               10.2 |
                350 |             -0.813 |             -0.626 |              0.231 |             0.0496 |               10.5 |
                360 |             -0.748 |             -0.577 |              0.287 |             0.0496 |               10.3 |
                370 |             -0.766 |             -0.572 |              0.141 |             0.0496 |               10.4 |
                380 |             -0.817 |             -0.599 |              0.223 |             0.0496 |               10.4 |
                390 |             -0.829 |              -0.64 |              0.283 |             0.0496 |               10.2 |
                400 |              -0.74 |             -0.638 |              0.219 |             0.0496 |               10.4 |
                410 |             -0.846 |             -0.581 |              0.251 |             0.0496 |               10.3 |
                420 |              -0.86 |             -0.572 |              0.194 |             0.0496 |               10.5 |
                430 |             -0.923 |             -0.533 |              0.127 |             0.0496 |               10.5 |
                440 |             -0.802 |             -0.655 |               0.12 |             0.0496 |               10.2 |
                450 |             -0.881 |             -0.615 |              0.215 |             0.0496 |               10.6 |
                460 |             -0.749 |             -0.581 |              0.295 |             0.0496 |               10.2 |
                470 |             -0.803 |             -0.623 |              0.141 |             0.0496 |               10.4 |
                480 |             -0.697 |             -0.593 |               0.28 |             0.0496 |               10.2 |
                490 |             -0.708 |              -0.58 |              0.282 |             0.0496 |               10.5 |
                500 |             -0.848 |             -0.583 |              0.244 |             0.0496 |               10.4 |
                510 |             -0.807 |             -0.596 |              0.152 |             0.0496 |               10.2 |
                520 |             -0.855 |              -0.56 |              0.193 |             0.0496 |               10.4 |
                530 |             -0.804 |             -0.655 |              0.159 |             0.0496 |               10.1 |
                540 |             -0.769 |             -0.558 |              0.127 |             0.0496 |               10.5 |
                550 |             -0.751 |             -0.542 |              0.197 |             0.0496 |               10.2 |
                560 |             -0.891 |             -0.617 |               0.23 |             0.0496 |               10.4 |
                570 |             -0.739 |             -0.621 |              0.177 |             0.0496 |               10.5 |
                580 |             -0.839 |             -0.556 |               0.13 |             0.0496 |               10.2 |
                590 |             -0.778 |             -0.572 |              0.208 |             0.0496 |               10.5 |
                600 |             -0.647 |             -0.633 |              0.196 |             0.0496 |               10.3 |
                610 |              -0.84 |             -0.576 |             0.0782 |             0.0496 |               10.5 |
                620 |             -0.771 |              -0.61 |              0.223 |             0.0496 |               10.5 |
                630 |             -0.718 |             -0.633 |              0.198 |             0.0496 |               10.2 |
                640 |             -0.829 |             -0.587 |              0.196 |             0.0496 |               10.4 |
                650 |             -0.841 |             -0.587 |               0.18 |             0.0496 |               10.3 |
                660 |             -0.805 |             -0.593 |              0.217 |             0.0496 |               10.5 |
                670 |             -0.787 |             -0.612 |              0.195 |             0.0496 |               10.1 |
                680 |             -0.847 |             -0.605 |              0.156 |             0.0443 |               10.4 |
                690 |             -0.714 |             -0.606 |             0.0916 |             0.0443 |               10.5 |
                700 |             -0.825 |              -0.63 |              0.133 |             0.0443 |               10.1 |
                710 |             -0.767 |             -0.604 |              0.278 |             0.0443 |               10.4 |
                720 |             -0.809 |             -0.558 |              0.115 |             0.0443 |               10.2 |
                730 |             -0.825 |             -0.607 |             0.0929 |             0.0443 |               10.5 |
                740 |             -0.758 |             -0.539 |              0.143 |             0.0443 |               10.5 |
                750 |             -0.771 |             -0.655 |              0.186 |             0.0443 |               10.3 |
                760 |             -0.851 |             -0.573 |              0.165 |              0.023 |               10.5 |
                770 |             -0.804 |             -0.628 |              0.149 |              0.023 |               10.2 |
                780 |             -0.702 |             -0.628 |              0.135 |              0.023 |               10.5 |
                790 |             -0.721 |             -0.621 |              0.266 |              0.023 |               10.2 |
                800 |              -0.88 |             -0.619 |             0.0963 |              0.023 |               10.5 |
                810 |             -0.726 |             -0.585 |              0.115 |              0.023 |               10.5 |
                820 |             -0.774 |             -0.611 |              0.109 |              0.023 |               10.2 |
                830 |             -0.713 |             -0.633 |             0.0991 |              0.023 |               10.5 |
                840 |             -0.785 |             -0.594 |              0.175 |              0.023 |               10.2 |
                850 |             -0.732 |             -0.595 |             0.0578 |              0.023 |               10.6 |
                860 |             -0.801 |             -0.659 |              0.129 |              0.023 |               10.3 |
                870 |             -0.783 |             -0.609 |              0.152 |              0.023 |               10.5 |
                880 |             -0.718 |             -0.594 |             0.0877 |              0.023 |               10.5 |
                890 |             -0.733 |             -0.582 |               0.13 |              0.023 |               10.2 |
                900 |             -0.745 |             -0.688 |             0.0806 |              0.023 |               10.5 |
                910 |             -0.647 |             -0.664 |              0.186 |              0.023 |               10.1 |
                920 |             -0.719 |             -0.635 |              0.218 |              0.023 |               10.4 |
                930 |             -0.737 |             -0.611 |             0.0982 |              0.023 |               10.2 |
                940 |             -0.743 |             -0.653 |              0.251 |              0.023 |               10.5 |
                950 |             -0.718 |             -0.647 |              0.125 |              0.023 |               10.6 |
                960 |             -0.677 |             -0.664 |               0.13 |              0.023 |               10.2 |
                970 |             -0.613 |             -0.669 |              0.149 |              0.023 |               10.4 |
                980 |              -0.76 |             -0.658 |              0.217 |              0.023 |               10.2 |
                990 |             -0.755 |             -0.712 |              0.164 |              0.023 |               10.5 |
Training complete: 
   Data path: /work/qgan/data/train/ang-qml_torch-q4-noiseless-REG-aerCPU-rand0.5-seed1 
   Best eval: 0.023035649210214615 
   Total time: 1035.7492198944092

Running: /work/qgan/data/train/base-qml_torch-q8-noiseless-PSR-aerCPU-rand0.1-seed0/config.yaml
              Epoch |     Generator cost | Discriminator cost |               Eval |          Best eval |               Time |
Training complete: 
   Data path: /work/qgan/data/train/base-qml_torch-q8-noiseless-PSR-aerCPU-rand0.1-seed0 
   Best eval: 0.9165823338982896 
   Total time: 749.3449692726135

Running: /work/qgan/data/train/base-qml_torch-q8-noiseless-PSR-aerCPU-rand1-seed1/config.yaml
              Epoch |     Generator cost | Discriminator cost |               Eval |          Best eval |               Time |
Training complete: 
   Data path: /work/qgan/data/train/base-qml_torch-q8-noiseless-PSR-aerCPU-rand1-seed1 
   Best eval: 1.552096054152246 
   Total time: 747.3166103363037

Running: /work/qgan/data/train/base-qml_torch-q4-noiseless-REG-aerCPU-rand0.25-seed0/config.yaml
              Epoch |     Generator cost | Discriminator cost |               Eval |          Best eval |               Time |
Training complete: 
   Data path: /work/qgan/data/train/base-qml_torch-q4-noiseless-REG-aerCPU-rand0.25-seed0 
   Best eval: 0.18585784052594292 
   Total time: 82.57416319847107

Running: /work/qgan/data/train/base-qml_torch-q4-noiseless-REG-aerCPU-rand0-seed2/config.yaml
              Epoch |     Generator cost | Discriminator cost |               Eval |          Best eval |               Time |
Training complete: 
   Data path: /work/qgan/data/train/base-qml_torch-q4-noiseless-REG-aerCPU-rand0-seed2 
   Best eval: 0.0012138125964342716 
   Total time: 88.73275804519653

Running: /work/qgan/data/train/amp-qml_torch-q4-noiseless-SPSA-aerCPU-rand0.5-seed0/config.yaml
Training data file created.
              Epoch |     Generator cost | Discriminator cost |               Eval |          Best eval |               Time |
                  0 |             -0.516 |             -0.391 |             0.0428 |             0.0428 |             0.0575 |
                 10 |             -0.491 |             -0.381 |             0.0494 |             0.0219 |              0.547 |
                 20 |               -0.6 |             -0.406 |             0.0547 |             0.0219 |              0.622 |
                 30 |             -0.509 |             -0.329 |             0.0606 |             0.0219 |              0.607 |
                 40 |             -0.542 |             -0.398 |             0.0277 |             0.0219 |              0.586 |
                 50 |              -0.55 |              -0.46 |             0.0701 |             0.0219 |              0.491 |
                 60 |             -0.562 |             -0.349 |             0.0332 |             0.0219 |               0.57 |
                 70 |             -0.528 |             -0.392 |             0.0617 |              0.017 |              0.613 |
                 80 |             -0.519 |             -0.417 |             0.0548 |              0.017 |              0.547 |
                 90 |             -0.556 |             -0.385 |             0.0432 |              0.017 |               0.49 |
                100 |             -0.577 |             -0.326 |              0.047 |              0.017 |              0.544 |
                110 |               -0.6 |             -0.413 |             0.0371 |              0.017 |              0.609 |
                120 |              -0.49 |             -0.383 |             0.0661 |              0.017 |              0.568 |
                130 |              -0.66 |             -0.377 |             0.0506 |             0.0159 |              0.494 |
                140 |             -0.603 |             -0.333 |             0.0469 |             0.0159 |               0.51 |
                150 |             -0.701 |             -0.389 |             0.0411 |             0.0159 |              0.585 |
                160 |             -0.613 |             -0.417 |             0.0337 |             0.0159 |              0.608 |
                170 |             -0.623 |             -0.438 |             0.0433 |             0.0159 |              0.559 |
                180 |             -0.689 |             -0.392 |             0.0308 |             0.0159 |              0.487 |
                190 |             -0.754 |             -0.481 |             0.0305 |             0.0159 |               0.55 |
                200 |             -0.656 |             -0.427 |             0.0238 |             0.0159 |                0.6 |
                210 |              -0.74 |             -0.335 |             0.0339 |             0.0159 |              0.574 |
                220 |             -0.794 |             -0.422 |             0.0441 |             0.0159 |               0.49 |
                230 |             -0.648 |              -0.37 |             0.0388 |             0.0159 |              0.512 |
                240 |             -0.615 |             -0.441 |             0.0371 |             0.0159 |              0.607 |
                250 |             -0.706 |              -0.35 |             0.0167 |             0.0159 |                0.6 |
                260 |             -0.771 |             -0.414 |             0.0308 |             0.0159 |               0.49 |
                270 |             -0.676 |             -0.369 |             0.0394 |             0.0159 |              0.496 |
                280 |             -0.717 |             -0.374 |             0.0439 |             0.0159 |              0.579 |
                290 |              -0.66 |             -0.364 |             0.0306 |             0.0159 |               0.62 |
                300 |             -0.809 |             -0.455 |             0.0168 |             0.0159 |               0.52 |
                310 |             -0.868 |             -0.389 |             0.0506 |             0.0159 |              0.493 |
                320 |             -0.761 |             -0.417 |             0.0281 |             0.0159 |              0.489 |
                330 |             -0.724 |             -0.385 |             0.0413 |             0.0159 |              0.592 |
                340 |             -0.843 |             -0.452 |             0.0443 |             0.0159 |              0.608 |
                350 |             -0.708 |             -0.455 |             0.0771 |             0.0159 |              0.492 |
                360 |             -0.774 |             -0.485 |             0.0351 |             0.0159 |              0.492 |
                370 |             -0.751 |             -0.466 |             0.0194 |             0.0159 |              0.533 |
                380 |             -0.748 |             -0.466 |             0.0275 |             0.0159 |              0.623 |
                390 |             -0.592 |             -0.532 |             0.0375 |             0.0159 |              0.517 |
                400 |             -0.673 |             -0.501 |             0.0266 |             0.0159 |              0.489 |
                410 |             -0.782 |             -0.605 |             0.0511 |             0.0159 |              0.506 |
                420 |             -0.786 |             -0.451 |             0.0488 |             0.0159 |              0.616 |
                430 |             -0.816 |             -0.539 |             0.0416 |             0.0159 |              0.588 |
                440 |             -0.748 |             -0.583 |             0.0432 |             0.0159 |              0.505 |
                450 |             -0.905 |             -0.515 |             0.0404 |             0.0159 |              0.488 |
                460 |             -0.823 |              -0.59 |             0.0286 |             0.0159 |              0.491 |
                470 |             -0.659 |              -0.53 |             0.0414 |             0.0159 |               0.62 |
                480 |             -0.752 |             -0.602 |             0.0412 |             0.0159 |              0.545 |
                490 |             -0.726 |             -0.633 |             0.0183 |             0.0159 |              0.493 |
                500 |             -0.639 |             -0.643 |             0.0395 |             0.0159 |              0.525 |
                510 |             -0.645 |             -0.595 |               0.02 |             0.0159 |              0.603 |
                520 |             -0.587 |               -0.6 |             0.0344 |             0.0159 |              0.588 |
                530 |             -0.581 |             -0.599 |             0.0303 |             0.0159 |              0.493 |
                540 |              -0.65 |             -0.626 |             0.0443 |             0.0159 |              0.493 |
                550 |             -0.736 |             -0.631 |              0.049 |             0.0159 |              0.545 |
                560 |             -0.451 |             -0.577 |             0.0661 |             0.0159 |               0.62 |
                570 |             -0.585 |             -0.607 |             0.0228 |             0.0159 |              0.524 |
                580 |             -0.671 |             -0.598 |             0.0499 |             0.0159 |              0.492 |
                590 |             -0.591 |             -0.568 |             0.0581 |             0.0159 |              0.526 |
                600 |             -0.668 |             -0.708 |             0.0321 |             0.0159 |              0.598 |
                610 |             -0.564 |             -0.629 |             0.0439 |             0.0159 |              0.614 |
                620 |             -0.696 |              -0.71 |             0.0354 |             0.0159 |              0.496 |
                630 |             -0.569 |             -0.619 |             0.0237 |             0.0159 |              0.492 |
                640 |              -0.57 |             -0.567 |             0.0404 |             0.0159 |              0.521 |
                650 |              -0.61 |             -0.676 |             0.0197 |             0.0159 |              0.624 |
                660 |             -0.447 |             -0.638 |             0.0664 |             0.0159 |               0.52 |
                670 |             -0.552 |             -0.618 |             0.0399 |             0.0159 |              0.492 |
                680 |             -0.638 |             -0.557 |             0.0348 |             0.0159 |              0.492 |
                690 |             -0.684 |             -0.622 |             0.0584 |             0.0159 |              0.606 |
                700 |             -0.555 |             -0.717 |             0.0698 |             0.0159 |              0.605 |
                710 |              -0.62 |              -0.64 |             0.0535 |             0.0159 |               0.49 |
                720 |             -0.733 |             -0.692 |             0.0735 |             0.0159 |              0.492 |
                730 |              -0.72 |             -0.595 |             0.0446 |             0.0159 |              0.571 |
                740 |             -0.721 |             -0.616 |             0.0704 |             0.0159 |               0.62 |
                750 |             -0.439 |             -0.697 |              0.037 |             0.0159 |              0.516 |
                760 |             -0.553 |             -0.514 |             0.0636 |             0.0159 |              0.492 |
                770 |             -0.573 |             -0.543 |             0.0436 |             0.0159 |              0.494 |
                780 |             -0.735 |             -0.574 |             0.0299 |             0.0159 |              0.613 |
                790 |             -0.613 |             -0.649 |             0.0542 |             0.0159 |              0.596 |
                800 |             -0.738 |             -0.539 |              0.026 |             0.0159 |              0.491 |
                810 |             -0.662 |             -0.584 |             0.0461 |              0.013 |              0.494 |
                820 |             -0.735 |             -0.574 |             0.0459 |             0.0102 |              0.538 |
                830 |             -0.716 |             -0.694 |             0.0452 |             0.0102 |              0.625 |
                840 |             -0.714 |             -0.612 |             0.0336 |             0.0102 |                0.5 |
                850 |             -0.748 |             -0.714 |             0.0184 |             0.0102 |              0.496 |
                860 |             -0.707 |              -0.61 |              0.046 |             0.0102 |              0.503 |
                870 |              -0.78 |             -0.586 |             0.0716 |             0.0102 |              0.621 |
                880 |             -0.696 |             -0.639 |             0.0349 |             0.0102 |              0.607 |
                890 |             -0.666 |             -0.644 |             0.0311 |             0.0102 |              0.497 |
                900 |             -0.812 |             -0.705 |             0.0701 |             0.0102 |              0.491 |
                910 |             -0.757 |             -0.575 |             0.0567 |             0.0102 |               0.55 |
                920 |               -0.7 |             -0.528 |             0.0354 |             0.0102 |              0.606 |
                930 |             -0.785 |             -0.552 |             0.0541 |             0.0102 |              0.515 |
                940 |             -0.717 |             -0.586 |             0.0176 |             0.0102 |              0.493 |
                950 |               -0.7 |             -0.653 |             0.0593 |             0.0102 |              0.494 |
                960 |             -0.796 |             -0.529 |             0.0163 |             0.0102 |              0.584 |
                970 |             -0.856 |             -0.552 |             0.0258 |            0.00755 |              0.615 |
                980 |             -0.758 |             -0.596 |             0.0576 |            0.00755 |              0.489 |
                990 |             -0.776 |             -0.543 |             0.0396 |            0.00755 |              0.492 |
Training complete: 
   Data path: /work/qgan/data/train/amp-qml_torch-q4-noiseless-SPSA-aerCPU-rand0.5-seed0 
   Best eval: 0.007550827822400295 
   Total time: 54.4796986579895

Running: /work/qgan/data/train/amp-qml_torch-q4-noiseless-SPSA-aerCPU-rand0.1-seed2/config.yaml
              Epoch |     Generator cost | Discriminator cost |               Eval |          Best eval |               Time |
Training complete: 
   Data path: /work/qgan/data/train/amp-qml_torch-q4-noiseless-SPSA-aerCPU-rand0.1-seed2 
   Best eval: 0.06632622648383989 
   Total time: 54.27432680130005

Running: /work/qgan/data/train/base-qml_torch-q4-noisy-PSR-aerCPU-rand1-seed0/config.yaml
Training data file created.
              Epoch |     Generator cost | Discriminator cost |               Eval |          Best eval |               Time |
                  0 |             -0.577 |             -0.466 |               1.52 |               1.52 |                265 |
                 10 |             -0.596 |             -0.488 |                3.3 |               1.51 |           2.71e+03 |
                 20 |             -0.347 |             -0.528 |               1.22 |               1.17 |           2.73e+03 |
                 30 |             -0.596 |             -0.553 |               1.62 |               1.17 |           2.66e+03 |
                 40 |             -0.418 |             -0.551 |               3.22 |              0.471 |           2.67e+03 |
                 50 |             -0.557 |             -0.529 |               1.62 |              0.471 |           2.65e+03 |
                 60 |             -0.454 |              -0.47 |               1.98 |              0.441 |           2.65e+03 |
                 70 |             -0.495 |             -0.593 |               2.33 |              0.441 |           2.65e+03 |
                 80 |             -0.418 |             -0.554 |               5.87 |              0.441 |           2.65e+03 |
                 90 |             -0.718 |              -0.59 |               2.01 |              0.441 |           2.66e+03 |
