Creating config files for run_000:
Configuration file rewritten. Path: /work/qgan/data/train/ang-qml_torch-q8-noiseless-PSR-aerCPU-rand0.25-seed0/config.yaml

Creating config files for run_001:
Configuration file rewritten. Path: /work/qgan/data/train/ang-qml_torch-q8-noiseless-PSR-aerCPU-rand0-seed2/config.yaml

Creating config files for run_002:
Configuration file rewritten. Path: /work/qgan/data/train/amp-qml_torch-q8-noiseless-PSR-aerCPU-rand0.5-seed0/config.yaml

Creating config files for run_003:
Configuration file rewritten. Path: /work/qgan/data/train/amp-qml_torch-q8-noiseless-PSR-aerCPU-rand0.1-seed2/config.yaml

Creating config files for run_004:
Configuration file rewritten. Path: /work/qgan/data/train/amp-qml_torch-q8-noiseless-SPSA-aerCPU-rand1-seed0/config.yaml

Creating config files for run_005:
Configuration file rewritten. Path: /work/qgan/data/train/amp-qml_torch-q8-noiseless-SPSA-aerCPU-rand0.25-seed2/config.yaml

Creating config files for run_006:
Configuration file rewritten. Path: /work/qgan/data/train/amp-qml_torch-q8-noiseless-REG-aerCPU-rand0-seed1/config.yaml

Creating config files for run_007:
Configuration file rewritten. Path: /work/qgan/data/train/amp-qml_torch-q8-noiseless-REG-aerCPU-rand0.5-seed2/config.yaml

Creating config files for run_008:
Configuration file rewritten. Path: /work/qgan/data/train/ang-qml_torch-q4-noiseless-SPSA-aerCPU-rand0.1-seed1/config.yaml

Creating config files for run_009:
Configuration file rewritten. Path: /work/qgan/data/train/ang-qml_torch-q4-noiseless-SPSA-aerCPU-rand1-seed2/config.yaml

Creating config files for run_010:
Configuration file rewritten. Path: /work/qgan/data/train/ang-qml_torch-q4-noiseless-REG-aerCPU-rand0.25-seed1/config.yaml

Creating config files for run_011:
Configuration file rewritten. Path: /work/qgan/data/train/base-qml_torch-q8-noiseless-PSR-aerCPU-rand0-seed0/config.yaml

Creating config files for run_012:
Configuration file rewritten. Path: /work/qgan/data/train/base-qml_torch-q8-noiseless-PSR-aerCPU-rand0.5-seed1/config.yaml

Creating config files for run_013:
Configuration file rewritten. Path: /work/qgan/data/train/base-qml_torch-q4-noiseless-REG-aerCPU-rand0.1-seed0/config.yaml

Creating config files for run_014:
Configuration file rewritten. Path: /work/qgan/data/train/base-qml_torch-q4-noiseless-REG-aerCPU-rand1-seed1/config.yaml

Creating config files for run_015:
Configuration file rewritten. Path: /work/qgan/data/train/amp-qml_torch-q4-noiseless-SPSA-aerCPU-rand0.25-seed0/config.yaml

Creating config files for run_016:
Configuration file rewritten. Path: /work/qgan/data/train/amp-qml_torch-q4-noiseless-SPSA-aerCPU-rand0-seed2/config.yaml

Creating config files for run_017:
Configuration file rewritten. Path: /work/qgan/data/train/base-qml_torch-q4-noisy-PSR-aerCPU-rand0.5-seed0/config.yaml

Creating config files for run_018:
Configuration file rewritten. Path: /work/qgan/data/train/base-qml_torch-q4-noisy-PSR-aerCPU-rand0.1-seed2/config.yaml

Creating config files for run_019:
Configuration file rewritten. Path: /work/qgan/data/train/ang-qml_torch-q4-noisy-PSR-aerCPU-rand1-seed0/config.yaml

Creating config files for run_020:
Configuration file rewritten. Path: /work/qgan/data/train/ang-qml_torch-q4-noisy-PSR-aerCPU-rand0.25-seed2/config.yaml

21 battery configuration files ready.

Running: /work/qgan/data/train/ang-qml_torch-q8-noiseless-PSR-aerCPU-rand0.25-seed0/config.yaml
              Epoch |     Generator cost | Discriminator cost |               Eval |          Best eval |               Time |
Training complete: 
   Data path: /work/qgan/data/train/ang-qml_torch-q8-noiseless-PSR-aerCPU-rand0.25-seed0 
   Best eval: 0.03441740572452545 
   Total time: 6336.480895280838

Running: /work/qgan/data/train/ang-qml_torch-q8-noiseless-PSR-aerCPU-rand0-seed2/config.yaml
              Epoch |     Generator cost | Discriminator cost |               Eval |          Best eval |               Time |
Training complete: 
   Data path: /work/qgan/data/train/ang-qml_torch-q8-noiseless-PSR-aerCPU-rand0-seed2 
   Best eval: 0.007709764875471592 
   Total time: 6046.308506727219

Running: /work/qgan/data/train/amp-qml_torch-q8-noiseless-PSR-aerCPU-rand0.5-seed0/config.yaml
Training data file created.
              Epoch |     Generator cost | Discriminator cost |               Eval |          Best eval |               Time |
                  0 |             -0.388 |             -0.444 |            0.00298 |            0.00298 |               4.77 |
                 10 |             -0.456 |             -0.488 |            0.00337 |            0.00205 |               46.5 |
                 20 |             -0.412 |             -0.481 |            0.00209 |            0.00205 |               46.3 |
                 30 |             -0.593 |             -0.474 |            0.00258 |            0.00205 |               46.6 |
                 40 |             -0.554 |             -0.507 |            0.00305 |            0.00205 |               46.4 |
                 50 |             -0.652 |              -0.48 |             0.0027 |            0.00176 |               46.9 |
                 60 |             -0.589 |              -0.48 |            0.00336 |            0.00176 |               48.1 |
                 70 |              -0.69 |             -0.474 |            0.00327 |            0.00176 |               48.4 |
                 80 |             -0.645 |             -0.558 |            0.00375 |            0.00176 |               48.1 |
                 90 |             -0.712 |             -0.536 |            0.00342 |            0.00176 |               48.1 |
                100 |             -0.697 |             -0.555 |            0.00299 |            0.00176 |               48.2 |
                110 |              -0.73 |             -0.557 |            0.00252 |            0.00176 |               48.1 |
                120 |             -0.845 |              -0.53 |            0.00205 |            0.00176 |               48.3 |
                130 |             -0.718 |             -0.566 |            0.00291 |            0.00176 |               47.4 |
                140 |             -0.751 |             -0.578 |            0.00213 |            0.00176 |               46.9 |
                150 |             -0.625 |             -0.555 |            0.00354 |            0.00176 |               46.7 |
                160 |             -0.695 |             -0.584 |            0.00318 |            0.00176 |               46.6 |
                170 |             -0.687 |             -0.639 |              0.003 |            0.00176 |               46.4 |
                180 |             -0.795 |             -0.558 |             0.0029 |            0.00176 |               46.8 |
                190 |             -0.742 |             -0.581 |             0.0028 |            0.00176 |               47.1 |
                200 |              -0.73 |             -0.565 |            0.00368 |            0.00176 |               46.6 |
                210 |             -0.741 |             -0.584 |            0.00249 |            0.00154 |               46.2 |
                220 |             -0.846 |             -0.541 |            0.00358 |            0.00154 |                 46 |
                230 |              -0.82 |             -0.556 |            0.00276 |            0.00154 |               46.4 |
                240 |             -0.666 |              -0.63 |            0.00305 |            0.00154 |               46.2 |
                250 |              -0.74 |             -0.624 |            0.00273 |            0.00154 |               45.9 |
                260 |             -0.815 |             -0.601 |            0.00283 |            0.00154 |                 46 |
                270 |             -0.805 |             -0.568 |            0.00292 |            0.00154 |                 46 |
                280 |             -0.775 |             -0.578 |             0.0029 |            0.00154 |               46.1 |
                290 |             -0.779 |             -0.588 |            0.00365 |            0.00154 |               46.1 |
                300 |              -0.73 |             -0.583 |            0.00376 |            0.00154 |               46.4 |
                310 |             -0.929 |             -0.505 |            0.00335 |            0.00154 |                 46 |
                320 |              -0.79 |             -0.566 |            0.00261 |            0.00154 |               46.1 |
                330 |             -0.682 |             -0.536 |             0.0032 |            0.00154 |               46.4 |
                340 |             -0.849 |             -0.549 |            0.00363 |            0.00154 |               46.2 |
                350 |             -0.899 |             -0.613 |             0.0026 |            0.00154 |               46.2 |
                360 |             -0.634 |              -0.54 |            0.00292 |            0.00154 |               46.2 |
                370 |             -0.815 |             -0.573 |            0.00328 |            0.00154 |                 46 |
                380 |             -0.727 |             -0.566 |             0.0032 |            0.00154 |               46.4 |
                390 |             -0.875 |             -0.622 |            0.00239 |            0.00154 |                 46 |
                400 |             -0.836 |             -0.604 |            0.00285 |            0.00154 |               46.4 |
                410 |             -0.772 |             -0.589 |            0.00336 |            0.00154 |               46.1 |
                420 |             -0.851 |             -0.676 |            0.00297 |            0.00154 |               46.3 |
                430 |              -0.82 |             -0.584 |             0.0034 |            0.00154 |               46.4 |
                440 |             -0.791 |             -0.671 |            0.00378 |            0.00154 |               45.9 |
                450 |             -0.815 |             -0.666 |            0.00261 |            0.00154 |               46.5 |
                460 |             -0.615 |             -0.586 |            0.00348 |            0.00154 |               46.4 |
                470 |             -0.835 |             -0.638 |            0.00343 |            0.00154 |               45.9 |
                480 |             -0.845 |             -0.539 |            0.00359 |            0.00154 |                 46 |
                490 |             -0.837 |             -0.557 |            0.00261 |            0.00154 |                 46 |
                500 |             -0.685 |             -0.602 |            0.00269 |            0.00154 |                 46 |
                510 |             -0.839 |             -0.592 |            0.00263 |            0.00154 |               45.8 |
                520 |             -0.854 |             -0.609 |            0.00311 |            0.00154 |               46.5 |
                530 |             -0.681 |             -0.591 |            0.00342 |            0.00154 |               46.1 |
                540 |             -0.732 |             -0.629 |            0.00302 |            0.00154 |               46.1 |
                550 |               -0.7 |             -0.638 |            0.00298 |            0.00154 |               45.9 |
                560 |             -0.812 |              -0.64 |            0.00352 |            0.00154 |               45.7 |
                570 |             -0.731 |             -0.647 |            0.00297 |            0.00154 |               45.1 |
                580 |             -0.685 |             -0.629 |            0.00336 |            0.00154 |               45.9 |
                590 |             -0.736 |             -0.652 |            0.00288 |            0.00154 |               45.4 |
                600 |             -0.643 |             -0.668 |            0.00307 |            0.00154 |               45.5 |
                610 |             -0.675 |             -0.679 |            0.00308 |            0.00154 |               45.5 |
                620 |             -0.635 |             -0.684 |            0.00264 |            0.00154 |               45.3 |
                630 |              -0.67 |             -0.687 |            0.00369 |            0.00154 |               45.8 |
                640 |             -0.571 |             -0.678 |             0.0037 |            0.00154 |               45.8 |
                650 |             -0.545 |              -0.72 |            0.00328 |            0.00154 |               45.4 |
                660 |             -0.611 |             -0.696 |            0.00167 |            0.00154 |               45.7 |
                670 |              -0.58 |             -0.698 |            0.00325 |            0.00154 |               45.9 |
                680 |             -0.652 |             -0.661 |             0.0028 |            0.00154 |               45.6 |
                690 |             -0.607 |             -0.715 |            0.00253 |            0.00154 |               45.6 |
                700 |             -0.601 |             -0.687 |            0.00359 |            0.00154 |               45.9 |
                710 |             -0.608 |             -0.697 |            0.00224 |            0.00154 |               45.6 |
                720 |             -0.572 |             -0.665 |            0.00318 |            0.00154 |               45.5 |
                730 |             -0.592 |             -0.701 |            0.00347 |            0.00154 |               45.3 |
                740 |             -0.594 |             -0.684 |             0.0034 |            0.00154 |               45.7 |
                750 |              -0.63 |             -0.683 |            0.00314 |            0.00154 |               46.1 |
                760 |             -0.531 |             -0.659 |            0.00309 |            0.00154 |               45.7 |
                770 |             -0.554 |             -0.656 |            0.00293 |            0.00154 |               45.5 |
                780 |               -0.7 |              -0.67 |            0.00214 |            0.00154 |               45.8 |
                790 |             -0.608 |             -0.632 |            0.00307 |            0.00154 |               45.8 |
                800 |             -0.586 |             -0.674 |            0.00221 |            0.00154 |               45.4 |
                810 |              -0.68 |             -0.677 |            0.00327 |            0.00154 |               45.6 |
                820 |              -0.62 |             -0.706 |            0.00229 |            0.00154 |               45.8 |
                830 |             -0.605 |             -0.629 |            0.00244 |            0.00154 |               45.8 |
                840 |              -0.63 |             -0.682 |             0.0027 |            0.00154 |               45.9 |
                850 |             -0.662 |             -0.701 |            0.00196 |            0.00154 |               45.6 |
                860 |             -0.784 |             -0.651 |            0.00211 |            0.00154 |               45.8 |
                870 |             -0.685 |             -0.645 |            0.00235 |            0.00154 |               45.5 |
                880 |             -0.708 |             -0.666 |            0.00218 |            0.00154 |               45.4 |
                890 |             -0.605 |             -0.708 |            0.00155 |            0.00154 |               45.8 |
                900 |             -0.734 |             -0.616 |            0.00184 |            0.00154 |               45.6 |
                910 |             -0.663 |             -0.564 |            0.00222 |            0.00154 |               45.5 |
                920 |             -0.667 |              -0.64 |            0.00246 |            0.00154 |               45.8 |
                930 |             -0.615 |             -0.609 |            0.00229 |            0.00154 |               45.6 |
                940 |             -0.638 |              -0.67 |            0.00232 |            0.00154 |               45.3 |
                950 |             -0.735 |             -0.669 |            0.00185 |            0.00154 |               45.9 |
                960 |             -0.687 |             -0.661 |             0.0018 |            0.00154 |               45.9 |
                970 |             -0.565 |             -0.614 |             0.0023 |            0.00154 |               45.6 |
                980 |              -0.69 |             -0.619 |             0.0017 |            0.00138 |                 46 |
                990 |             -0.682 |             -0.673 |            0.00273 |            0.00138 |               45.9 |
Training complete: 
   Data path: /work/qgan/data/train/amp-qml_torch-q8-noiseless-PSR-aerCPU-rand0.5-seed0 
   Best eval: 0.0013767088147566726 
   Total time: 4614.395062923431

Running: /work/qgan/data/train/amp-qml_torch-q8-noiseless-PSR-aerCPU-rand0.1-seed2/config.yaml
              Epoch |     Generator cost | Discriminator cost |               Eval |          Best eval |               Time |
Training complete: 
   Data path: /work/qgan/data/train/amp-qml_torch-q8-noiseless-PSR-aerCPU-rand0.1-seed2 
   Best eval: 0.0015701412992187073 
   Total time: 4523.952631235123

Running: /work/qgan/data/train/amp-qml_torch-q8-noiseless-SPSA-aerCPU-rand1-seed0/config.yaml
Training data file created.
              Epoch |     Generator cost | Discriminator cost |               Eval |          Best eval |               Time |
                  0 |             -0.522 |             -0.433 |            0.00301 |            0.00301 |              0.163 |
                 10 |             -0.552 |             -0.443 |            0.00344 |            0.00249 |               1.56 |
                 20 |             -0.494 |             -0.468 |            0.00374 |            0.00249 |               1.57 |
                 30 |             -0.548 |             -0.404 |             0.0034 |            0.00246 |               1.56 |
                 40 |             -0.493 |             -0.463 |            0.00344 |            0.00246 |               1.57 |
                 50 |             -0.532 |             -0.443 |            0.00317 |            0.00227 |               1.56 |
                 60 |              -0.55 |              -0.46 |            0.00234 |            0.00227 |               1.55 |
                 70 |             -0.527 |             -0.498 |            0.00253 |            0.00227 |               1.57 |
                 80 |             -0.474 |             -0.494 |            0.00328 |            0.00227 |               1.55 |
                 90 |             -0.483 |             -0.458 |             0.0036 |            0.00221 |               1.56 |
                100 |             -0.509 |             -0.533 |            0.00289 |            0.00221 |               1.56 |
                110 |             -0.387 |             -0.456 |            0.00339 |            0.00221 |               1.56 |
                120 |             -0.536 |             -0.597 |            0.00304 |            0.00221 |               1.56 |
                130 |             -0.659 |             -0.579 |            0.00366 |            0.00221 |               1.57 |
                140 |             -0.615 |             -0.647 |            0.00313 |            0.00205 |               1.56 |
                150 |              -0.34 |             -0.613 |            0.00312 |            0.00205 |               1.56 |
                160 |             -0.475 |             -0.685 |            0.00268 |            0.00205 |               1.57 |
                170 |             -0.478 |              -0.65 |            0.00258 |            0.00205 |               1.56 |
                180 |             -0.505 |             -0.679 |            0.00307 |            0.00205 |               1.58 |
                190 |             -0.579 |              -0.68 |            0.00364 |            0.00205 |               1.59 |
                200 |             -0.659 |             -0.601 |            0.00274 |            0.00205 |               1.56 |
                210 |             -0.342 |             -0.717 |            0.00336 |            0.00205 |               1.59 |
                220 |               -0.7 |             -0.581 |            0.00292 |            0.00205 |               1.59 |
                230 |             -0.702 |             -0.671 |            0.00315 |            0.00205 |               1.57 |
                240 |             -0.704 |              -0.62 |            0.00282 |            0.00205 |               1.56 |
                250 |             -0.416 |             -0.515 |            0.00331 |            0.00205 |               1.55 |
                260 |             -0.406 |             -0.684 |             0.0034 |            0.00205 |               1.57 |
                270 |             -0.469 |             -0.656 |            0.00269 |            0.00205 |               1.57 |
                280 |             -0.252 |             -0.685 |            0.00246 |            0.00205 |               1.56 |
                290 |             -0.377 |             -0.782 |            0.00356 |            0.00205 |               1.55 |
                300 |             -0.392 |             -0.781 |            0.00371 |            0.00205 |               1.56 |
                310 |             -0.456 |             -0.747 |            0.00246 |            0.00205 |               1.57 |
                320 |             -0.616 |             -0.828 |             0.0033 |            0.00205 |               1.57 |
                330 |             -0.541 |             -0.563 |            0.00342 |            0.00205 |               1.56 |
                340 |             -0.588 |              -0.87 |            0.00305 |            0.00205 |               1.57 |
                350 |             -0.441 |             -0.892 |            0.00356 |            0.00205 |               1.56 |
                360 |             -0.638 |             -0.585 |            0.00328 |            0.00205 |               1.58 |
                370 |             -0.244 |             -0.688 |            0.00261 |            0.00205 |               1.57 |
                380 |             -0.504 |             -0.804 |            0.00344 |            0.00205 |               1.55 |
                390 |             -0.749 |             -0.635 |            0.00332 |            0.00205 |               1.57 |
                400 |             -0.425 |             -0.687 |            0.00266 |            0.00205 |               1.56 |
                410 |             -0.606 |             -0.872 |            0.00356 |            0.00205 |               1.57 |
                420 |             -0.433 |             -0.704 |            0.00299 |            0.00205 |               1.57 |
                430 |             -0.238 |             -0.594 |            0.00319 |            0.00205 |               1.58 |
                440 |             -0.394 |             -0.639 |            0.00349 |            0.00205 |               1.59 |
                450 |             -0.482 |             -0.619 |            0.00323 |            0.00205 |               1.56 |
                460 |             -0.745 |             -0.645 |            0.00226 |            0.00205 |               1.59 |
                470 |             -0.561 |             -0.696 |            0.00342 |            0.00205 |               1.57 |
                480 |             -0.392 |             -0.708 |             0.0028 |             0.0011 |               1.57 |
                490 |             -0.538 |             -0.698 |            0.00255 |             0.0011 |               1.57 |
                500 |             -0.643 |             -0.859 |            0.00274 |             0.0011 |               1.56 |
                510 |             -0.409 |             -0.661 |            0.00334 |             0.0011 |               1.55 |
                520 |             -0.308 |             -0.818 |             0.0031 |             0.0011 |               1.58 |
                530 |             -0.708 |             -0.737 |            0.00315 |             0.0011 |               1.56 |
                540 |             -0.676 |             -0.876 |            0.00347 |             0.0011 |               1.55 |
                550 |             -0.613 |             -0.794 |            0.00311 |             0.0011 |               1.57 |
                560 |             -0.468 |             -0.769 |            0.00361 |             0.0011 |               1.57 |
                570 |             -0.668 |             -0.699 |            0.00319 |             0.0011 |               1.56 |
                580 |             -0.352 |             -0.803 |            0.00293 |             0.0011 |               1.57 |
                590 |             -0.525 |             -0.752 |            0.00343 |             0.0011 |               1.56 |
                600 |             -0.541 |             -0.728 |            0.00276 |             0.0011 |               1.58 |
                610 |              -0.39 |             -0.786 |            0.00321 |             0.0011 |               1.57 |
                620 |             -0.366 |             -0.838 |            0.00332 |             0.0011 |               1.56 |
                630 |             -0.836 |             -0.642 |            0.00307 |             0.0011 |               1.56 |
                640 |             -0.628 |             -0.681 |            0.00345 |             0.0011 |               1.57 |
                650 |             -0.448 |             -0.569 |            0.00346 |             0.0011 |               1.56 |
                660 |             -0.561 |             -0.836 |            0.00361 |             0.0011 |               1.56 |
                670 |             -0.473 |             -0.641 |            0.00321 |             0.0011 |               1.56 |
                680 |             -0.489 |             -0.683 |            0.00345 |             0.0011 |               1.56 |
                690 |             -0.769 |             -0.778 |            0.00305 |             0.0011 |               1.56 |
                700 |             -0.643 |             -0.611 |             0.0031 |             0.0011 |               1.57 |
                710 |             -0.275 |             -0.798 |            0.00318 |             0.0011 |               1.56 |
                720 |             -0.676 |             -0.863 |            0.00331 |             0.0011 |               1.57 |
                730 |             -0.424 |             -0.743 |            0.00291 |             0.0011 |               1.58 |
                740 |             -0.553 |             -0.602 |            0.00319 |             0.0011 |               1.57 |
                750 |             -0.462 |             -0.616 |             0.0031 |             0.0011 |               1.56 |
                760 |             -0.433 |             -0.774 |            0.00302 |             0.0011 |               1.58 |
                770 |             -0.833 |             -0.609 |            0.00247 |             0.0011 |               1.57 |
                780 |              -0.41 |             -0.681 |            0.00374 |             0.0011 |               1.57 |
                790 |             -0.562 |             -0.624 |            0.00266 |             0.0011 |               1.56 |
                800 |             -0.739 |             -0.558 |            0.00296 |             0.0011 |               1.57 |
                810 |             -0.363 |             -0.706 |            0.00343 |             0.0011 |               1.56 |
                820 |             -0.646 |             -0.669 |            0.00343 |             0.0011 |               1.58 |
                830 |             -0.527 |             -0.796 |            0.00323 |             0.0011 |               1.56 |
                840 |               -0.5 |             -0.683 |            0.00268 |             0.0011 |               1.56 |
                850 |             -0.539 |             -0.732 |            0.00349 |             0.0011 |               1.59 |
                860 |             -0.459 |             -0.855 |            0.00194 |             0.0011 |               1.58 |
                870 |             -0.409 |             -0.745 |            0.00281 |             0.0011 |               1.57 |
                880 |             -0.175 |              -0.81 |            0.00359 |             0.0011 |               1.57 |
                890 |             -0.543 |             -0.679 |            0.00324 |             0.0011 |               1.57 |
                900 |              -0.55 |             -0.918 |            0.00386 |             0.0011 |               1.56 |
                910 |             -0.427 |             -0.717 |            0.00312 |             0.0011 |               1.58 |
                920 |             -0.597 |             -0.893 |            0.00325 |             0.0011 |               1.57 |
                930 |             -0.607 |             -0.711 |            0.00365 |             0.0011 |               1.57 |
                940 |             -0.785 |             -0.724 |             0.0024 |             0.0011 |               1.57 |
                950 |             -0.655 |             -0.744 |            0.00319 |             0.0011 |               1.57 |
                960 |              -0.53 |             -0.762 |            0.00382 |             0.0011 |               1.57 |
                970 |             -0.404 |              -0.82 |            0.00345 |             0.0011 |               1.56 |
                980 |             -0.668 |             -0.784 |            0.00342 |             0.0011 |               1.56 |
                990 |             -0.517 |             -0.619 |            0.00373 |             0.0011 |               1.56 |
Training complete: 
   Data path: /work/qgan/data/train/amp-qml_torch-q8-noiseless-SPSA-aerCPU-rand1-seed0 
   Best eval: 0.001103362577170806 
   Total time: 156.66757106781006

Running: /work/qgan/data/train/amp-qml_torch-q8-noiseless-SPSA-aerCPU-rand0.25-seed2/config.yaml
Training data file created.
              Epoch |     Generator cost | Discriminator cost |               Eval |          Best eval |               Time |
                  0 |             -0.768 |             -0.332 |            0.00317 |            0.00317 |              0.163 |
                 10 |             -0.773 |             -0.336 |            0.00388 |            0.00298 |               1.56 |
                 20 |             -0.703 |              -0.32 |            0.00322 |            0.00291 |               1.58 |
                 30 |             -0.749 |             -0.331 |            0.00336 |            0.00258 |               1.57 |
                 40 |             -0.809 |             -0.379 |            0.00378 |            0.00258 |               1.57 |
                 50 |             -0.771 |             -0.345 |            0.00397 |            0.00258 |               1.57 |
                 60 |             -0.719 |             -0.352 |            0.00283 |            0.00258 |               1.56 |
                 70 |             -0.765 |             -0.337 |            0.00236 |            0.00236 |               1.59 |
                 80 |             -0.782 |             -0.323 |            0.00328 |            0.00236 |               1.58 |
                 90 |              -0.73 |             -0.339 |            0.00397 |            0.00236 |               1.57 |
                100 |             -0.733 |             -0.338 |            0.00357 |            0.00236 |               1.56 |
                110 |             -0.766 |             -0.332 |            0.00243 |            0.00221 |               1.58 |
                120 |             -0.831 |             -0.415 |            0.00309 |            0.00221 |               1.58 |
                130 |             -0.751 |             -0.356 |            0.00383 |            0.00221 |               1.59 |
                140 |             -0.764 |             -0.383 |            0.00311 |            0.00221 |               1.56 |
                150 |             -0.829 |             -0.415 |             0.0029 |            0.00221 |               1.56 |
                160 |             -0.763 |             -0.364 |             0.0035 |            0.00221 |               1.57 |
                170 |               -0.8 |             -0.395 |            0.00299 |            0.00221 |               1.57 |
                180 |             -0.769 |             -0.375 |            0.00358 |            0.00221 |               1.58 |
                190 |              -0.78 |             -0.386 |            0.00395 |            0.00221 |               1.56 |
                200 |             -0.785 |             -0.358 |             0.0029 |            0.00221 |               1.57 |
                210 |              -0.81 |              -0.38 |             0.0032 |            0.00221 |               1.59 |
                220 |             -0.819 |             -0.449 |            0.00337 |            0.00221 |               1.57 |
                230 |             -0.873 |             -0.417 |            0.00334 |            0.00221 |               1.58 |
                240 |             -0.851 |             -0.394 |            0.00365 |            0.00221 |               1.56 |
                250 |              -0.85 |             -0.442 |            0.00341 |            0.00221 |               1.57 |
                260 |             -0.822 |             -0.437 |            0.00347 |            0.00221 |               1.58 |
                270 |             -0.846 |             -0.462 |            0.00369 |            0.00221 |               1.57 |
                280 |             -0.874 |             -0.424 |            0.00357 |            0.00221 |               1.58 |
                290 |             -0.833 |             -0.459 |            0.00279 |            0.00221 |               1.58 |
                300 |             -0.858 |             -0.445 |            0.00297 |            0.00221 |               1.57 |
                310 |             -0.828 |             -0.478 |            0.00316 |            0.00221 |               1.58 |
                320 |             -0.863 |             -0.443 |            0.00343 |            0.00221 |               1.58 |
                330 |             -0.771 |             -0.448 |            0.00387 |            0.00221 |               1.58 |
                340 |               -0.8 |             -0.458 |            0.00305 |            0.00221 |               1.56 |
                350 |             -0.804 |             -0.471 |            0.00328 |            0.00221 |               1.58 |
                360 |             -0.843 |             -0.515 |            0.00351 |            0.00221 |               1.56 |
                370 |             -0.816 |             -0.451 |            0.00306 |            0.00221 |               1.57 |
                380 |             -0.895 |             -0.493 |            0.00347 |            0.00221 |               1.57 |
                390 |             -0.847 |             -0.535 |            0.00328 |            0.00221 |               1.55 |
                400 |             -0.812 |             -0.521 |            0.00369 |            0.00221 |               1.57 |
                410 |             -0.866 |              -0.51 |            0.00346 |            0.00221 |               1.59 |
                420 |             -0.875 |             -0.481 |            0.00319 |            0.00221 |               1.57 |
                430 |             -0.816 |             -0.491 |            0.00275 |            0.00221 |               1.56 |
                440 |             -0.845 |             -0.506 |            0.00281 |            0.00221 |               1.56 |
                450 |             -0.863 |             -0.532 |            0.00264 |            0.00221 |               1.57 |
                460 |              -0.83 |             -0.526 |            0.00312 |            0.00221 |               1.57 |
                470 |             -0.866 |             -0.529 |            0.00361 |            0.00221 |               1.56 |
                480 |             -0.884 |             -0.511 |            0.00399 |            0.00221 |               1.56 |
                490 |             -0.857 |             -0.514 |            0.00329 |            0.00221 |               1.58 |
                500 |             -0.869 |             -0.521 |            0.00291 |            0.00221 |               1.59 |
                510 |             -0.847 |             -0.552 |            0.00349 |            0.00221 |               1.56 |
                520 |             -0.877 |             -0.526 |            0.00364 |            0.00221 |               1.58 |
                530 |             -0.861 |             -0.523 |            0.00315 |            0.00221 |               1.58 |
                540 |             -0.899 |             -0.528 |            0.00327 |            0.00221 |               1.58 |
                550 |             -0.929 |             -0.546 |            0.00339 |            0.00221 |               1.57 |
                560 |             -0.881 |              -0.54 |            0.00359 |            0.00221 |               1.58 |
                570 |             -0.858 |             -0.538 |            0.00349 |            0.00221 |               1.57 |
                580 |             -0.934 |             -0.514 |             0.0034 |            0.00221 |               1.58 |
                590 |             -0.913 |             -0.536 |            0.00377 |            0.00221 |               1.59 |
                600 |             -0.861 |             -0.513 |            0.00348 |            0.00221 |               1.57 |
                610 |             -0.851 |             -0.515 |            0.00259 |            0.00221 |               1.59 |
                620 |             -0.877 |              -0.53 |            0.00282 |            0.00221 |               1.59 |
                630 |             -0.855 |             -0.511 |             0.0029 |            0.00221 |               1.57 |
                640 |             -0.829 |             -0.522 |            0.00329 |            0.00221 |               1.59 |
                650 |             -0.884 |             -0.552 |            0.00304 |            0.00221 |               1.58 |
                660 |             -0.789 |              -0.53 |            0.00327 |            0.00221 |               1.58 |
                670 |             -0.868 |             -0.519 |            0.00317 |            0.00221 |               1.58 |
                680 |             -0.877 |             -0.535 |            0.00313 |            0.00221 |               1.57 |
                690 |             -0.852 |             -0.515 |            0.00315 |            0.00221 |               1.57 |
                700 |             -0.873 |             -0.529 |            0.00352 |            0.00221 |               1.58 |
                710 |             -0.831 |             -0.522 |            0.00318 |            0.00221 |               1.56 |
                720 |             -0.873 |             -0.517 |            0.00327 |            0.00221 |               1.56 |
                730 |             -0.866 |             -0.524 |            0.00356 |            0.00221 |               1.58 |
                740 |             -0.876 |             -0.533 |            0.00291 |            0.00221 |               1.59 |
                750 |             -0.874 |             -0.545 |            0.00335 |            0.00221 |               1.57 |
                760 |             -0.912 |             -0.524 |             0.0035 |            0.00221 |               1.57 |
                770 |             -0.849 |              -0.53 |            0.00378 |            0.00221 |               1.59 |
                780 |             -0.844 |             -0.535 |            0.00275 |            0.00221 |               1.57 |
                790 |              -0.81 |             -0.505 |            0.00364 |            0.00221 |               1.57 |
                800 |             -0.841 |             -0.548 |            0.00331 |            0.00221 |               1.58 |
                810 |             -0.868 |             -0.512 |            0.00336 |            0.00221 |               1.58 |
                820 |             -0.881 |              -0.52 |            0.00337 |            0.00221 |               1.58 |
                830 |             -0.901 |              -0.52 |            0.00274 |            0.00221 |               1.57 |
                840 |             -0.894 |             -0.503 |            0.00374 |            0.00221 |               1.58 |
                850 |             -0.872 |             -0.522 |            0.00337 |            0.00221 |               1.58 |
                860 |             -0.889 |             -0.507 |            0.00323 |            0.00221 |               1.59 |
                870 |             -0.865 |             -0.549 |            0.00331 |            0.00221 |               1.57 |
                880 |             -0.904 |             -0.539 |            0.00351 |            0.00221 |               1.58 |
                890 |             -0.816 |             -0.539 |             0.0034 |            0.00221 |               1.56 |
                900 |             -0.861 |              -0.53 |            0.00328 |            0.00221 |               1.57 |
                910 |             -0.882 |             -0.511 |            0.00325 |            0.00221 |               1.57 |
                920 |             -0.924 |             -0.515 |            0.00352 |            0.00221 |               1.56 |
                930 |             -0.883 |             -0.523 |            0.00352 |            0.00221 |               1.58 |
                940 |             -0.928 |             -0.509 |            0.00333 |            0.00221 |               1.59 |
                950 |              -0.92 |             -0.513 |            0.00316 |            0.00221 |               1.58 |
                960 |             -0.884 |             -0.531 |            0.00373 |            0.00221 |               1.57 |
                970 |             -0.898 |             -0.505 |            0.00331 |            0.00221 |               1.58 |
                980 |             -0.924 |             -0.542 |            0.00301 |            0.00221 |               1.56 |
                990 |             -0.915 |             -0.517 |             0.0039 |            0.00221 |               1.59 |
Training complete: 
   Data path: /work/qgan/data/train/amp-qml_torch-q8-noiseless-SPSA-aerCPU-rand0.25-seed2 
   Best eval: 0.0022096151058317443 
   Total time: 157.39605283737183

Running: /work/qgan/data/train/amp-qml_torch-q8-noiseless-REG-aerCPU-rand0-seed1/config.yaml
              Epoch |     Generator cost | Discriminator cost |               Eval |          Best eval |               Time |
Training complete: 
   Data path: /work/qgan/data/train/amp-qml_torch-q8-noiseless-REG-aerCPU-rand0-seed1 
   Best eval: 0.0007475613494781679 
   Total time: 9266.816619634628

Running: /work/qgan/data/train/amp-qml_torch-q8-noiseless-REG-aerCPU-rand0.5-seed2/config.yaml
Training data file created.
              Epoch |     Generator cost | Discriminator cost |               Eval |          Best eval |               Time |
                  0 |             -0.612 |             -0.379 |            0.00324 |            0.00324 |               14.3 |
                 10 |             -0.612 |             -0.422 |            0.00348 |            0.00307 |                 97 |
                 20 |             -0.704 |             -0.458 |            0.00214 |            0.00214 |               93.5 |
                 30 |             -0.729 |              -0.47 |             0.0038 |            0.00214 |               94.3 |
                 40 |              -0.69 |             -0.469 |            0.00338 |            0.00214 |               93.1 |
                 50 |             -0.708 |             -0.442 |            0.00359 |            0.00214 |               93.8 |
                 60 |             -0.628 |             -0.479 |              0.003 |            0.00214 |                 94 |
                 70 |             -0.586 |             -0.535 |            0.00298 |            0.00214 |               94.1 |
                 80 |             -0.525 |             -0.599 |            0.00223 |            0.00214 |               95.2 |
                 90 |              -0.68 |             -0.607 |            0.00358 |            0.00214 |               95.5 |
                100 |              -0.67 |             -0.585 |            0.00365 |            0.00214 |               92.9 |
                110 |             -0.657 |             -0.606 |            0.00354 |            0.00214 |                 94 |
                120 |             -0.656 |             -0.655 |            0.00292 |            0.00214 |               93.5 |
                130 |             -0.652 |             -0.596 |             0.0033 |            0.00214 |               93.7 |
                140 |             -0.506 |             -0.611 |            0.00314 |            0.00214 |               93.8 |
                150 |              -0.71 |             -0.656 |            0.00299 |            0.00214 |               93.3 |
                160 |             -0.664 |             -0.594 |             0.0033 |            0.00214 |               94.2 |
                170 |             -0.706 |             -0.656 |            0.00271 |            0.00201 |               94.2 |
                180 |             -0.629 |             -0.615 |            0.00335 |            0.00198 |               93.5 |
                190 |             -0.584 |              -0.57 |            0.00359 |            0.00198 |               93.6 |
                200 |             -0.674 |             -0.613 |            0.00296 |            0.00198 |               93.4 |
                210 |             -0.589 |              -0.63 |            0.00292 |            0.00198 |               93.2 |
                220 |             -0.619 |             -0.614 |            0.00197 |            0.00197 |               93.5 |
                230 |             -0.757 |             -0.593 |            0.00319 |            0.00197 |               94.2 |
                240 |             -0.733 |             -0.683 |            0.00346 |            0.00197 |               94.1 |
                250 |             -0.696 |             -0.626 |            0.00354 |            0.00197 |               94.6 |
                260 |             -0.616 |             -0.606 |            0.00279 |            0.00197 |               94.2 |
                270 |             -0.768 |             -0.596 |             0.0033 |            0.00197 |               94.3 |
                280 |             -0.569 |             -0.584 |            0.00271 |            0.00197 |               93.8 |
                290 |             -0.718 |             -0.608 |            0.00299 |            0.00165 |               93.4 |
                300 |             -0.725 |             -0.611 |            0.00266 |            0.00165 |               93.3 |
                310 |             -0.681 |             -0.667 |            0.00234 |            0.00165 |               94.5 |
                320 |              -0.68 |             -0.636 |            0.00355 |            0.00165 |                 94 |
                330 |              -0.65 |             -0.617 |            0.00317 |            0.00165 |               92.9 |
                340 |             -0.688 |             -0.634 |            0.00247 |            0.00165 |               93.9 |
                350 |             -0.697 |             -0.638 |            0.00354 |            0.00165 |               94.3 |
                360 |             -0.628 |             -0.684 |            0.00351 |            0.00165 |               94.6 |
                370 |             -0.734 |             -0.673 |            0.00327 |            0.00165 |               93.1 |
                380 |             -0.687 |             -0.677 |            0.00356 |            0.00165 |               94.2 |
                390 |             -0.628 |             -0.686 |            0.00339 |            0.00165 |               94.9 |
                400 |             -0.632 |             -0.662 |            0.00359 |            0.00165 |               93.7 |
                410 |             -0.625 |             -0.664 |            0.00296 |            0.00165 |               94.1 |
                420 |             -0.641 |             -0.652 |            0.00241 |            0.00165 |               93.2 |
                430 |             -0.643 |             -0.652 |            0.00307 |            0.00165 |               92.8 |
                440 |              -0.58 |              -0.67 |             0.0038 |            0.00165 |               92.7 |
                450 |             -0.658 |             -0.682 |            0.00367 |            0.00165 |               93.1 |
                460 |             -0.616 |             -0.712 |            0.00317 |            0.00165 |               94.2 |
                470 |             -0.634 |             -0.713 |            0.00302 |            0.00165 |               93.3 |
                480 |             -0.529 |             -0.666 |            0.00371 |            0.00165 |               93.4 |
                490 |             -0.683 |             -0.684 |            0.00242 |            0.00165 |               93.3 |
                500 |             -0.552 |             -0.732 |            0.00318 |            0.00165 |               92.2 |
                510 |             -0.559 |             -0.686 |            0.00338 |            0.00165 |               93.5 |
                520 |             -0.574 |             -0.734 |            0.00298 |            0.00165 |               93.3 |
                530 |             -0.595 |             -0.709 |            0.00215 |            0.00165 |               92.7 |
                540 |             -0.517 |             -0.682 |            0.00361 |            0.00154 |                 94 |
                550 |             -0.574 |             -0.706 |            0.00291 |            0.00154 |               93.8 |
                560 |             -0.661 |             -0.724 |            0.00282 |            0.00134 |               91.9 |
                570 |             -0.613 |             -0.694 |            0.00218 |            0.00134 |               92.7 |
                580 |             -0.627 |             -0.687 |            0.00269 |            0.00134 |               93.4 |
                590 |             -0.617 |             -0.759 |            0.00352 |            0.00134 |               93.8 |
                600 |             -0.448 |             -0.715 |            0.00333 |            0.00134 |               93.8 |
                610 |             -0.614 |             -0.664 |            0.00148 |            0.00134 |               93.3 |
                620 |             -0.612 |             -0.728 |             0.0036 |            0.00134 |               93.7 |
                630 |             -0.557 |             -0.693 |            0.00267 |            0.00134 |               92.6 |
                640 |             -0.497 |             -0.734 |            0.00261 |            0.00134 |                 93 |
                650 |             -0.599 |             -0.691 |            0.00249 |            0.00134 |               93.6 |
                660 |             -0.572 |              -0.67 |            0.00265 |            0.00134 |               93.9 |
                670 |             -0.551 |             -0.703 |            0.00318 |            0.00134 |               93.8 |
                680 |             -0.603 |             -0.689 |            0.00316 |            0.00128 |                 94 |
                690 |             -0.686 |              -0.64 |            0.00376 |            0.00128 |               94.6 |
                700 |              -0.59 |              -0.69 |             0.0032 |            0.00128 |                 95 |
                710 |             -0.494 |             -0.679 |             0.0026 |            0.00128 |               93.5 |
                720 |             -0.572 |             -0.687 |            0.00261 |            0.00128 |               93.8 |
                730 |             -0.605 |               -0.7 |            0.00302 |            0.00128 |               93.1 |
                740 |             -0.508 |             -0.682 |            0.00375 |            0.00128 |               93.3 |
                750 |             -0.604 |             -0.688 |              0.002 |            0.00128 |               94.3 |
                760 |             -0.605 |             -0.674 |            0.00258 |            0.00128 |               93.8 |
                770 |             -0.571 |             -0.723 |            0.00327 |            0.00128 |               94.6 |
                780 |             -0.585 |             -0.686 |             0.0037 |            0.00128 |               93.3 |
                790 |              -0.52 |             -0.696 |            0.00298 |            0.00128 |               94.4 |
                800 |             -0.554 |             -0.708 |            0.00252 |            0.00128 |               94.4 |
                810 |             -0.525 |             -0.689 |            0.00264 |            0.00128 |               93.6 |
                820 |              -0.55 |             -0.725 |            0.00345 |            0.00128 |               93.7 |
                830 |             -0.551 |             -0.735 |            0.00247 |            0.00128 |               92.9 |
                840 |             -0.549 |             -0.662 |            0.00338 |            0.00128 |               94.4 |
                850 |             -0.563 |              -0.67 |            0.00343 |           0.000866 |               93.2 |
                860 |             -0.675 |             -0.678 |            0.00348 |           0.000866 |               94.1 |
                870 |             -0.588 |             -0.711 |            0.00275 |           0.000866 |               94.3 |
                880 |              -0.58 |             -0.688 |            0.00352 |           0.000866 |               95.3 |
                890 |             -0.537 |             -0.749 |            0.00364 |           0.000866 |               94.2 |
                900 |             -0.526 |             -0.691 |            0.00218 |           0.000866 |               94.5 |
                910 |             -0.547 |             -0.671 |              0.002 |           0.000866 |               93.9 |
                920 |             -0.613 |             -0.715 |            0.00311 |           0.000866 |               95.7 |
                930 |             -0.569 |             -0.709 |            0.00315 |           0.000866 |               94.8 |
                940 |             -0.517 |             -0.665 |            0.00331 |           0.000866 |               94.1 |
                950 |             -0.608 |             -0.654 |            0.00322 |           0.000866 |               94.5 |
                960 |             -0.582 |             -0.702 |            0.00385 |           0.000866 |               93.8 |
                970 |             -0.629 |             -0.712 |            0.00334 |           0.000866 |               94.7 |
                980 |             -0.697 |             -0.726 |            0.00399 |           0.000866 |               96.6 |
                990 |               -0.6 |             -0.677 |            0.00317 |           0.000866 |               96.3 |
Training complete: 
   Data path: /work/qgan/data/train/amp-qml_torch-q8-noiseless-REG-aerCPU-rand0.5-seed2 
   Best eval: 0.0008664671206046314 
   Total time: 9396.292744874954

Running: /work/qgan/data/train/ang-qml_torch-q4-noiseless-SPSA-aerCPU-rand0.1-seed1/config.yaml
              Epoch |     Generator cost | Discriminator cost |               Eval |          Best eval |               Time |
Training complete: 
   Data path: /work/qgan/data/train/ang-qml_torch-q4-noiseless-SPSA-aerCPU-rand0.1-seed1 
   Best eval: -0.0 
   Total time: 1580.329675912857

Running: /work/qgan/data/train/ang-qml_torch-q4-noiseless-SPSA-aerCPU-rand1-seed2/config.yaml
Training data file created.
              Epoch |     Generator cost | Discriminator cost |               Eval |          Best eval |               Time |
                  0 |             -0.485 |             -0.711 |               0.43 |               0.43 |              0.981 |
                 10 |             -0.489 |             -0.705 |              0.321 |              0.173 |               9.41 |
                 20 |             -0.444 |             -0.691 |              0.243 |              0.173 |               9.76 |
                 30 |             -0.484 |             -0.763 |              0.272 |              0.122 |               8.93 |
                 40 |             -0.588 |             -0.734 |              0.333 |              0.119 |               8.77 |
                 50 |             -0.568 |             -0.695 |              0.416 |               0.11 |               8.98 |
                 60 |             -0.583 |             -0.668 |              0.344 |               0.11 |                9.3 |
                 70 |             -0.493 |             -0.748 |              0.324 |               0.11 |               9.44 |
                 80 |             -0.521 |             -0.734 |              0.119 |               0.11 |               9.84 |
                 90 |             -0.529 |             -0.678 |              0.222 |               0.11 |               9.21 |
                100 |             -0.567 |             -0.744 |               0.29 |               0.11 |               9.57 |
                110 |             -0.452 |             -0.723 |              0.217 |               0.11 |               9.76 |
                120 |             -0.532 |             -0.722 |              0.243 |               0.11 |               9.15 |
                130 |             -0.448 |             -0.735 |              0.373 |               0.11 |               9.82 |
                140 |             -0.497 |             -0.772 |              0.258 |               0.11 |               9.63 |
                150 |             -0.603 |             -0.753 |               0.14 |               0.11 |               9.41 |
                160 |             -0.314 |             -0.695 |              0.283 |               0.11 |               9.32 |
                170 |             -0.437 |             -0.798 |              0.214 |             0.0952 |               9.37 |
                180 |             -0.547 |             -0.756 |              0.303 |             0.0952 |               9.05 |
                190 |             -0.485 |             -0.747 |              0.157 |             0.0906 |               9.86 |
                200 |             -0.347 |             -0.766 |              0.166 |             0.0906 |                9.2 |
                210 |              -0.51 |              -0.73 |              0.176 |             0.0723 |               9.53 |
                220 |             -0.533 |             -0.716 |              0.253 |             0.0723 |               9.01 |
                230 |             -0.379 |             -0.832 |              0.155 |             0.0723 |               9.42 |
                240 |             -0.537 |             -0.745 |              0.288 |             0.0723 |               9.25 |
                250 |             -0.357 |             -0.724 |               0.21 |             0.0723 |               9.99 |
                260 |             -0.552 |             -0.765 |               0.25 |             0.0723 |               9.59 |
                270 |             -0.534 |             -0.717 |              0.197 |             0.0723 |               8.96 |
                280 |             -0.558 |             -0.809 |              0.194 |             0.0723 |               8.92 |
                290 |             -0.685 |              -0.69 |              0.312 |             0.0723 |               9.14 |
                300 |             -0.476 |             -0.725 |              0.261 |             0.0723 |               8.91 |
                310 |             -0.492 |             -0.767 |               0.15 |             0.0723 |               8.73 |
                320 |             -0.442 |             -0.678 |              0.129 |             0.0723 |               9.42 |
                330 |             -0.427 |             -0.702 |              0.317 |             0.0723 |               9.24 |
                340 |             -0.522 |             -0.743 |              0.229 |             0.0723 |               9.03 |
                350 |             -0.513 |             -0.713 |              0.262 |             0.0723 |               8.72 |
                360 |             -0.551 |             -0.692 |              0.256 |             0.0723 |               8.95 |
                370 |             -0.484 |             -0.758 |              0.187 |             0.0723 |                9.2 |
                380 |             -0.263 |             -0.807 |              0.326 |             0.0723 |               9.19 |
                390 |             -0.304 |              -0.76 |              0.217 |             0.0723 |               8.83 |
                400 |              -0.25 |             -0.729 |              0.262 |             0.0723 |               8.86 |
                410 |             -0.408 |             -0.769 |              0.156 |             0.0723 |               9.04 |
                420 |              -0.35 |             -0.689 |              0.251 |             0.0723 |                9.1 |
                430 |             -0.314 |             -0.818 |              0.333 |             0.0723 |               8.81 |
                440 |             -0.456 |             -0.768 |              0.168 |             0.0723 |               8.74 |
                450 |             -0.646 |             -0.708 |              0.287 |             0.0723 |               9.26 |
                460 |             -0.488 |             -0.691 |              0.268 |             0.0481 |               9.07 |
                470 |             -0.485 |             -0.802 |              0.282 |             0.0481 |               8.82 |
                480 |             -0.286 |             -0.766 |              0.254 |             0.0481 |               9.28 |
                490 |             -0.455 |             -0.793 |              0.156 |             0.0481 |               9.18 |
                500 |             -0.523 |             -0.788 |              0.253 |             0.0481 |                8.8 |
                510 |             -0.501 |             -0.735 |              0.217 |             0.0291 |               8.74 |
                520 |             -0.688 |             -0.667 |              0.232 |             0.0291 |                9.6 |
                530 |             -0.617 |             -0.707 |              0.408 |             0.0291 |               9.61 |
                540 |             -0.731 |             -0.722 |              0.286 |             0.0291 |               8.95 |
                550 |             -0.479 |             -0.813 |               0.27 |             0.0291 |               9.26 |
                560 |             -0.454 |             -0.745 |              0.174 |             0.0291 |               8.82 |
                570 |             -0.467 |             -0.744 |              0.249 |             0.0291 |               8.76 |
                580 |             -0.439 |             -0.798 |              0.375 |             0.0291 |                9.4 |
                590 |             -0.509 |             -0.665 |              0.239 |             0.0291 |               9.68 |
                600 |              -0.26 |             -0.751 |              0.223 |             0.0291 |               8.77 |
                610 |             -0.529 |             -0.749 |              0.209 |             0.0291 |               9.32 |
                620 |              -0.46 |             -0.754 |              0.259 |             0.0291 |               8.94 |
                630 |              -0.39 |             -0.814 |              0.354 |             0.0291 |                9.2 |
                640 |             -0.482 |             -0.754 |               0.29 |             0.0291 |               9.18 |
                650 |             -0.424 |             -0.706 |              0.325 |             0.0291 |               9.41 |
                660 |             -0.569 |              -0.74 |              0.275 |             0.0291 |               8.75 |
                670 |             -0.469 |             -0.896 |              0.269 |             0.0291 |               9.73 |
                680 |             -0.466 |             -0.736 |              0.183 |             0.0291 |               9.21 |
                690 |             -0.395 |             -0.758 |              0.187 |             0.0291 |               8.75 |
                700 |             -0.451 |              -0.68 |              0.318 |             0.0291 |               8.85 |
                710 |             -0.639 |             -0.779 |              0.219 |             0.0291 |               9.15 |
                720 |             -0.408 |             -0.805 |              0.225 |             0.0291 |               9.07 |
                730 |             -0.569 |             -0.782 |              0.267 |             0.0291 |               9.02 |
                740 |             -0.522 |              -0.71 |               0.38 |             0.0291 |               8.83 |
                750 |             -0.569 |             -0.635 |              0.217 |             0.0291 |               9.07 |
                760 |             -0.498 |              -0.68 |              0.187 |             0.0291 |               9.29 |
                770 |             -0.577 |              -0.82 |              0.207 |             0.0291 |               8.96 |
                780 |              -0.43 |             -0.744 |              0.294 |             0.0291 |                8.9 |
                790 |               -0.6 |             -0.861 |              0.369 |             0.0291 |               9.33 |
                800 |             -0.517 |             -0.694 |              0.398 |             0.0291 |               9.65 |
                810 |             -0.694 |             -0.772 |              0.297 |             0.0291 |               9.18 |
                820 |             -0.375 |             -0.625 |              0.349 |             0.0291 |               8.98 |
                830 |             -0.657 |             -0.797 |              0.181 |             0.0291 |                9.7 |
                840 |             -0.641 |              -0.62 |              0.288 |             0.0291 |               9.21 |
                850 |             -0.379 |             -0.869 |              0.423 |             0.0291 |               9.44 |
                860 |             -0.417 |             -0.689 |              0.197 |             0.0291 |               9.43 |
                870 |             -0.449 |             -0.702 |              0.204 |             0.0291 |               9.48 |
                880 |             -0.376 |             -0.596 |              0.242 |             0.0291 |               9.49 |
                890 |              -0.78 |              -0.71 |              0.304 |             0.0291 |               9.18 |
                900 |             -0.527 |             -0.777 |              0.239 |             0.0291 |               8.77 |
                910 |             -0.421 |             -0.747 |              0.339 |             0.0291 |               9.66 |
                920 |             -0.618 |               -0.6 |              0.162 |             0.0291 |               9.33 |
                930 |             -0.622 |             -0.736 |              0.283 |             0.0291 |                9.1 |
                940 |             -0.622 |             -0.758 |              0.085 |             0.0291 |               9.04 |
                950 |             -0.547 |             -0.682 |              0.207 |             0.0291 |                9.7 |
                960 |             -0.479 |             -0.735 |              0.236 |             0.0291 |               9.33 |
                970 |             -0.655 |             -0.831 |              0.171 |             0.0291 |               9.63 |
                980 |             -0.369 |             -0.781 |              0.268 |             0.0291 |               9.15 |
                990 |             -0.519 |             -0.811 |              0.101 |             0.0291 |               9.06 |
Training complete: 
   Data path: /work/qgan/data/train/ang-qml_torch-q4-noiseless-SPSA-aerCPU-rand1-seed2 
   Best eval: 0.029083486646413803 
   Total time: 920.9894464015961

Running: /work/qgan/data/train/ang-qml_torch-q4-noiseless-REG-aerCPU-rand0.25-seed1/config.yaml
Training data file created.
              Epoch |     Generator cost | Discriminator cost |               Eval |          Best eval |               Time |
                  0 |             -0.437 |             -0.552 |            0.00328 |            0.00328 |               1.19 |
                 10 |             -0.472 |             -0.626 |            0.00961 |                 -0 |               12.1 |
                 20 |             -0.603 |              -0.63 |             0.0137 |                 -0 |               12.1 |
                 30 |             -0.598 |             -0.628 |            0.00603 |                 -0 |               11.9 |
                 40 |             -0.613 |             -0.635 |             0.0162 |                 -0 |               11.7 |
                 50 |             -0.654 |             -0.598 |             0.0115 |                 -0 |               12.4 |
                 60 |             -0.652 |             -0.647 |             0.0036 |                 -0 |               11.6 |
                 70 |             -0.771 |             -0.598 |             0.0142 |                 -0 |               12.3 |
                 80 |             -0.735 |             -0.646 |            0.00711 |                 -0 |               11.8 |
                 90 |             -0.758 |             -0.614 |             0.0103 |                 -0 |                 12 |
                100 |             -0.734 |             -0.553 |             0.0136 |                 -0 |               12.2 |
                110 |             -0.869 |             -0.576 |             0.0256 |                 -0 |                 12 |
                120 |             -0.881 |             -0.534 |             0.0903 |                 -0 |               11.8 |
                130 |             -0.865 |             -0.538 |              0.107 |                 -0 |                 12 |
                140 |              -0.81 |             -0.561 |             0.0831 |                 -0 |               12.2 |
                150 |             -0.881 |             -0.535 |             0.0967 |                 -0 |               12.2 |
                160 |             -0.872 |             -0.547 |             0.0522 |                 -0 |               12.4 |
                170 |             -0.923 |             -0.549 |              0.076 |                 -0 |               12.4 |
                180 |             -0.836 |             -0.535 |             0.0535 |                 -0 |               12.2 |
                190 |             -0.913 |             -0.551 |             0.0247 |                 -0 |               12.2 |
                200 |             -0.904 |             -0.584 |             0.0476 |                 -0 |               11.6 |
                210 |             -0.886 |             -0.554 |             0.0177 |                 -0 |               12.1 |
                220 |             -0.907 |             -0.567 |             0.0282 |                 -0 |               11.8 |
                230 |             -0.867 |             -0.523 |             0.0367 |                 -0 |               12.6 |
                240 |             -0.879 |             -0.553 |             0.0523 |                 -0 |               12.4 |
                250 |             -0.802 |              -0.55 |             0.0222 |                 -0 |                 12 |
                260 |              -0.85 |             -0.536 |             0.0182 |                 -0 |               12.7 |
                270 |             -0.888 |             -0.534 |             0.0184 |                 -0 |               12.6 |
                280 |             -0.883 |             -0.561 |             0.0393 |                 -0 |                 12 |
                290 |             -0.819 |             -0.547 |             0.0412 |                 -0 |                 12 |
                300 |             -0.856 |             -0.549 |             0.0289 |                 -0 |               12.4 |
                310 |             -0.798 |             -0.536 |             0.0369 |                 -0 |               12.4 |
                320 |             -0.813 |             -0.549 |             0.0181 |                 -0 |               11.7 |
                330 |             -0.793 |             -0.563 |             0.0209 |                 -0 |               12.4 |
                340 |             -0.797 |             -0.545 |             0.0127 |                 -0 |               12.3 |
                350 |             -0.816 |             -0.548 |             0.0149 |                 -0 |               12.2 |
                360 |              -0.87 |             -0.527 |             0.0121 |                 -0 |               12.5 |
                370 |             -0.915 |             -0.533 |             0.0468 |                 -0 |               11.8 |
                380 |             -0.879 |             -0.521 |             0.0425 |                 -0 |               12.1 |
                390 |             -0.943 |              -0.53 |             0.0464 |                 -0 |               12.1 |
                400 |             -0.905 |             -0.523 |             0.0447 |                 -0 |               12.3 |
                410 |             -0.867 |             -0.525 |             0.0935 |                 -0 |               11.8 |
                420 |              -0.87 |             -0.525 |             0.0591 |                 -0 |                 12 |
                430 |             -0.904 |             -0.515 |             0.0932 |                 -0 |               12.1 |
                440 |              -0.93 |             -0.561 |             0.0296 |                 -0 |               12.4 |
                450 |             -0.929 |              -0.54 |             0.0618 |                 -0 |                 12 |
                460 |             -0.889 |             -0.528 |             0.0774 |                 -0 |               11.6 |
                470 |             -0.861 |             -0.544 |             0.0563 |                 -0 |               11.8 |
                480 |             -0.821 |             -0.554 |             0.0831 |                 -0 |               11.4 |
                490 |             -0.875 |             -0.544 |             0.0771 |                 -0 |               11.6 |
                500 |             -0.878 |             -0.535 |             0.0679 |                 -0 |                 12 |
                510 |             -0.909 |             -0.551 |             0.0365 |                 -0 |               11.4 |
                520 |             -0.909 |             -0.532 |             0.0672 |                 -0 |                 12 |
                530 |             -0.894 |             -0.568 |             0.0463 |                 -0 |               11.8 |
                540 |             -0.874 |             -0.532 |             0.0447 |                 -0 |                 12 |
                550 |             -0.905 |             -0.537 |             0.0728 |                 -0 |               12.1 |
                560 |             -0.916 |             -0.543 |             0.0266 |                 -0 |               11.8 |
                570 |             -0.869 |              -0.55 |             0.0555 |                 -0 |               12.4 |
                580 |             -0.855 |             -0.522 |             0.0462 |                 -0 |               11.8 |
                590 |             -0.875 |             -0.533 |             0.0144 |                 -0 |                 12 |
                600 |             -0.863 |             -0.538 |             0.0501 |                 -0 |                 12 |
                610 |             -0.927 |              -0.55 |             0.0237 |                 -0 |               12.4 |
                620 |             -0.883 |             -0.538 |             0.0278 |                 -0 |               12.2 |
                630 |             -0.873 |              -0.53 |             0.0285 |                 -0 |               12.4 |
                640 |             -0.874 |             -0.536 |            0.00867 |                 -0 |               12.5 |
                650 |             -0.913 |             -0.537 |             0.0436 |                 -0 |                 12 |
                660 |             -0.909 |             -0.545 |             0.0292 |                 -0 |               11.7 |
                670 |             -0.875 |              -0.54 |             0.0155 |                 -0 |               11.6 |
                680 |             -0.892 |             -0.549 |             0.0217 |                 -0 |               11.6 |
                690 |             -0.879 |             -0.529 |             0.0104 |                 -0 |               11.7 |
                700 |             -0.912 |             -0.547 |             0.0187 |                 -0 |               11.5 |
                710 |             -0.918 |             -0.545 |             0.0407 |                 -0 |               11.4 |
                720 |             -0.933 |             -0.533 |             0.0228 |                 -0 |                 11 |
                730 |             -0.897 |             -0.548 |             0.0119 |                 -0 |               11.6 |
                740 |             -0.923 |             -0.525 |             0.0286 |                 -0 |               11.9 |
                750 |             -0.925 |             -0.537 |             0.0259 |                 -0 |               11.2 |
                760 |             -0.935 |             -0.527 |             0.0213 |                 -0 |               11.4 |
                770 |             -0.911 |             -0.542 |             0.0175 |                 -0 |               11.1 |
                780 |             -0.883 |             -0.532 |             0.0129 |                 -0 |               11.4 |
                790 |             -0.883 |             -0.544 |             0.0301 |                 -0 |               11.5 |
                800 |             -0.931 |             -0.526 |             0.0113 |                 -0 |               11.2 |
                810 |             -0.868 |             -0.531 |             0.0225 |                 -0 |               11.3 |
                820 |             -0.851 |             -0.532 |             0.0314 |                 -0 |                 12 |
                830 |             -0.895 |             -0.554 |             0.0334 |                 -0 |               11.5 |
                840 |             -0.876 |             -0.538 |             0.0146 |                 -0 |               11.3 |
                850 |             -0.913 |             -0.527 |             0.0306 |                 -0 |               12.4 |
                860 |             -0.887 |             -0.541 |            0.00894 |                 -0 |               11.9 |
                870 |             -0.915 |             -0.534 |             0.0088 |                 -0 |               11.2 |
                880 |             -0.873 |             -0.534 |             0.0158 |                 -0 |               11.5 |
                890 |             -0.889 |             -0.523 |             0.0128 |                 -0 |               11.7 |
                900 |             -0.921 |             -0.564 |             0.0332 |                 -0 |               11.4 |
                910 |              -0.88 |             -0.543 |             0.0167 |                 -0 |               11.1 |
                920 |              -0.91 |             -0.536 |             0.0368 |                 -0 |               12.2 |
                930 |             -0.928 |             -0.562 |             0.0108 |                 -0 |                 12 |
                940 |             -0.912 |             -0.543 |             0.0214 |                 -0 |                 12 |
                950 |             -0.905 |             -0.572 |             0.0135 |                 -0 |               11.6 |
                960 |             -0.887 |             -0.565 |             0.0226 |                 -0 |                 11 |
                970 |             -0.872 |             -0.564 |              0.023 |                 -0 |               11.3 |
                980 |             -0.922 |             -0.566 |             0.0486 |                 -0 |               11.5 |
                990 |             -0.904 |             -0.564 |             0.0126 |                 -0 |               11.5 |
Training complete: 
   Data path: /work/qgan/data/train/ang-qml_torch-q4-noiseless-REG-aerCPU-rand0.25-seed1 
   Best eval: -0.0 
   Total time: 1189.458512544632

Running: /work/qgan/data/train/base-qml_torch-q8-noiseless-PSR-aerCPU-rand0-seed0/config.yaml
              Epoch |     Generator cost | Discriminator cost |               Eval |          Best eval |               Time |
Training complete: 
   Data path: /work/qgan/data/train/base-qml_torch-q8-noiseless-PSR-aerCPU-rand0-seed0 
   Best eval: 0.4191238462155781 
   Total time: 731.6514010429382

Running: /work/qgan/data/train/base-qml_torch-q8-noiseless-PSR-aerCPU-rand0.5-seed1/config.yaml
              Epoch |     Generator cost | Discriminator cost |               Eval |          Best eval |               Time |
Training complete: 
   Data path: /work/qgan/data/train/base-qml_torch-q8-noiseless-PSR-aerCPU-rand0.5-seed1 
   Best eval: 1.5093357771018598 
   Total time: 747.7383472919464

Running: /work/qgan/data/train/base-qml_torch-q4-noiseless-REG-aerCPU-rand0.1-seed0/config.yaml
              Epoch |     Generator cost | Discriminator cost |               Eval |          Best eval |               Time |
Training complete: 
   Data path: /work/qgan/data/train/base-qml_torch-q4-noiseless-REG-aerCPU-rand0.1-seed0 
   Best eval: 0.005809960932847386 
   Total time: 89.94545602798462

Running: /work/qgan/data/train/base-qml_torch-q4-noiseless-REG-aerCPU-rand1-seed1/config.yaml
              Epoch |     Generator cost | Discriminator cost |               Eval |          Best eval |               Time |
Training complete: 
   Data path: /work/qgan/data/train/base-qml_torch-q4-noiseless-REG-aerCPU-rand1-seed1 
   Best eval: 0.25013889401764144 
   Total time: 82.67325472831726

Running: /work/qgan/data/train/amp-qml_torch-q4-noiseless-SPSA-aerCPU-rand0.25-seed0/config.yaml
Training data file created.
              Epoch |     Generator cost | Discriminator cost |               Eval |          Best eval |               Time |
                  0 |             -0.529 |             -0.402 |              0.032 |              0.032 |             0.0727 |
                 10 |             -0.538 |             -0.381 |             0.0272 |             0.0177 |               0.69 |
                 20 |               -0.5 |             -0.439 |             0.0386 |             0.0177 |               0.69 |
                 30 |             -0.518 |             -0.387 |             0.0217 |             0.0177 |              0.694 |
                 40 |             -0.447 |             -0.367 |              0.047 |             0.0177 |               0.69 |
                 50 |             -0.524 |             -0.405 |             0.0316 |             0.0177 |               0.69 |
                 60 |             -0.519 |             -0.383 |             0.0278 |             0.0177 |              0.692 |
                 70 |             -0.532 |              -0.37 |             0.0745 |             0.0177 |              0.694 |
                 80 |             -0.526 |             -0.348 |             0.0632 |             0.0177 |               0.67 |
                 90 |             -0.568 |             -0.381 |             0.0343 |             0.0177 |              0.697 |
                100 |             -0.637 |             -0.351 |              0.031 |             0.0177 |              0.684 |
                110 |             -0.535 |             -0.318 |             0.0531 |             0.0177 |              0.668 |
                120 |             -0.585 |             -0.374 |             0.0597 |             0.0177 |              0.668 |
                130 |             -0.615 |              -0.38 |             0.0335 |             0.0177 |              0.662 |
                140 |             -0.612 |              -0.38 |             0.0618 |             0.0177 |              0.673 |
                150 |             -0.659 |             -0.357 |             0.0646 |             0.0177 |               0.67 |
                160 |             -0.597 |             -0.387 |             0.0541 |             0.0177 |              0.671 |
                170 |             -0.605 |             -0.358 |             0.0332 |             0.0177 |              0.672 |
                180 |              -0.58 |             -0.367 |             0.0362 |             0.0177 |              0.665 |
                190 |             -0.706 |             -0.372 |             0.0491 |             0.0177 |              0.661 |
                200 |              -0.63 |              -0.34 |              0.052 |             0.0177 |              0.675 |
                210 |             -0.642 |             -0.332 |              0.052 |             0.0177 |              0.658 |
                220 |             -0.636 |             -0.325 |             0.0506 |             0.0177 |              0.678 |
                230 |             -0.702 |             -0.363 |             0.0379 |             0.0177 |              0.657 |
                240 |             -0.698 |              -0.35 |             0.0596 |             0.0177 |              0.668 |
                250 |             -0.716 |             -0.375 |             0.0473 |             0.0177 |               0.67 |
                260 |             -0.733 |             -0.341 |             0.0671 |             0.0177 |              0.669 |
                270 |             -0.705 |             -0.371 |             0.0457 |             0.0177 |              0.672 |
                280 |             -0.707 |             -0.365 |             0.0744 |             0.0177 |               0.67 |
                290 |             -0.804 |             -0.355 |             0.0632 |             0.0177 |               0.64 |
                300 |             -0.801 |             -0.367 |             0.0378 |             0.0177 |              0.673 |
                310 |             -0.731 |             -0.349 |             0.0779 |             0.0177 |              0.635 |
                320 |              -0.75 |             -0.354 |             0.0588 |             0.0177 |              0.632 |
                330 |             -0.755 |             -0.366 |             0.0729 |             0.0177 |              0.672 |
                340 |             -0.739 |             -0.342 |              0.056 |             0.0177 |              0.633 |
                350 |             -0.782 |             -0.358 |             0.0484 |             0.0177 |              0.698 |
                360 |             -0.797 |             -0.379 |             0.0418 |             0.0177 |              0.663 |
                370 |             -0.776 |             -0.361 |             0.0641 |             0.0177 |              0.653 |
                380 |             -0.757 |             -0.352 |             0.0685 |             0.0177 |              0.667 |
                390 |             -0.693 |              -0.41 |              0.075 |             0.0177 |              0.666 |
                400 |              -0.75 |             -0.413 |              0.063 |             0.0177 |              0.663 |
                410 |              -0.82 |             -0.399 |             0.0787 |             0.0177 |              0.635 |
                420 |              -0.79 |             -0.415 |             0.0632 |             0.0177 |              0.615 |
                430 |             -0.816 |             -0.388 |             0.0769 |             0.0177 |              0.675 |
                440 |             -0.803 |             -0.425 |             0.0704 |             0.0177 |              0.611 |
                450 |             -0.756 |             -0.406 |             0.0306 |             0.0177 |              0.668 |
                460 |             -0.803 |             -0.437 |             0.0403 |             0.0177 |              0.645 |
                470 |              -0.83 |             -0.469 |             0.0545 |             0.0177 |               0.66 |
                480 |              -0.83 |             -0.386 |             0.0682 |             0.0177 |              0.697 |
                490 |             -0.784 |             -0.483 |             0.0512 |             0.0177 |              0.664 |
                500 |             -0.793 |             -0.446 |             0.0756 |             0.0177 |              0.675 |
                510 |             -0.852 |             -0.466 |             0.0677 |             0.0177 |              0.674 |
                520 |             -0.799 |             -0.474 |             0.0529 |             0.0177 |              0.667 |
                530 |             -0.818 |             -0.467 |             0.0621 |             0.0177 |              0.679 |
                540 |             -0.813 |             -0.497 |             0.0748 |             0.0177 |              0.668 |
                550 |             -0.779 |             -0.497 |             0.0544 |             0.0177 |              0.671 |
                560 |             -0.848 |             -0.463 |             0.0688 |             0.0177 |              0.672 |
                570 |              -0.74 |             -0.499 |             0.0672 |             0.0177 |              0.665 |
                580 |             -0.817 |              -0.46 |             0.0782 |             0.0177 |              0.672 |
                590 |             -0.848 |              -0.49 |             0.0773 |             0.0177 |              0.673 |
                600 |             -0.807 |             -0.548 |             0.0698 |             0.0177 |              0.675 |
                610 |             -0.875 |             -0.486 |             0.0565 |             0.0177 |              0.666 |
                620 |              -0.76 |             -0.512 |             0.0723 |             0.0177 |              0.665 |
                630 |             -0.749 |             -0.546 |             0.0537 |             0.0177 |              0.679 |
                640 |             -0.813 |             -0.537 |             0.0447 |             0.0177 |              0.665 |
                650 |             -0.769 |             -0.494 |             0.0462 |             0.0177 |              0.672 |
                660 |             -0.839 |              -0.53 |             0.0634 |             0.0177 |               0.67 |
                670 |             -0.814 |              -0.57 |             0.0706 |             0.0177 |               0.67 |
                680 |             -0.878 |             -0.534 |             0.0606 |             0.0177 |              0.673 |
                690 |             -0.748 |              -0.51 |             0.0759 |             0.0177 |              0.685 |
                700 |             -0.825 |             -0.535 |             0.0534 |             0.0177 |              0.699 |
                710 |              -0.86 |             -0.549 |             0.0482 |             0.0177 |              0.696 |
                720 |             -0.774 |             -0.544 |             0.0502 |             0.0177 |              0.668 |
                730 |             -0.841 |             -0.528 |             0.0427 |             0.0177 |              0.675 |
                740 |             -0.829 |             -0.516 |             0.0761 |             0.0177 |              0.671 |
                750 |             -0.858 |             -0.563 |             0.0619 |             0.0177 |              0.666 |
                760 |             -0.864 |             -0.527 |             0.0622 |             0.0177 |              0.665 |
                770 |             -0.849 |             -0.532 |             0.0612 |             0.0177 |               0.67 |
                780 |             -0.862 |             -0.553 |             0.0341 |             0.0177 |              0.678 |
                790 |             -0.858 |             -0.512 |             0.0681 |             0.0177 |              0.672 |
                800 |             -0.885 |             -0.521 |             0.0313 |             0.0177 |              0.674 |
                810 |             -0.809 |             -0.521 |             0.0341 |             0.0177 |               0.69 |
                820 |             -0.868 |             -0.499 |             0.0568 |             0.0177 |              0.697 |
                830 |             -0.901 |             -0.531 |             0.0459 |             0.0177 |              0.674 |
                840 |             -0.846 |             -0.532 |             0.0462 |             0.0177 |               0.67 |
                850 |               -0.9 |             -0.532 |             0.0539 |             0.0177 |              0.673 |
                860 |             -0.909 |             -0.522 |             0.0446 |             0.0177 |              0.678 |
                870 |             -0.918 |             -0.514 |             0.0704 |             0.0177 |              0.667 |
                880 |             -0.867 |             -0.537 |              0.035 |             0.0177 |              0.673 |
                890 |             -0.905 |             -0.539 |             0.0388 |             0.0177 |              0.677 |
                900 |             -0.851 |             -0.557 |             0.0346 |             0.0177 |              0.679 |
                910 |              -0.91 |             -0.524 |             0.0553 |             0.0177 |              0.671 |
                920 |             -0.858 |             -0.531 |             0.0512 |             0.0177 |              0.671 |
                930 |             -0.898 |             -0.519 |             0.0632 |             0.0177 |               0.67 |
                940 |               -0.9 |             -0.541 |             0.0369 |             0.0177 |              0.678 |
                950 |             -0.862 |             -0.565 |             0.0291 |             0.0177 |              0.665 |
                960 |             -0.896 |             -0.526 |               0.04 |             0.0177 |              0.669 |
                970 |              -0.92 |             -0.538 |             0.0405 |             0.0177 |              0.678 |
                980 |             -0.862 |             -0.541 |             0.0658 |             0.0177 |              0.659 |
                990 |             -0.889 |              -0.51 |             0.0552 |             0.0177 |              0.672 |
Training complete: 
   Data path: /work/qgan/data/train/amp-qml_torch-q4-noiseless-SPSA-aerCPU-rand0.25-seed0 
   Best eval: 0.017679276118353467 
   Total time: 67.02252101898193

Running: /work/qgan/data/train/amp-qml_torch-q4-noiseless-SPSA-aerCPU-rand0-seed2/config.yaml
              Epoch |     Generator cost | Discriminator cost |               Eval |          Best eval |               Time |
Training complete: 
   Data path: /work/qgan/data/train/amp-qml_torch-q4-noiseless-SPSA-aerCPU-rand0-seed2 
   Best eval: 0.0674408894995771 
   Total time: 52.327574729919434

Running: /work/qgan/data/train/base-qml_torch-q4-noisy-PSR-aerCPU-rand0.5-seed0/config.yaml
Training data file created.
              Epoch |     Generator cost | Discriminator cost |               Eval |          Best eval |               Time |
                  0 |             -0.537 |             -0.557 |              0.545 |              0.545 |                272 |
                 10 |             -0.734 |             -0.363 |               2.28 |              0.374 |           2.66e+03 |
                 20 |             -0.371 |             -0.435 |              0.706 |              0.374 |            2.7e+03 |
                 30 |             -0.522 |             -0.425 |               2.32 |              0.374 |           2.72e+03 |
                 40 |             -0.311 |             -0.625 |               5.86 |              0.374 |           2.71e+03 |
                 50 |              -0.51 |             -0.501 |               1.16 |              0.374 |           2.69e+03 |
                 60 |             -0.315 |             -0.509 |                3.6 |              0.374 |           2.68e+03 |
                 70 |             -0.269 |             -0.446 |               3.26 |              0.374 |            2.7e+03 |
                 80 |             -0.314 |             -0.589 |               1.76 |              0.374 |           2.73e+03 |
                 90 |             -0.484 |             -0.509 |              0.865 |              0.374 |           2.73e+03 |
                100 |             -0.208 |             -0.634 |               3.46 |              0.374 |           2.69e+03 |
                110 |              -0.62 |             -0.754 |               3.88 |              0.374 |           2.71e+03 |
                120 |             -0.601 |             -0.714 |               2.16 |              0.374 |           2.74e+03 |
                130 |             -0.357 |             -0.732 |               2.42 |              0.374 |           2.69e+03 |
                140 |             -0.449 |              -0.55 |               2.19 |              0.374 |           2.74e+03 |

Interrupter: will stop after the current epoch. Press Ctrl+C again to force quit.
Interrupter: Graceful exit triggered. Breaking loop.
Training complete: 
   Data path: /work/qgan/data/train/base-qml_torch-q4-noisy-PSR-aerCPU-rand0.5-seed0 
   Best eval: 0.3735884953150476 
   Total time: 38446.671751499176
Interrupter: battery execution stopped.
18 battery run(s) succeeded.
