Creating config files for qml_torch_noiseless:
Configuration file already exists. Path: /work/qgan_v4/data/train/base-qml_torch-q4-noiseless-PSR-aerCPU-rand0-seed0/config.yaml
Configuration file already exists. Path: /work/qgan_v4/data/train/base-qml_torch-q4-noiseless-PSR-aerCPU-rand0.1-seed0/config.yaml
Configuration file already exists. Path: /work/qgan_v4/data/train/base-qml_torch-q4-noiseless-PSR-aerCPU-rand0-seed1/config.yaml
Configuration file already exists. Path: /work/qgan_v4/data/train/base-qml_torch-q4-noiseless-PSR-aerCPU-rand0.1-seed1/config.yaml
Configuration file already exists. Path: /work/qgan_v4/data/train/base-qml_torch-q4-noiseless-PSR-aerCPU-rand0-seed2/config.yaml
Configuration file already exists. Path: /work/qgan_v4/data/train/base-qml_torch-q4-noiseless-PSR-aerCPU-rand0.1-seed2/config.yaml
Configuration file already exists. Path: /work/qgan_v4/data/train/base-qml_torch-q4-noiseless-SPSA-aerCPU-rand0-seed0/config.yaml
Configuration file already exists. Path: /work/qgan_v4/data/train/base-qml_torch-q4-noiseless-SPSA-aerCPU-rand0.1-seed0/config.yaml
Configuration file already exists. Path: /work/qgan_v4/data/train/base-qml_torch-q4-noiseless-SPSA-aerCPU-rand0-seed1/config.yaml
Configuration file already exists. Path: /work/qgan_v4/data/train/base-qml_torch-q4-noiseless-SPSA-aerCPU-rand0.1-seed1/config.yaml
Configuration file already exists. Path: /work/qgan_v4/data/train/base-qml_torch-q4-noiseless-SPSA-aerCPU-rand0-seed2/config.yaml
Configuration file already exists. Path: /work/qgan_v4/data/train/base-qml_torch-q4-noiseless-SPSA-aerCPU-rand0.1-seed2/config.yaml
Configuration file already exists. Path: /work/qgan_v4/data/train/base-qml_torch-q4-noiseless-REG-aerCPU-rand0-seed0/config.yaml
Configuration file already exists. Path: /work/qgan_v4/data/train/base-qml_torch-q4-noiseless-REG-aerCPU-rand0.1-seed0/config.yaml
Configuration file already exists. Path: /work/qgan_v4/data/train/base-qml_torch-q4-noiseless-REG-aerCPU-rand0-seed1/config.yaml
Configuration file already exists. Path: /work/qgan_v4/data/train/base-qml_torch-q4-noiseless-REG-aerCPU-rand0.1-seed1/config.yaml
Configuration file already exists. Path: /work/qgan_v4/data/train/base-qml_torch-q4-noiseless-REG-aerCPU-rand0-seed2/config.yaml
Configuration file already exists. Path: /work/qgan_v4/data/train/base-qml_torch-q4-noiseless-REG-aerCPU-rand0.1-seed2/config.yaml
Configuration file already exists. Path: /work/qgan_v4/data/train/ang-qml_torch-q4-noiseless-PSR-aerCPU-rand0-seed0/config.yaml
Configuration file already exists. Path: /work/qgan_v4/data/train/ang-qml_torch-q4-noiseless-PSR-aerCPU-rand0.1-seed0/config.yaml
Configuration file already exists. Path: /work/qgan_v4/data/train/ang-qml_torch-q4-noiseless-PSR-aerCPU-rand0-seed1/config.yaml
Configuration file already exists. Path: /work/qgan_v4/data/train/ang-qml_torch-q4-noiseless-PSR-aerCPU-rand0.1-seed1/config.yaml
Configuration file already exists. Path: /work/qgan_v4/data/train/ang-qml_torch-q4-noiseless-PSR-aerCPU-rand0-seed2/config.yaml
Configuration file already exists. Path: /work/qgan_v4/data/train/ang-qml_torch-q4-noiseless-PSR-aerCPU-rand0.1-seed2/config.yaml
Configuration file already exists. Path: /work/qgan_v4/data/train/ang-qml_torch-q4-noiseless-SPSA-aerCPU-rand0-seed0/config.yaml
Configuration file already exists. Path: /work/qgan_v4/data/train/ang-qml_torch-q4-noiseless-SPSA-aerCPU-rand0.1-seed0/config.yaml
Configuration file already exists. Path: /work/qgan_v4/data/train/ang-qml_torch-q4-noiseless-SPSA-aerCPU-rand0-seed1/config.yaml
Configuration file already exists. Path: /work/qgan_v4/data/train/ang-qml_torch-q4-noiseless-SPSA-aerCPU-rand0.1-seed1/config.yaml
Configuration file already exists. Path: /work/qgan_v4/data/train/ang-qml_torch-q4-noiseless-SPSA-aerCPU-rand0-seed2/config.yaml
Configuration file already exists. Path: /work/qgan_v4/data/train/ang-qml_torch-q4-noiseless-SPSA-aerCPU-rand0.1-seed2/config.yaml
Configuration file already exists. Path: /work/qgan_v4/data/train/ang-qml_torch-q4-noiseless-REG-aerCPU-rand0-seed0/config.yaml
Configuration file already exists. Path: /work/qgan_v4/data/train/ang-qml_torch-q4-noiseless-REG-aerCPU-rand0.1-seed0/config.yaml
Configuration file already exists. Path: /work/qgan_v4/data/train/ang-qml_torch-q4-noiseless-REG-aerCPU-rand0-seed1/config.yaml
Configuration file already exists. Path: /work/qgan_v4/data/train/ang-qml_torch-q4-noiseless-REG-aerCPU-rand0.1-seed1/config.yaml
Configuration file already exists. Path: /work/qgan_v4/data/train/ang-qml_torch-q4-noiseless-REG-aerCPU-rand0-seed2/config.yaml
Configuration file already exists. Path: /work/qgan_v4/data/train/ang-qml_torch-q4-noiseless-REG-aerCPU-rand0.1-seed2/config.yaml
Configuration file already exists. Path: /work/qgan_v4/data/train/amp-qml_torch-q4-noiseless-PSR-aerCPU-rand0-seed0/config.yaml
Configuration file already exists. Path: /work/qgan_v4/data/train/amp-qml_torch-q4-noiseless-PSR-aerCPU-rand0.1-seed0/config.yaml
Configuration file already exists. Path: /work/qgan_v4/data/train/amp-qml_torch-q4-noiseless-PSR-aerCPU-rand0-seed1/config.yaml
Configuration file already exists. Path: /work/qgan_v4/data/train/amp-qml_torch-q4-noiseless-PSR-aerCPU-rand0.1-seed1/config.yaml
Configuration file already exists. Path: /work/qgan_v4/data/train/amp-qml_torch-q4-noiseless-PSR-aerCPU-rand0-seed2/config.yaml
Configuration file written. Path: /work/qgan_v4/data/train/amp-qml_torch-q4-noiseless-PSR-aerCPU-rand0.1-seed2/config.yaml
Configuration file already exists. Path: /work/qgan_v4/data/train/amp-qml_torch-q4-noiseless-SPSA-aerCPU-rand0-seed0/config.yaml
Configuration file already exists. Path: /work/qgan_v4/data/train/amp-qml_torch-q4-noiseless-SPSA-aerCPU-rand0.1-seed0/config.yaml
Configuration file already exists. Path: /work/qgan_v4/data/train/amp-qml_torch-q4-noiseless-SPSA-aerCPU-rand0-seed1/config.yaml
Configuration file already exists. Path: /work/qgan_v4/data/train/amp-qml_torch-q4-noiseless-SPSA-aerCPU-rand0.1-seed1/config.yaml
Configuration file already exists. Path: /work/qgan_v4/data/train/amp-qml_torch-q4-noiseless-SPSA-aerCPU-rand0-seed2/config.yaml
Configuration file already exists. Path: /work/qgan_v4/data/train/amp-qml_torch-q4-noiseless-SPSA-aerCPU-rand0.1-seed2/config.yaml
Configuration file already exists. Path: /work/qgan_v4/data/train/amp-qml_torch-q4-noiseless-REG-aerCPU-rand0-seed0/config.yaml
Configuration file already exists. Path: /work/qgan_v4/data/train/amp-qml_torch-q4-noiseless-REG-aerCPU-rand0.1-seed0/config.yaml
Configuration file already exists. Path: /work/qgan_v4/data/train/amp-qml_torch-q4-noiseless-REG-aerCPU-rand0-seed1/config.yaml
Configuration file already exists. Path: /work/qgan_v4/data/train/amp-qml_torch-q4-noiseless-REG-aerCPU-rand0.1-seed1/config.yaml
Configuration file already exists. Path: /work/qgan_v4/data/train/amp-qml_torch-q4-noiseless-REG-aerCPU-rand0-seed2/config.yaml
Configuration file already exists. Path: /work/qgan_v4/data/train/amp-qml_torch-q4-noiseless-REG-aerCPU-rand0.1-seed2/config.yaml

Creating config files for qml_torch_noisy:
Configuration file already exists. Path: /work/qgan_v4/data/train/base-qml_torch-q4-noisy-PSR-aerCPU-rand0-seed0/config.yaml
Configuration file already exists. Path: /work/qgan_v4/data/train/base-qml_torch-q4-noisy-PSR-aerCPU-rand0.1-seed0/config.yaml
Configuration file already exists. Path: /work/qgan_v4/data/train/base-qml_torch-q4-noisy-PSR-aerCPU-rand0-seed1/config.yaml
Configuration file already exists. Path: /work/qgan_v4/data/train/base-qml_torch-q4-noisy-PSR-aerCPU-rand0.1-seed1/config.yaml
Configuration file already exists. Path: /work/qgan_v4/data/train/base-qml_torch-q4-noisy-PSR-aerCPU-rand0-seed2/config.yaml
Configuration file already exists. Path: /work/qgan_v4/data/train/base-qml_torch-q4-noisy-PSR-aerCPU-rand0.1-seed2/config.yaml
Configuration file already exists. Path: /work/qgan_v4/data/train/base-qml_torch-q4-noisy-SPSA-aerCPU-rand0-seed0/config.yaml
Configuration file already exists. Path: /work/qgan_v4/data/train/base-qml_torch-q4-noisy-SPSA-aerCPU-rand0.1-seed0/config.yaml
Configuration file already exists. Path: /work/qgan_v4/data/train/base-qml_torch-q4-noisy-SPSA-aerCPU-rand0-seed1/config.yaml
Configuration file already exists. Path: /work/qgan_v4/data/train/base-qml_torch-q4-noisy-SPSA-aerCPU-rand0.1-seed1/config.yaml
Configuration file already exists. Path: /work/qgan_v4/data/train/base-qml_torch-q4-noisy-SPSA-aerCPU-rand0-seed2/config.yaml
Configuration file already exists. Path: /work/qgan_v4/data/train/base-qml_torch-q4-noisy-SPSA-aerCPU-rand0.1-seed2/config.yaml
Configuration file already exists. Path: /work/qgan_v4/data/train/ang-qml_torch-q4-noisy-PSR-aerCPU-rand0-seed0/config.yaml
Configuration file already exists. Path: /work/qgan_v4/data/train/ang-qml_torch-q4-noisy-PSR-aerCPU-rand0.1-seed0/config.yaml
Configuration file already exists. Path: /work/qgan_v4/data/train/ang-qml_torch-q4-noisy-PSR-aerCPU-rand0-seed1/config.yaml
Configuration file already exists. Path: /work/qgan_v4/data/train/ang-qml_torch-q4-noisy-PSR-aerCPU-rand0.1-seed1/config.yaml
Configuration file already exists. Path: /work/qgan_v4/data/train/ang-qml_torch-q4-noisy-PSR-aerCPU-rand0-seed2/config.yaml
Configuration file already exists. Path: /work/qgan_v4/data/train/ang-qml_torch-q4-noisy-PSR-aerCPU-rand0.1-seed2/config.yaml
Configuration file already exists. Path: /work/qgan_v4/data/train/ang-qml_torch-q4-noisy-SPSA-aerCPU-rand0-seed0/config.yaml
Configuration file already exists. Path: /work/qgan_v4/data/train/ang-qml_torch-q4-noisy-SPSA-aerCPU-rand0.1-seed0/config.yaml
Configuration file already exists. Path: /work/qgan_v4/data/train/ang-qml_torch-q4-noisy-SPSA-aerCPU-rand0-seed1/config.yaml
Configuration file already exists. Path: /work/qgan_v4/data/train/ang-qml_torch-q4-noisy-SPSA-aerCPU-rand0.1-seed1/config.yaml
Configuration file already exists. Path: /work/qgan_v4/data/train/ang-qml_torch-q4-noisy-SPSA-aerCPU-rand0-seed2/config.yaml
Configuration file already exists. Path: /work/qgan_v4/data/train/ang-qml_torch-q4-noisy-SPSA-aerCPU-rand0.1-seed2/config.yaml
Configuration file already exists. Path: /work/qgan_v4/data/train/amp-qml_torch-q4-noisy-PSR-aerCPU-rand0-seed0/config.yaml
Configuration file already exists. Path: /work/qgan_v4/data/train/amp-qml_torch-q4-noisy-PSR-aerCPU-rand0.1-seed0/config.yaml
Configuration file already exists. Path: /work/qgan_v4/data/train/amp-qml_torch-q4-noisy-PSR-aerCPU-rand0-seed1/config.yaml
Configuration file already exists. Path: /work/qgan_v4/data/train/amp-qml_torch-q4-noisy-PSR-aerCPU-rand0.1-seed1/config.yaml
Configuration file already exists. Path: /work/qgan_v4/data/train/amp-qml_torch-q4-noisy-PSR-aerCPU-rand0-seed2/config.yaml
Configuration file already exists. Path: /work/qgan_v4/data/train/amp-qml_torch-q4-noisy-PSR-aerCPU-rand0.1-seed2/config.yaml
Configuration file already exists. Path: /work/qgan_v4/data/train/amp-qml_torch-q4-noisy-SPSA-aerCPU-rand0-seed0/config.yaml
Configuration file already exists. Path: /work/qgan_v4/data/train/amp-qml_torch-q4-noisy-SPSA-aerCPU-rand0.1-seed0/config.yaml
Configuration file already exists. Path: /work/qgan_v4/data/train/amp-qml_torch-q4-noisy-SPSA-aerCPU-rand0-seed1/config.yaml
Configuration file already exists. Path: /work/qgan_v4/data/train/amp-qml_torch-q4-noisy-SPSA-aerCPU-rand0.1-seed1/config.yaml
Configuration file already exists. Path: /work/qgan_v4/data/train/amp-qml_torch-q4-noisy-SPSA-aerCPU-rand0-seed2/config.yaml
Configuration file already exists. Path: /work/qgan_v4/data/train/amp-qml_torch-q4-noisy-SPSA-aerCPU-rand0.1-seed2/config.yaml

90 battery configuration files ready.

Running: /work/qgan_v4/data/train/base-qml_torch-q4-noiseless-PSR-aerCPU-rand0-seed0/config.yaml
              Epoch |     Generator cost | Discriminator cost |               Eval |          Best eval |               Time |
Training complete: 
   Data path: /work/qgan_v4/data/train/base-qml_torch-q4-noiseless-PSR-aerCPU-rand0-seed0 
   Best eval: 0.030029362583253144 
   Total time: 230.682599067688

Running: /work/qgan_v4/data/train/base-qml_torch-q4-noiseless-PSR-aerCPU-rand0.1-seed0/config.yaml
              Epoch |     Generator cost | Discriminator cost |               Eval |          Best eval |               Time |
Training complete: 
   Data path: /work/qgan_v4/data/train/base-qml_torch-q4-noiseless-PSR-aerCPU-rand0.1-seed0 
   Best eval: 0.010651926471313883 
   Total time: 235.62977027893066

Running: /work/qgan_v4/data/train/base-qml_torch-q4-noiseless-PSR-aerCPU-rand0-seed1/config.yaml
              Epoch |     Generator cost | Discriminator cost |               Eval |          Best eval |               Time |
Training complete: 
   Data path: /work/qgan_v4/data/train/base-qml_torch-q4-noiseless-PSR-aerCPU-rand0-seed1 
   Best eval: 0.02356149992205936 
   Total time: 231.49863386154175

Running: /work/qgan_v4/data/train/base-qml_torch-q4-noiseless-PSR-aerCPU-rand0.1-seed1/config.yaml
              Epoch |     Generator cost | Discriminator cost |               Eval |          Best eval |               Time |
Training complete: 
   Data path: /work/qgan_v4/data/train/base-qml_torch-q4-noiseless-PSR-aerCPU-rand0.1-seed1 
   Best eval: 0.2814810084153481 
   Total time: 236.3329255580902

Running: /work/qgan_v4/data/train/base-qml_torch-q4-noiseless-PSR-aerCPU-rand0-seed2/config.yaml
              Epoch |     Generator cost | Discriminator cost |               Eval |          Best eval |               Time |
Training complete: 
   Data path: /work/qgan_v4/data/train/base-qml_torch-q4-noiseless-PSR-aerCPU-rand0-seed2 
   Best eval: 0.006243420604958055 
   Total time: 231.23085641860962

Running: /work/qgan_v4/data/train/base-qml_torch-q4-noiseless-PSR-aerCPU-rand0.1-seed2/config.yaml
              Epoch |     Generator cost | Discriminator cost |               Eval |          Best eval |               Time |
Training complete: 
   Data path: /work/qgan_v4/data/train/base-qml_torch-q4-noiseless-PSR-aerCPU-rand0.1-seed2 
   Best eval: 0.14058245714272666 
   Total time: 236.78479719161987

Running: /work/qgan_v4/data/train/base-qml_torch-q4-noiseless-SPSA-aerCPU-rand0-seed0/config.yaml
              Epoch |     Generator cost | Discriminator cost |               Eval |          Best eval |               Time |
Training complete: 
   Data path: /work/qgan_v4/data/train/base-qml_torch-q4-noiseless-SPSA-aerCPU-rand0-seed0 
   Best eval: 2.1219741718974454 
   Total time: 17.322895765304565

Running: /work/qgan_v4/data/train/base-qml_torch-q4-noiseless-SPSA-aerCPU-rand0.1-seed0/config.yaml
              Epoch |     Generator cost | Discriminator cost |               Eval |          Best eval |               Time |
Training complete: 
   Data path: /work/qgan_v4/data/train/base-qml_torch-q4-noiseless-SPSA-aerCPU-rand0.1-seed0 
   Best eval: 1.2026274958142367 
   Total time: 17.98263430595398

Running: /work/qgan_v4/data/train/base-qml_torch-q4-noiseless-SPSA-aerCPU-rand0-seed1/config.yaml
              Epoch |     Generator cost | Discriminator cost |               Eval |          Best eval |               Time |
Training complete: 
   Data path: /work/qgan_v4/data/train/base-qml_torch-q4-noiseless-SPSA-aerCPU-rand0-seed1 
   Best eval: 2.609908192375396 
   Total time: 17.39880394935608

Running: /work/qgan_v4/data/train/base-qml_torch-q4-noiseless-SPSA-aerCPU-rand0.1-seed1/config.yaml
              Epoch |     Generator cost | Discriminator cost |               Eval |          Best eval |               Time |
Training complete: 
   Data path: /work/qgan_v4/data/train/base-qml_torch-q4-noiseless-SPSA-aerCPU-rand0.1-seed1 
   Best eval: 1.6396665227024805 
   Total time: 18.029388666152954

Running: /work/qgan_v4/data/train/base-qml_torch-q4-noiseless-SPSA-aerCPU-rand0-seed2/config.yaml
              Epoch |     Generator cost | Discriminator cost |               Eval |          Best eval |               Time |
Training complete: 
   Data path: /work/qgan_v4/data/train/base-qml_torch-q4-noiseless-SPSA-aerCPU-rand0-seed2 
   Best eval: 3.287063167943513 
   Total time: 17.389567375183105

Running: /work/qgan_v4/data/train/base-qml_torch-q4-noiseless-SPSA-aerCPU-rand0.1-seed2/config.yaml
              Epoch |     Generator cost | Discriminator cost |               Eval |          Best eval |               Time |
Training complete: 
   Data path: /work/qgan_v4/data/train/base-qml_torch-q4-noiseless-SPSA-aerCPU-rand0.1-seed2 
   Best eval: 1.7345702113092127 
   Total time: 18.042015314102173

Running: /work/qgan_v4/data/train/base-qml_torch-q4-noiseless-REG-aerCPU-rand0-seed0/config.yaml
              Epoch |     Generator cost | Discriminator cost |               Eval |          Best eval |               Time |
Training complete: 
   Data path: /work/qgan_v4/data/train/base-qml_torch-q4-noiseless-REG-aerCPU-rand0-seed0 
   Best eval: 0.05970192186316298 
   Total time: 88.09816813468933

Running: /work/qgan_v4/data/train/base-qml_torch-q4-noiseless-REG-aerCPU-rand0.1-seed0/config.yaml
              Epoch |     Generator cost | Discriminator cost |               Eval |          Best eval |               Time |
Training complete: 
   Data path: /work/qgan_v4/data/train/base-qml_torch-q4-noiseless-REG-aerCPU-rand0.1-seed0 
   Best eval: 0.005809960932847386 
   Total time: 89.94545602798462

Running: /work/qgan_v4/data/train/base-qml_torch-q4-noiseless-REG-aerCPU-rand0-seed1/config.yaml
              Epoch |     Generator cost | Discriminator cost |               Eval |          Best eval |               Time |
Training complete: 
   Data path: /work/qgan_v4/data/train/base-qml_torch-q4-noiseless-REG-aerCPU-rand0-seed1 
   Best eval: 0.052741173144040976 
   Total time: 89.0452892780304

Running: /work/qgan_v4/data/train/base-qml_torch-q4-noiseless-REG-aerCPU-rand0.1-seed1/config.yaml
              Epoch |     Generator cost | Discriminator cost |               Eval |          Best eval |               Time |
Training complete: 
   Data path: /work/qgan_v4/data/train/base-qml_torch-q4-noiseless-REG-aerCPU-rand0.1-seed1 
   Best eval: 0.01083077665024143 
   Total time: 90.7177300453186

Running: /work/qgan_v4/data/train/base-qml_torch-q4-noiseless-REG-aerCPU-rand0-seed2/config.yaml
              Epoch |     Generator cost | Discriminator cost |               Eval |          Best eval |               Time |
Training complete: 
   Data path: /work/qgan_v4/data/train/base-qml_torch-q4-noiseless-REG-aerCPU-rand0-seed2 
   Best eval: 0.0012138125964342716 
   Total time: 88.73275804519653

Running: /work/qgan_v4/data/train/base-qml_torch-q4-noiseless-REG-aerCPU-rand0.1-seed2/config.yaml
              Epoch |     Generator cost | Discriminator cost |               Eval |          Best eval |               Time |
Training complete: 
   Data path: /work/qgan_v4/data/train/base-qml_torch-q4-noiseless-REG-aerCPU-rand0.1-seed2 
   Best eval: 0.036377327634683126 
   Total time: 90.26302433013916

Running: /work/qgan_v4/data/train/ang-qml_torch-q4-noiseless-PSR-aerCPU-rand0-seed0/config.yaml
              Epoch |     Generator cost | Discriminator cost |               Eval |          Best eval |               Time |
Training complete: 
   Data path: /work/qgan_v4/data/train/ang-qml_torch-q4-noiseless-PSR-aerCPU-rand0-seed0 
   Best eval: -0.0 
   Total time: 2716.3326091766357

Running: /work/qgan_v4/data/train/ang-qml_torch-q4-noiseless-PSR-aerCPU-rand0.1-seed0/config.yaml
              Epoch |     Generator cost | Discriminator cost |               Eval |          Best eval |               Time |
Training complete: 
   Data path: /work/qgan_v4/data/train/ang-qml_torch-q4-noiseless-PSR-aerCPU-rand0.1-seed0 
   Best eval: -0.0 
   Total time: 2727.44722366333

Running: /work/qgan_v4/data/train/ang-qml_torch-q4-noiseless-PSR-aerCPU-rand0-seed1/config.yaml
              Epoch |     Generator cost | Discriminator cost |               Eval |          Best eval |               Time |
Training complete: 
   Data path: /work/qgan_v4/data/train/ang-qml_torch-q4-noiseless-PSR-aerCPU-rand0-seed1 
   Best eval: -0.0 
   Total time: 2700.010246992111

Running: /work/qgan_v4/data/train/ang-qml_torch-q4-noiseless-PSR-aerCPU-rand0.1-seed1/config.yaml
              Epoch |     Generator cost | Discriminator cost |               Eval |          Best eval |               Time |
Training complete: 
   Data path: /work/qgan_v4/data/train/ang-qml_torch-q4-noiseless-PSR-aerCPU-rand0.1-seed1 
   Best eval: -0.0 
   Total time: 2682.7985677719116

Running: /work/qgan_v4/data/train/ang-qml_torch-q4-noiseless-PSR-aerCPU-rand0-seed2/config.yaml
              Epoch |     Generator cost | Discriminator cost |               Eval |          Best eval |               Time |
Training complete: 
   Data path: /work/qgan_v4/data/train/ang-qml_torch-q4-noiseless-PSR-aerCPU-rand0-seed2 
   Best eval: -0.0 
   Total time: 2405.1618967056274

Running: /work/qgan_v4/data/train/ang-qml_torch-q4-noiseless-PSR-aerCPU-rand0.1-seed2/config.yaml
              Epoch |     Generator cost | Discriminator cost |               Eval |          Best eval |               Time |
Training complete: 
   Data path: /work/qgan_v4/data/train/ang-qml_torch-q4-noiseless-PSR-aerCPU-rand0.1-seed2 
   Best eval: -0.0 
   Total time: 2425.925708770752

Running: /work/qgan_v4/data/train/ang-qml_torch-q4-noiseless-SPSA-aerCPU-rand0-seed0/config.yaml
              Epoch |     Generator cost | Discriminator cost |               Eval |          Best eval |               Time |
Training complete: 
   Data path: /work/qgan_v4/data/train/ang-qml_torch-q4-noiseless-SPSA-aerCPU-rand0-seed0 
   Best eval: -0.0 
   Total time: 1578.4506595134735

Running: /work/qgan_v4/data/train/ang-qml_torch-q4-noiseless-SPSA-aerCPU-rand0.1-seed0/config.yaml
              Epoch |     Generator cost | Discriminator cost |               Eval |          Best eval |               Time |
Training complete: 
   Data path: /work/qgan_v4/data/train/ang-qml_torch-q4-noiseless-SPSA-aerCPU-rand0.1-seed0 
   Best eval: -0.0 
   Total time: 1580.4383461475372

Running: /work/qgan_v4/data/train/ang-qml_torch-q4-noiseless-SPSA-aerCPU-rand0-seed1/config.yaml
              Epoch |     Generator cost | Discriminator cost |               Eval |          Best eval |               Time |
Training complete: 
   Data path: /work/qgan_v4/data/train/ang-qml_torch-q4-noiseless-SPSA-aerCPU-rand0-seed1 
   Best eval: -0.0 
   Total time: 1578.325660943985

Running: /work/qgan_v4/data/train/ang-qml_torch-q4-noiseless-SPSA-aerCPU-rand0.1-seed1/config.yaml
              Epoch |     Generator cost | Discriminator cost |               Eval |          Best eval |               Time |
Training complete: 
   Data path: /work/qgan_v4/data/train/ang-qml_torch-q4-noiseless-SPSA-aerCPU-rand0.1-seed1 
   Best eval: -0.0 
   Total time: 1580.329675912857

Running: /work/qgan_v4/data/train/ang-qml_torch-q4-noiseless-SPSA-aerCPU-rand0-seed2/config.yaml
              Epoch |     Generator cost | Discriminator cost |               Eval |          Best eval |               Time |
Training complete: 
   Data path: /work/qgan_v4/data/train/ang-qml_torch-q4-noiseless-SPSA-aerCPU-rand0-seed2 
   Best eval: 0.0006389208137989044 
   Total time: 1578.6877615451813

Running: /work/qgan_v4/data/train/ang-qml_torch-q4-noiseless-SPSA-aerCPU-rand0.1-seed2/config.yaml
              Epoch |     Generator cost | Discriminator cost |               Eval |          Best eval |               Time |
Training complete: 
   Data path: /work/qgan_v4/data/train/ang-qml_torch-q4-noiseless-SPSA-aerCPU-rand0.1-seed2 
   Best eval: -0.0 
   Total time: 1580.2774357795715

Running: /work/qgan_v4/data/train/ang-qml_torch-q4-noiseless-REG-aerCPU-rand0-seed0/config.yaml
              Epoch |     Generator cost | Discriminator cost |               Eval |          Best eval |               Time |
Training complete: 
   Data path: /work/qgan_v4/data/train/ang-qml_torch-q4-noiseless-REG-aerCPU-rand0-seed0 
   Best eval: -0.0 
   Total time: 1843.3261840343475

Running: /work/qgan_v4/data/train/ang-qml_torch-q4-noiseless-REG-aerCPU-rand0.1-seed0/config.yaml
              Epoch |     Generator cost | Discriminator cost |               Eval |          Best eval |               Time |
Training complete: 
   Data path: /work/qgan_v4/data/train/ang-qml_torch-q4-noiseless-REG-aerCPU-rand0.1-seed0 
   Best eval: -0.0 
   Total time: 1847.6736752986908

Running: /work/qgan_v4/data/train/ang-qml_torch-q4-noiseless-REG-aerCPU-rand0-seed1/config.yaml
              Epoch |     Generator cost | Discriminator cost |               Eval |          Best eval |               Time |
Training complete: 
   Data path: /work/qgan_v4/data/train/ang-qml_torch-q4-noiseless-REG-aerCPU-rand0-seed1 
   Best eval: -0.0 
   Total time: 1843.1195912361145

Running: /work/qgan_v4/data/train/ang-qml_torch-q4-noiseless-REG-aerCPU-rand0.1-seed1/config.yaml
              Epoch |     Generator cost | Discriminator cost |               Eval |          Best eval |               Time |
Training complete: 
   Data path: /work/qgan_v4/data/train/ang-qml_torch-q4-noiseless-REG-aerCPU-rand0.1-seed1 
   Best eval: -0.0 
   Total time: 1847.677018404007

Running: /work/qgan_v4/data/train/ang-qml_torch-q4-noiseless-REG-aerCPU-rand0-seed2/config.yaml
              Epoch |     Generator cost | Discriminator cost |               Eval |          Best eval |               Time |
Training complete: 
   Data path: /work/qgan_v4/data/train/ang-qml_torch-q4-noiseless-REG-aerCPU-rand0-seed2 
   Best eval: -0.0 
   Total time: 1841.0770881175995

Running: /work/qgan_v4/data/train/ang-qml_torch-q4-noiseless-REG-aerCPU-rand0.1-seed2/config.yaml
              Epoch |     Generator cost | Discriminator cost |               Eval |          Best eval |               Time |
Training complete: 
   Data path: /work/qgan_v4/data/train/ang-qml_torch-q4-noiseless-REG-aerCPU-rand0.1-seed2 
   Best eval: -0.0 
   Total time: 1845.1370477676392

Running: /work/qgan_v4/data/train/amp-qml_torch-q4-noiseless-PSR-aerCPU-rand0-seed0/config.yaml
              Epoch |     Generator cost | Discriminator cost |               Eval |          Best eval |               Time |
Training complete: 
   Data path: /work/qgan_v4/data/train/amp-qml_torch-q4-noiseless-PSR-aerCPU-rand0-seed0 
   Best eval: 0.01722801708234104 
   Total time: 915.0876030921936

Running: /work/qgan_v4/data/train/amp-qml_torch-q4-noiseless-PSR-aerCPU-rand0.1-seed0/config.yaml
              Epoch |     Generator cost | Discriminator cost |               Eval |          Best eval |               Time |
Training complete: 
   Data path: /work/qgan_v4/data/train/amp-qml_torch-q4-noiseless-PSR-aerCPU-rand0.1-seed0 
   Best eval: 0.021586069215624098 
   Total time: 935.2283737659454

Running: /work/qgan_v4/data/train/amp-qml_torch-q4-noiseless-PSR-aerCPU-rand0-seed1/config.yaml
              Epoch |     Generator cost | Discriminator cost |               Eval |          Best eval |               Time |
Training complete: 
   Data path: /work/qgan_v4/data/train/amp-qml_torch-q4-noiseless-PSR-aerCPU-rand0-seed1 
   Best eval: 0.009257595755188766 
   Total time: 914.1217963695526

Running: /work/qgan_v4/data/train/amp-qml_torch-q4-noiseless-PSR-aerCPU-rand0.1-seed1/config.yaml
              Epoch |     Generator cost | Discriminator cost |               Eval |          Best eval |               Time |
Training complete: 
   Data path: /work/qgan_v4/data/train/amp-qml_torch-q4-noiseless-PSR-aerCPU-rand0.1-seed1 
   Best eval: 0.015343977916881711 
   Total time: 935.6202547550201

Running: /work/qgan_v4/data/train/amp-qml_torch-q4-noiseless-PSR-aerCPU-rand0-seed2/config.yaml
              Epoch |     Generator cost | Discriminator cost |               Eval |          Best eval |               Time |
Training complete: 
   Data path: /work/qgan_v4/data/train/amp-qml_torch-q4-noiseless-PSR-aerCPU-rand0-seed2 
   Best eval: 0.006468473879911324 
   Total time: 914.3075778484344

Running: /work/qgan_v4/data/train/amp-qml_torch-q4-noiseless-PSR-aerCPU-rand0.1-seed2/config.yaml
Training data file created.
              Epoch |     Generator cost | Discriminator cost |               Eval |          Best eval |               Time |
                  0 |             -0.935 |             -0.195 |              0.073 |              0.073 |              0.979 |
                 10 |             -0.966 |             -0.213 |             0.0753 |             0.0695 |               9.55 |
                 20 |             -0.947 |              -0.25 |             0.0771 |             0.0695 |               9.37 |
                 30 |             -0.975 |             -0.258 |             0.0744 |             0.0678 |               9.38 |
                 40 |             -0.956 |             -0.302 |             0.0746 |             0.0678 |               9.37 |
                 50 |             -0.941 |             -0.316 |             0.0715 |             0.0678 |               9.38 |
                 60 |             -0.953 |             -0.359 |             0.0688 |             0.0664 |               9.37 |
                 70 |             -0.931 |             -0.376 |             0.0647 |             0.0638 |               9.51 |
                 80 |             -0.946 |             -0.388 |             0.0662 |             0.0602 |               9.34 |
                 90 |             -0.937 |             -0.411 |             0.0573 |             0.0568 |               9.34 |
                100 |             -0.934 |             -0.421 |             0.0593 |             0.0496 |               9.35 |
                110 |             -0.918 |             -0.468 |             0.0543 |             0.0491 |               9.36 |
                120 |             -0.904 |             -0.479 |             0.0466 |             0.0433 |               9.53 |
                130 |              -0.87 |             -0.502 |             0.0388 |             0.0288 |               9.33 |
                140 |              -0.88 |             -0.505 |             0.0301 |             0.0285 |               9.33 |
                150 |             -0.817 |             -0.507 |             0.0353 |             0.0276 |               9.34 |
                160 |             -0.883 |             -0.511 |             0.0218 |             0.0192 |               9.35 |
                170 |             -0.854 |             -0.502 |             0.0245 |             0.0133 |               9.34 |
                180 |             -0.841 |             -0.483 |            0.00564 |            0.00564 |                9.5 |
                190 |             -0.865 |             -0.492 |             0.0111 |            0.00495 |               9.32 |
                200 |             -0.853 |             -0.493 |             0.0175 |             0.0041 |               9.32 |
                210 |             -0.854 |             -0.473 |            0.00599 |            0.00333 |               9.33 |
                220 |             -0.844 |             -0.489 |             0.0224 |            0.00333 |               9.33 |
                230 |             -0.865 |             -0.493 |             0.0199 |            0.00333 |               9.33 |
                240 |              -0.86 |             -0.502 |             0.0177 |            0.00333 |                9.5 |
                250 |             -0.865 |             -0.509 |             0.0267 |            0.00333 |               9.32 |
                260 |             -0.859 |             -0.517 |             0.0266 |            0.00333 |               9.31 |
                270 |             -0.839 |              -0.51 |             0.0205 |            0.00333 |                9.3 |
                280 |             -0.823 |              -0.53 |             0.0285 |            0.00333 |                9.3 |
                290 |              -0.86 |             -0.546 |             0.0284 |            0.00333 |               9.47 |
                300 |             -0.805 |             -0.559 |             0.0322 |            0.00333 |               9.28 |
                310 |             -0.789 |             -0.569 |             0.0428 |            0.00333 |               9.29 |
                320 |             -0.735 |             -0.591 |             0.0363 |            0.00333 |               9.29 |
                330 |             -0.713 |             -0.604 |             0.0429 |            0.00333 |               9.29 |
                340 |             -0.738 |             -0.622 |             0.0422 |            0.00333 |                9.3 |
                350 |             -0.685 |             -0.622 |             0.0413 |            0.00333 |               9.46 |
                360 |             -0.662 |             -0.624 |             0.0467 |            0.00333 |               9.28 |
                370 |             -0.645 |             -0.656 |             0.0437 |            0.00333 |               9.28 |
                380 |             -0.621 |             -0.635 |             0.0474 |            0.00333 |               9.29 |
                390 |             -0.582 |             -0.664 |             0.0462 |            0.00333 |               9.29 |
                400 |             -0.557 |             -0.655 |             0.0449 |            0.00333 |               9.29 |
                410 |             -0.589 |             -0.626 |             0.0428 |            0.00333 |               9.45 |
                420 |             -0.606 |             -0.611 |             0.0461 |            0.00333 |               9.28 |
                430 |             -0.628 |             -0.595 |              0.045 |            0.00333 |               9.29 |
                440 |             -0.602 |             -0.594 |             0.0478 |            0.00333 |               9.29 |
                450 |             -0.578 |             -0.602 |             0.0499 |            0.00333 |               9.29 |
                460 |             -0.579 |             -0.601 |             0.0393 |            0.00333 |               9.28 |
                470 |             -0.577 |             -0.611 |             0.0455 |            0.00333 |               9.44 |
                480 |             -0.608 |             -0.599 |             0.0464 |            0.00333 |               9.27 |
                490 |             -0.609 |             -0.596 |             0.0473 |            0.00333 |               9.28 |
                500 |             -0.627 |             -0.603 |             0.0473 |            0.00333 |               9.29 |
                510 |              -0.64 |               -0.6 |             0.0529 |            0.00333 |               9.28 |
                520 |             -0.686 |              -0.58 |             0.0512 |            0.00333 |               9.46 |
                530 |             -0.676 |             -0.578 |             0.0513 |            0.00333 |               9.28 |
                540 |             -0.666 |             -0.579 |             0.0515 |            0.00333 |               9.28 |
                550 |             -0.669 |             -0.569 |             0.0546 |            0.00333 |               9.28 |
                560 |             -0.665 |             -0.575 |             0.0511 |            0.00333 |               9.28 |
                570 |              -0.67 |             -0.584 |             0.0556 |            0.00333 |               9.29 |
                580 |             -0.646 |              -0.58 |             0.0495 |            0.00333 |               9.45 |
                590 |             -0.644 |              -0.56 |             0.0425 |            0.00333 |               9.27 |
                600 |             -0.668 |             -0.559 |             0.0501 |            0.00333 |               9.27 |
                610 |             -0.679 |             -0.549 |             0.0444 |            0.00333 |               9.28 |
                620 |             -0.713 |             -0.529 |             0.0465 |            0.00333 |               9.28 |
                630 |             -0.746 |             -0.498 |             0.0457 |            0.00333 |               9.45 |
                640 |             -0.775 |             -0.484 |             0.0454 |            0.00333 |               9.28 |
                650 |             -0.777 |             -0.462 |             0.0546 |            0.00333 |               9.28 |
                660 |             -0.789 |             -0.495 |              0.048 |            0.00333 |               9.29 |
                670 |             -0.761 |             -0.486 |             0.0515 |            0.00333 |               9.29 |
                680 |              -0.78 |             -0.502 |             0.0504 |            0.00333 |               9.28 |
                690 |             -0.797 |             -0.509 |              0.055 |            0.00333 |               9.46 |
                700 |             -0.806 |             -0.496 |             0.0551 |            0.00333 |               9.28 |
                710 |              -0.87 |             -0.501 |             0.0533 |            0.00333 |               9.28 |
                720 |             -0.887 |             -0.496 |               0.05 |            0.00333 |               9.29 |
                730 |             -0.894 |             -0.488 |             0.0477 |            0.00333 |               9.29 |
                740 |             -0.918 |             -0.472 |             0.0444 |            0.00333 |               9.29 |
                750 |               -0.9 |             -0.492 |             0.0472 |            0.00333 |               9.45 |
                760 |             -0.908 |             -0.505 |             0.0473 |            0.00333 |               9.28 |
                770 |             -0.867 |              -0.51 |             0.0452 |            0.00333 |               9.28 |
                780 |             -0.836 |             -0.528 |             0.0444 |            0.00333 |               9.28 |
                790 |             -0.757 |             -0.525 |             0.0411 |            0.00333 |               9.27 |
                800 |             -0.726 |             -0.561 |              0.043 |            0.00333 |               9.28 |
                810 |             -0.602 |             -0.624 |             0.0384 |            0.00333 |               9.44 |
                820 |             -0.553 |             -0.623 |             0.0368 |            0.00333 |               9.27 |
                830 |             -0.488 |              -0.59 |             0.0348 |            0.00333 |               9.27 |
                840 |             -0.544 |             -0.584 |             0.0429 |            0.00333 |               9.28 |
                850 |             -0.604 |             -0.536 |             0.0419 |            0.00333 |               9.29 |
                860 |             -0.636 |             -0.502 |             0.0431 |            0.00333 |               9.45 |
                870 |             -0.659 |             -0.519 |             0.0335 |            0.00333 |               9.28 |
                880 |             -0.656 |             -0.525 |             0.0341 |            0.00333 |               9.28 |
                890 |             -0.676 |             -0.517 |             0.0283 |            0.00333 |               9.28 |
                900 |             -0.701 |             -0.501 |             0.0282 |            0.00333 |               9.29 |
                910 |             -0.751 |             -0.498 |             0.0262 |            0.00333 |               9.29 |
                920 |             -0.747 |             -0.498 |             0.0323 |            0.00333 |               9.44 |
                930 |             -0.768 |             -0.511 |             0.0333 |            0.00333 |               9.27 |
                940 |             -0.774 |              -0.51 |              0.032 |            0.00333 |               9.28 |
                950 |             -0.772 |             -0.507 |             0.0374 |            0.00333 |               9.28 |
                960 |             -0.821 |             -0.507 |              0.033 |            0.00333 |               9.28 |
                970 |             -0.818 |               -0.5 |             0.0323 |            0.00333 |               9.28 |
                980 |             -0.817 |             -0.498 |             0.0335 |            0.00333 |               9.43 |
                990 |             -0.814 |             -0.504 |             0.0304 |            0.00333 |               9.27 |
Training complete: 
   Data path: /work/qgan_v4/data/train/amp-qml_torch-q4-noiseless-PSR-aerCPU-rand0.1-seed2 
   Best eval: 0.0033322914803136697 
   Total time: 932.9872741699219

Running: /work/qgan_v4/data/train/amp-qml_torch-q4-noiseless-SPSA-aerCPU-rand0-seed0/config.yaml
Training data file created.
              Epoch |     Generator cost | Discriminator cost |               Eval |          Best eval |               Time |
                  0 |             -0.903 |             -0.193 |             0.0798 |             0.0798 |             0.0526 |
                 10 |             -0.938 |             -0.209 |             0.0791 |             0.0791 |              0.525 |
                 20 |             -0.941 |             -0.191 |             0.0783 |             0.0783 |              0.522 |
                 30 |             -0.944 |             -0.196 |             0.0776 |             0.0776 |              0.522 |
                 40 |              -0.95 |             -0.193 |             0.0772 |             0.0772 |              0.522 |
                 50 |             -0.988 |             -0.206 |             0.0765 |             0.0765 |              0.522 |
                 60 |              -0.95 |             -0.253 |             0.0761 |             0.0761 |              0.522 |
                 70 |             -0.969 |             -0.245 |             0.0765 |             0.0761 |              0.522 |
                 80 |             -0.976 |              -0.25 |             0.0769 |             0.0761 |              0.523 |
                 90 |             -0.952 |             -0.291 |             0.0772 |             0.0761 |              0.522 |
                100 |             -0.961 |             -0.298 |             0.0772 |             0.0761 |              0.522 |
                110 |             -0.979 |             -0.311 |             0.0773 |             0.0761 |              0.522 |
                120 |             -0.958 |             -0.316 |             0.0778 |             0.0761 |              0.523 |
                130 |             -0.962 |             -0.344 |             0.0783 |             0.0761 |              0.522 |
                140 |             -0.968 |             -0.344 |             0.0782 |             0.0761 |              0.523 |
                150 |             -0.944 |             -0.367 |             0.0783 |             0.0761 |              0.522 |
                160 |             -0.942 |             -0.395 |             0.0781 |             0.0761 |              0.523 |
                170 |             -0.937 |             -0.421 |              0.078 |             0.0761 |              0.523 |
                180 |             -0.915 |             -0.449 |             0.0784 |             0.0761 |              0.522 |
                190 |              -0.91 |             -0.435 |             0.0788 |             0.0761 |              0.522 |
                200 |             -0.896 |              -0.45 |             0.0789 |             0.0761 |              0.523 |
                210 |             -0.914 |             -0.459 |             0.0789 |             0.0761 |              0.525 |
                220 |              -0.92 |             -0.458 |             0.0788 |             0.0761 |              0.523 |
                230 |             -0.933 |             -0.475 |             0.0789 |             0.0761 |              0.523 |
                240 |             -0.938 |             -0.468 |             0.0786 |             0.0761 |              0.523 |
                250 |             -0.935 |             -0.466 |             0.0783 |             0.0761 |              0.523 |
                260 |             -0.938 |              -0.47 |             0.0777 |             0.0761 |              0.522 |
                270 |             -0.952 |             -0.476 |              0.077 |             0.0761 |              0.523 |
                280 |             -0.952 |             -0.474 |             0.0766 |             0.0761 |              0.523 |
                290 |             -0.951 |             -0.481 |             0.0761 |             0.0761 |              0.523 |
                300 |             -0.952 |             -0.466 |             0.0755 |             0.0755 |              0.524 |
                310 |             -0.947 |             -0.478 |             0.0747 |             0.0747 |              0.522 |
                320 |             -0.959 |             -0.471 |             0.0738 |             0.0738 |              0.523 |
                330 |             -0.956 |             -0.479 |             0.0733 |             0.0733 |              0.523 |
                340 |             -0.953 |             -0.497 |             0.0725 |             0.0725 |              0.523 |
                350 |             -0.966 |             -0.488 |             0.0719 |             0.0719 |              0.523 |
                360 |             -0.946 |             -0.494 |              0.072 |             0.0719 |              0.522 |
                370 |             -0.943 |             -0.492 |              0.072 |             0.0719 |              0.523 |
                380 |             -0.946 |             -0.491 |             0.0717 |             0.0717 |              0.522 |
                390 |             -0.953 |             -0.487 |             0.0713 |             0.0713 |              0.524 |
                400 |             -0.965 |             -0.503 |             0.0711 |             0.0711 |              0.523 |
                410 |             -0.956 |             -0.496 |             0.0708 |             0.0708 |              0.526 |
                420 |             -0.961 |             -0.495 |             0.0707 |             0.0707 |              0.522 |
                430 |             -0.938 |               -0.5 |             0.0706 |             0.0706 |              0.523 |
                440 |             -0.949 |              -0.51 |             0.0705 |             0.0705 |              0.522 |
                450 |             -0.969 |             -0.501 |             0.0707 |             0.0705 |              0.522 |
                460 |             -0.954 |             -0.494 |             0.0707 |             0.0705 |              0.523 |
                470 |             -0.944 |             -0.507 |             0.0707 |             0.0705 |              0.522 |
                480 |             -0.949 |             -0.503 |             0.0709 |             0.0705 |              0.522 |
                490 |             -0.965 |               -0.5 |              0.071 |             0.0705 |              0.522 |
                500 |              -0.95 |             -0.488 |              0.071 |             0.0705 |              0.522 |
                510 |             -0.952 |             -0.501 |             0.0708 |             0.0705 |              0.522 |
                520 |             -0.961 |             -0.492 |             0.0705 |             0.0705 |              0.522 |
                530 |             -0.969 |             -0.495 |             0.0704 |             0.0704 |              0.522 |
                540 |             -0.964 |             -0.499 |             0.0706 |             0.0704 |              0.523 |
                550 |              -0.96 |             -0.497 |             0.0707 |             0.0704 |              0.522 |
                560 |             -0.966 |             -0.504 |             0.0706 |             0.0704 |              0.524 |
                570 |             -0.961 |             -0.487 |             0.0705 |             0.0704 |              0.523 |
                580 |             -0.955 |             -0.498 |             0.0711 |             0.0704 |              0.522 |
                590 |             -0.958 |             -0.483 |             0.0708 |             0.0704 |              0.522 |
                600 |             -0.957 |             -0.503 |             0.0705 |             0.0704 |              0.525 |
                610 |             -0.965 |             -0.497 |             0.0703 |             0.0703 |              0.523 |
                620 |             -0.953 |              -0.49 |             0.0708 |             0.0703 |              0.522 |
                630 |             -0.943 |             -0.482 |             0.0709 |             0.0703 |              0.523 |
                640 |             -0.964 |             -0.495 |             0.0706 |             0.0703 |              0.521 |
                650 |             -0.977 |             -0.495 |             0.0708 |             0.0703 |              0.523 |
                660 |             -0.959 |             -0.492 |             0.0708 |             0.0703 |              0.523 |
                670 |             -0.981 |             -0.485 |             0.0706 |             0.0703 |              0.523 |
                680 |             -0.959 |             -0.493 |             0.0708 |             0.0703 |              0.522 |
                690 |             -0.957 |             -0.493 |              0.071 |             0.0703 |              0.522 |
                700 |             -0.973 |             -0.481 |             0.0711 |             0.0703 |              0.522 |
                710 |             -0.964 |             -0.499 |              0.071 |             0.0703 |              0.523 |
                720 |             -0.973 |              -0.49 |             0.0705 |             0.0703 |              0.523 |
                730 |             -0.976 |             -0.491 |             0.0699 |             0.0699 |              0.523 |
                740 |             -0.969 |             -0.496 |               0.07 |             0.0699 |              0.523 |
                750 |             -0.969 |             -0.492 |             0.0702 |             0.0699 |              0.523 |
                760 |             -0.971 |             -0.488 |             0.0703 |             0.0699 |              0.522 |
                770 |             -0.967 |             -0.485 |             0.0702 |             0.0699 |              0.524 |
                780 |             -0.972 |             -0.489 |               0.07 |             0.0699 |              0.523 |
                790 |             -0.954 |              -0.49 |             0.0699 |             0.0698 |              0.523 |
                800 |             -0.943 |             -0.489 |             0.0703 |             0.0698 |              0.526 |
                810 |             -0.954 |             -0.502 |             0.0706 |             0.0698 |              0.523 |
                820 |             -0.948 |             -0.495 |             0.0712 |             0.0698 |              0.522 |
                830 |             -0.963 |             -0.504 |             0.0718 |             0.0698 |              0.523 |
                840 |             -0.956 |             -0.488 |             0.0716 |             0.0698 |              0.523 |
                850 |             -0.938 |             -0.494 |             0.0714 |             0.0698 |              0.522 |
                860 |             -0.966 |             -0.509 |             0.0715 |             0.0698 |              0.521 |
                870 |             -0.955 |             -0.492 |             0.0709 |             0.0698 |              0.523 |
                880 |             -0.948 |             -0.501 |             0.0706 |             0.0698 |              0.522 |
                890 |             -0.931 |             -0.512 |             0.0707 |             0.0698 |              0.523 |
                900 |             -0.933 |             -0.507 |             0.0705 |             0.0698 |              0.522 |
                910 |             -0.941 |             -0.505 |               0.07 |             0.0698 |              0.522 |
                920 |             -0.928 |             -0.507 |             0.0693 |             0.0693 |              0.522 |
                930 |             -0.943 |             -0.506 |             0.0694 |             0.0692 |              0.522 |
                940 |             -0.941 |             -0.503 |             0.0694 |             0.0692 |              0.522 |
                950 |             -0.937 |             -0.509 |             0.0691 |             0.0691 |              0.523 |
                960 |             -0.942 |              -0.51 |             0.0688 |             0.0688 |              0.524 |
                970 |             -0.947 |              -0.51 |             0.0686 |             0.0686 |              0.523 |
                980 |              -0.95 |             -0.502 |             0.0679 |             0.0679 |              0.523 |
                990 |             -0.949 |               -0.5 |             0.0678 |             0.0677 |              0.526 |
Training complete: 
   Data path: /work/qgan_v4/data/train/amp-qml_torch-q4-noiseless-SPSA-aerCPU-rand0-seed0 
   Best eval: 0.06767882773612545 
   Total time: 52.27668023109436

Running: /work/qgan_v4/data/train/amp-qml_torch-q4-noiseless-SPSA-aerCPU-rand0.1-seed0/config.yaml
Training data file created.
              Epoch |     Generator cost | Discriminator cost |               Eval |          Best eval |               Time |
                  0 |              -0.74 |             -0.288 |              0.066 |              0.066 |             0.0542 |
                 10 |             -0.746 |              -0.27 |             0.0651 |              0.061 |              0.543 |
                 20 |              -0.73 |             -0.332 |             0.0706 |              0.061 |              0.545 |
                 30 |             -0.736 |             -0.282 |             0.0627 |              0.061 |              0.543 |
                 40 |             -0.762 |             -0.246 |             0.0739 |              0.061 |              0.542 |
                 50 |             -0.804 |             -0.284 |             0.0673 |              0.061 |              0.543 |
                 60 |             -0.787 |             -0.282 |             0.0669 |              0.061 |              0.545 |
                 70 |             -0.784 |             -0.267 |             0.0793 |              0.061 |              0.543 |
                 80 |             -0.833 |             -0.243 |              0.077 |              0.061 |              0.544 |
                 90 |             -0.833 |             -0.257 |             0.0697 |              0.061 |              0.544 |
                100 |             -0.868 |             -0.248 |             0.0697 |              0.061 |              0.543 |
                110 |             -0.829 |             -0.238 |             0.0738 |              0.061 |              0.544 |
                120 |             -0.866 |              -0.24 |             0.0758 |              0.061 |              0.543 |
                130 |             -0.875 |             -0.279 |             0.0712 |              0.061 |              0.544 |
                140 |             -0.869 |              -0.27 |             0.0774 |              0.061 |              0.544 |
                150 |             -0.903 |             -0.271 |             0.0787 |              0.061 |              0.542 |
                160 |             -0.903 |             -0.314 |             0.0733 |              0.061 |              0.544 |
                170 |             -0.891 |             -0.285 |             0.0684 |              0.061 |              0.544 |
                180 |             -0.892 |               -0.3 |             0.0695 |              0.061 |              0.546 |
                190 |             -0.888 |             -0.301 |              0.074 |              0.061 |              0.542 |
                200 |             -0.881 |             -0.312 |             0.0751 |              0.061 |              0.543 |
                210 |             -0.914 |             -0.303 |             0.0732 |              0.061 |              0.543 |
                220 |             -0.881 |             -0.325 |             0.0724 |              0.061 |              0.545 |
                230 |              -0.88 |             -0.345 |              0.071 |              0.061 |              0.543 |
                240 |             -0.912 |             -0.369 |             0.0754 |              0.061 |              0.544 |
                250 |             -0.877 |             -0.379 |             0.0744 |              0.061 |              0.543 |
                260 |             -0.909 |             -0.379 |             0.0779 |              0.061 |              0.544 |
                270 |              -0.87 |             -0.411 |             0.0748 |              0.061 |              0.543 |
                280 |             -0.903 |             -0.416 |             0.0789 |              0.061 |              0.545 |
                290 |             -0.892 |             -0.425 |             0.0743 |              0.061 |              0.544 |
                300 |             -0.884 |             -0.432 |             0.0709 |              0.061 |              0.544 |
                310 |             -0.889 |             -0.427 |              0.076 |              0.061 |              0.544 |
                320 |             -0.859 |             -0.451 |             0.0754 |              0.061 |              0.544 |
                330 |             -0.887 |             -0.439 |             0.0755 |              0.061 |              0.717 |
                340 |             -0.839 |             -0.455 |             0.0725 |              0.061 |              0.543 |
                350 |              -0.84 |             -0.463 |             0.0715 |              0.061 |              0.542 |
                360 |             -0.892 |             -0.486 |             0.0691 |              0.061 |              0.544 |
                370 |             -0.886 |             -0.487 |             0.0704 |              0.061 |              0.543 |
                380 |               -0.9 |             -0.469 |             0.0738 |              0.061 |              0.543 |
                390 |             -0.854 |             -0.492 |              0.073 |              0.061 |              0.541 |
                400 |             -0.881 |             -0.502 |              0.075 |              0.061 |              0.542 |
                410 |              -0.88 |             -0.488 |             0.0755 |              0.061 |              0.543 |
                420 |             -0.866 |             -0.502 |             0.0714 |              0.061 |              0.543 |
                430 |             -0.902 |             -0.493 |             0.0773 |              0.061 |              0.543 |
                440 |             -0.878 |             -0.499 |             0.0767 |              0.061 |              0.542 |
                450 |             -0.843 |             -0.493 |             0.0639 |              0.061 |              0.544 |
                460 |             -0.873 |             -0.511 |             0.0673 |              0.061 |              0.543 |
                470 |             -0.895 |             -0.497 |             0.0683 |              0.061 |              0.542 |
                480 |              -0.84 |             -0.484 |              0.076 |              0.061 |              0.543 |
                490 |             -0.859 |             -0.505 |             0.0709 |              0.061 |              0.543 |
                500 |             -0.881 |              -0.52 |             0.0721 |              0.061 |              0.543 |
                510 |             -0.898 |             -0.488 |             0.0694 |              0.061 |              0.543 |
                520 |             -0.874 |             -0.501 |             0.0697 |              0.061 |              0.543 |
                530 |             -0.897 |             -0.489 |              0.073 |              0.061 |              0.543 |
                540 |             -0.897 |             -0.493 |             0.0743 |              0.061 |              0.543 |
                550 |             -0.873 |             -0.513 |              0.074 |              0.061 |              0.545 |
                560 |             -0.903 |             -0.505 |             0.0699 |              0.061 |              0.544 |
                570 |             -0.877 |             -0.499 |             0.0726 |              0.061 |              0.543 |
                580 |             -0.899 |              -0.49 |              0.073 |              0.061 |              0.543 |
                590 |             -0.913 |             -0.501 |             0.0706 |              0.061 |              0.544 |
                600 |             -0.906 |             -0.516 |             0.0717 |              0.061 |              0.543 |
                610 |             -0.928 |             -0.506 |             0.0661 |              0.061 |              0.544 |
                620 |             -0.902 |             -0.497 |             0.0735 |              0.061 |              0.543 |
                630 |             -0.921 |             -0.496 |             0.0701 |              0.061 |              0.542 |
                640 |             -0.909 |             -0.509 |             0.0668 |              0.061 |              0.541 |
                650 |             -0.916 |             -0.503 |             0.0679 |              0.061 |              0.542 |
                660 |             -0.957 |             -0.495 |             0.0658 |             0.0605 |              0.543 |
                670 |             -0.944 |             -0.519 |             0.0706 |             0.0605 |              0.543 |
                680 |             -0.939 |             -0.492 |             0.0686 |             0.0605 |              0.541 |
                690 |              -0.93 |             -0.493 |             0.0722 |             0.0605 |              0.542 |
                700 |             -0.948 |             -0.504 |              0.072 |             0.0605 |              0.543 |
                710 |             -0.942 |             -0.503 |             0.0677 |             0.0605 |              0.542 |
                720 |             -0.923 |             -0.514 |             0.0714 |             0.0605 |              0.541 |
                730 |             -0.938 |             -0.504 |             0.0696 |             0.0605 |              0.542 |
                740 |             -0.941 |               -0.5 |             0.0722 |             0.0605 |              0.545 |
                750 |             -0.941 |             -0.512 |             0.0673 |             0.0605 |              0.543 |
                760 |             -0.955 |             -0.507 |             0.0643 |             0.0605 |              0.541 |
                770 |             -0.971 |             -0.514 |             0.0735 |             0.0605 |              0.542 |
                780 |             -0.961 |             -0.513 |             0.0657 |             0.0605 |              0.543 |
                790 |             -0.932 |             -0.494 |             0.0743 |             0.0605 |              0.542 |
                800 |             -0.967 |             -0.509 |             0.0656 |             0.0578 |              0.543 |
                810 |             -0.922 |             -0.516 |              0.065 |             0.0578 |              0.543 |
                820 |             -0.938 |             -0.506 |             0.0684 |             0.0578 |              0.543 |
                830 |             -0.961 |             -0.494 |             0.0722 |             0.0578 |              0.543 |
                840 |             -0.928 |               -0.5 |             0.0636 |             0.0578 |              0.541 |
                850 |             -0.947 |             -0.499 |             0.0695 |             0.0578 |              0.542 |
                860 |             -0.937 |             -0.499 |             0.0655 |             0.0578 |              0.544 |
                870 |             -0.934 |             -0.513 |             0.0736 |             0.0578 |              0.542 |
                880 |              -0.92 |             -0.495 |             0.0613 |             0.0578 |               0.54 |
                890 |             -0.949 |             -0.506 |             0.0707 |             0.0578 |              0.542 |
                900 |             -0.905 |             -0.517 |             0.0661 |             0.0578 |              0.543 |
                910 |              -0.94 |             -0.489 |             0.0683 |             0.0578 |              0.542 |
                920 |             -0.923 |             -0.516 |             0.0738 |             0.0578 |              0.541 |
                930 |              -0.91 |             -0.505 |             0.0726 |             0.0578 |              0.545 |
                940 |             -0.914 |             -0.504 |             0.0725 |             0.0578 |              0.543 |
                950 |             -0.932 |             -0.499 |             0.0687 |             0.0578 |              0.543 |
                960 |             -0.928 |             -0.503 |             0.0728 |             0.0578 |              0.542 |
                970 |             -0.933 |             -0.499 |             0.0755 |             0.0578 |               0.54 |
                980 |              -0.91 |             -0.499 |             0.0751 |             0.0578 |              0.541 |
                990 |             -0.916 |             -0.502 |             0.0703 |             0.0578 |              0.542 |
Training complete: 
   Data path: /work/qgan_v4/data/train/amp-qml_torch-q4-noiseless-SPSA-aerCPU-rand0.1-seed0 
   Best eval: 0.05784086386065633 
   Total time: 54.46108412742615

Running: /work/qgan_v4/data/train/amp-qml_torch-q4-noiseless-SPSA-aerCPU-rand0-seed1/config.yaml
Training data file created.
              Epoch |     Generator cost | Discriminator cost |               Eval |          Best eval |               Time |
                  0 |             -0.804 |             -0.248 |             0.0777 |             0.0777 |             0.0524 |
                 10 |             -0.796 |             -0.265 |             0.0776 |             0.0776 |              0.524 |
                 20 |             -0.795 |             -0.261 |             0.0778 |             0.0776 |              0.524 |
                 30 |               -0.8 |             -0.262 |             0.0777 |             0.0776 |              0.523 |
                 40 |             -0.791 |             -0.277 |             0.0775 |             0.0775 |              0.524 |
                 50 |             -0.784 |             -0.299 |             0.0773 |             0.0772 |              0.525 |
                 60 |             -0.801 |             -0.309 |             0.0772 |             0.0772 |              0.525 |
                 70 |             -0.794 |             -0.321 |             0.0776 |             0.0772 |              0.523 |
                 80 |              -0.77 |             -0.351 |             0.0778 |             0.0772 |              0.524 |
                 90 |             -0.775 |             -0.376 |             0.0778 |             0.0772 |              0.524 |
                100 |             -0.759 |             -0.356 |             0.0777 |             0.0772 |              0.524 |
                110 |             -0.781 |             -0.392 |             0.0776 |             0.0772 |              0.524 |
                120 |             -0.764 |             -0.393 |             0.0775 |             0.0772 |              0.525 |
                130 |             -0.773 |              -0.41 |             0.0778 |             0.0772 |              0.523 |
                140 |             -0.776 |             -0.402 |             0.0779 |             0.0772 |              0.524 |
                150 |             -0.796 |             -0.425 |             0.0779 |             0.0772 |              0.523 |
                160 |             -0.817 |             -0.433 |             0.0778 |             0.0772 |              0.524 |
                170 |             -0.823 |             -0.446 |             0.0777 |             0.0772 |              0.523 |
                180 |             -0.819 |              -0.44 |             0.0776 |             0.0772 |              0.524 |
                190 |             -0.863 |             -0.425 |             0.0776 |             0.0772 |              0.523 |
                200 |              -0.86 |             -0.429 |             0.0776 |             0.0772 |              0.524 |
                210 |             -0.865 |             -0.449 |             0.0774 |             0.0772 |              0.523 |
                220 |             -0.868 |             -0.431 |             0.0773 |             0.0772 |              0.524 |
                230 |             -0.877 |             -0.434 |             0.0771 |             0.0771 |              0.524 |
                240 |              -0.88 |             -0.456 |             0.0769 |             0.0769 |              0.524 |
                250 |             -0.875 |             -0.464 |             0.0763 |             0.0763 |              0.524 |
                260 |             -0.874 |             -0.452 |             0.0757 |             0.0757 |              0.525 |
                270 |             -0.864 |             -0.478 |             0.0753 |             0.0753 |              0.525 |
                280 |             -0.864 |             -0.477 |             0.0746 |             0.0746 |              0.524 |
                290 |             -0.847 |              -0.48 |             0.0741 |             0.0741 |              0.524 |
                300 |             -0.866 |             -0.472 |             0.0736 |             0.0736 |              0.524 |
                310 |             -0.865 |              -0.47 |             0.0734 |             0.0734 |              0.524 |
                320 |             -0.875 |             -0.476 |             0.0734 |             0.0734 |              0.527 |
                330 |             -0.869 |             -0.476 |             0.0734 |             0.0734 |              0.525 |
                340 |             -0.875 |             -0.473 |             0.0734 |             0.0734 |              0.525 |
                350 |             -0.898 |             -0.467 |             0.0733 |             0.0733 |              0.525 |
                360 |             -0.926 |             -0.473 |             0.0732 |             0.0732 |              0.523 |
                370 |             -0.913 |             -0.461 |             0.0727 |             0.0727 |              0.524 |
                380 |             -0.933 |             -0.469 |             0.0721 |             0.0721 |              0.523 |
                390 |              -0.94 |             -0.461 |             0.0717 |             0.0717 |              0.523 |
                400 |             -0.935 |             -0.447 |             0.0718 |             0.0717 |              0.524 |
                410 |             -0.947 |              -0.46 |             0.0718 |             0.0717 |              0.522 |
                420 |              -0.94 |             -0.449 |             0.0718 |             0.0717 |              0.523 |
                430 |             -0.934 |             -0.454 |             0.0718 |             0.0717 |              0.524 |
                440 |             -0.945 |             -0.454 |             0.0722 |             0.0717 |              0.526 |
                450 |             -0.957 |             -0.447 |             0.0724 |             0.0717 |              0.523 |
                460 |             -0.949 |             -0.455 |             0.0725 |             0.0717 |              0.524 |
                470 |             -0.965 |             -0.446 |             0.0724 |             0.0717 |              0.524 |
                480 |             -0.973 |             -0.453 |             0.0721 |             0.0717 |              0.524 |
                490 |             -0.966 |              -0.45 |             0.0715 |             0.0715 |              0.525 |
                500 |             -0.987 |             -0.449 |             0.0713 |             0.0713 |              0.525 |
                510 |             -0.976 |             -0.448 |              0.071 |              0.071 |              0.527 |
                520 |             -0.988 |             -0.439 |             0.0713 |              0.071 |              0.524 |
                530 |              -0.98 |             -0.452 |             0.0711 |              0.071 |              0.525 |
                540 |              -0.98 |             -0.435 |             0.0707 |             0.0707 |              0.525 |
                550 |             -0.963 |             -0.444 |             0.0704 |             0.0704 |              0.525 |
                560 |             -0.982 |             -0.449 |             0.0698 |             0.0698 |              0.525 |
                570 |             -0.967 |             -0.455 |             0.0693 |             0.0693 |              0.524 |
                580 |             -0.966 |              -0.46 |             0.0692 |             0.0692 |              0.524 |
                590 |             -0.976 |              -0.45 |             0.0688 |             0.0688 |              0.525 |
                600 |             -0.987 |             -0.459 |             0.0685 |             0.0685 |              0.526 |
                610 |             -0.987 |             -0.459 |             0.0689 |             0.0684 |              0.525 |
                620 |             -0.993 |             -0.456 |             0.0686 |             0.0684 |              0.525 |
                630 |              -0.99 |             -0.453 |             0.0677 |             0.0677 |              0.524 |
                640 |             -0.986 |              -0.46 |             0.0672 |             0.0672 |              0.524 |
                650 |             -0.981 |             -0.448 |             0.0667 |             0.0667 |              0.525 |
                660 |             -0.976 |             -0.463 |              0.067 |             0.0666 |              0.524 |
                670 |             -0.983 |             -0.471 |             0.0675 |             0.0666 |              0.524 |
                680 |             -0.977 |             -0.469 |             0.0674 |             0.0666 |              0.525 |
                690 |             -0.987 |             -0.465 |             0.0678 |             0.0666 |              0.525 |
                700 |             -0.972 |             -0.458 |             0.0684 |             0.0666 |              0.524 |
                710 |             -0.978 |             -0.463 |             0.0683 |             0.0666 |              0.526 |
                720 |             -0.974 |             -0.458 |             0.0677 |             0.0666 |              0.526 |
                730 |              -0.98 |             -0.462 |             0.0675 |             0.0666 |              0.525 |
                740 |             -0.959 |             -0.467 |             0.0676 |             0.0666 |              0.526 |
                750 |             -0.983 |             -0.472 |             0.0673 |             0.0666 |              0.524 |
                760 |             -0.971 |             -0.474 |             0.0672 |             0.0666 |              0.523 |
                770 |             -0.981 |             -0.463 |             0.0673 |             0.0666 |              0.526 |
                780 |             -0.971 |             -0.469 |             0.0673 |             0.0666 |              0.525 |
                790 |             -0.975 |             -0.471 |              0.067 |             0.0666 |              0.524 |
                800 |              -0.97 |             -0.469 |             0.0669 |             0.0666 |              0.524 |
                810 |             -0.964 |             -0.472 |             0.0671 |             0.0666 |              0.525 |
                820 |             -0.972 |             -0.469 |             0.0674 |             0.0666 |              0.524 |
                830 |             -0.969 |             -0.473 |             0.0675 |             0.0666 |              0.523 |
                840 |             -0.982 |             -0.474 |             0.0677 |             0.0666 |              0.525 |
                850 |             -0.957 |             -0.478 |             0.0673 |             0.0666 |              0.524 |
                860 |             -0.957 |             -0.469 |             0.0668 |             0.0666 |              0.525 |
                870 |             -0.972 |             -0.468 |             0.0656 |             0.0656 |              0.524 |
                880 |              -0.96 |             -0.466 |             0.0646 |             0.0646 |              0.525 |
                890 |             -0.963 |             -0.479 |             0.0639 |             0.0639 |              0.525 |
                900 |             -0.953 |             -0.477 |             0.0638 |             0.0638 |              0.528 |
                910 |             -0.963 |             -0.475 |             0.0642 |             0.0638 |              0.523 |
                920 |             -0.943 |             -0.483 |             0.0643 |             0.0638 |              0.525 |
                930 |             -0.955 |              -0.47 |             0.0646 |             0.0638 |              0.524 |
                940 |             -0.963 |             -0.488 |             0.0647 |             0.0638 |              0.524 |
                950 |             -0.965 |             -0.478 |             0.0647 |             0.0638 |              0.524 |
                960 |             -0.958 |             -0.473 |             0.0648 |             0.0638 |              0.524 |
                970 |             -0.956 |             -0.465 |             0.0657 |             0.0638 |              0.525 |
                980 |             -0.953 |             -0.471 |             0.0659 |             0.0638 |              0.525 |
                990 |             -0.971 |             -0.478 |              0.066 |             0.0638 |              0.525 |
Training complete: 
   Data path: /work/qgan_v4/data/train/amp-qml_torch-q4-noiseless-SPSA-aerCPU-rand0-seed1 
   Best eval: 0.06376288006893413 
   Total time: 52.43822145462036

Running: /work/qgan_v4/data/train/amp-qml_torch-q4-noiseless-SPSA-aerCPU-rand0.1-seed1/config.yaml
Training data file created.
              Epoch |     Generator cost | Discriminator cost |               Eval |          Best eval |               Time |
                  0 |             -0.668 |             -0.275 |             0.0734 |             0.0734 |             0.0545 |
                 10 |             -0.801 |             -0.285 |             0.0715 |              0.068 |              0.544 |
                 20 |              -0.76 |             -0.268 |             0.0767 |              0.068 |              0.544 |
                 30 |             -0.762 |             -0.256 |             0.0739 |              0.068 |              0.545 |
                 40 |             -0.793 |             -0.308 |             0.0775 |              0.068 |              0.543 |
                 50 |             -0.774 |             -0.319 |             0.0747 |              0.068 |              0.544 |
                 60 |              -0.79 |             -0.304 |             0.0724 |              0.068 |              0.544 |
                 70 |             -0.802 |             -0.317 |             0.0725 |              0.068 |              0.544 |
                 80 |             -0.783 |             -0.366 |             0.0729 |              0.068 |              0.543 |
                 90 |             -0.758 |             -0.343 |             0.0741 |              0.068 |              0.546 |
                100 |             -0.787 |             -0.371 |             0.0709 |              0.068 |              0.544 |
                110 |             -0.784 |             -0.408 |             0.0706 |              0.068 |              0.544 |
                120 |             -0.788 |              -0.41 |             0.0682 |              0.068 |              0.542 |
                130 |             -0.775 |              -0.42 |             0.0744 |              0.068 |              0.544 |
                140 |              -0.78 |             -0.394 |             0.0714 |              0.068 |              0.544 |
                150 |             -0.752 |             -0.414 |             0.0683 |              0.068 |              0.544 |
                160 |             -0.814 |              -0.44 |             0.0695 |             0.0677 |              0.543 |
                170 |             -0.826 |             -0.404 |             0.0674 |             0.0674 |              0.543 |
                180 |             -0.804 |             -0.417 |             0.0701 |             0.0674 |              0.544 |
                190 |             -0.782 |             -0.433 |             0.0683 |             0.0674 |              0.543 |
                200 |             -0.771 |             -0.452 |             0.0697 |             0.0659 |              0.545 |
                210 |             -0.766 |             -0.445 |             0.0716 |             0.0659 |              0.545 |
                220 |             -0.789 |             -0.466 |             0.0708 |             0.0659 |              0.543 |
                230 |             -0.793 |             -0.455 |             0.0714 |             0.0659 |              0.544 |
                240 |             -0.732 |             -0.474 |              0.073 |             0.0659 |              0.543 |
                250 |             -0.771 |             -0.526 |             0.0682 |             0.0659 |              0.545 |
                260 |             -0.769 |             -0.528 |             0.0708 |             0.0659 |              0.544 |
                270 |              -0.79 |             -0.542 |             0.0739 |             0.0659 |              0.545 |
                280 |              -0.69 |             -0.519 |             0.0741 |             0.0659 |              0.546 |
                290 |             -0.756 |             -0.533 |             0.0714 |             0.0659 |              0.545 |
                300 |             -0.802 |              -0.54 |             0.0681 |             0.0659 |              0.543 |
                310 |             -0.783 |             -0.506 |             0.0726 |             0.0659 |              0.545 |
                320 |             -0.758 |             -0.537 |             0.0692 |             0.0659 |              0.545 |
                330 |               -0.8 |             -0.494 |             0.0716 |             0.0659 |              0.542 |
                340 |             -0.806 |             -0.497 |             0.0693 |             0.0659 |              0.544 |
                350 |             -0.792 |              -0.52 |             0.0678 |             0.0658 |              0.544 |
                360 |             -0.771 |             -0.496 |             0.0659 |             0.0651 |              0.543 |
                370 |             -0.846 |             -0.479 |             0.0692 |             0.0651 |              0.544 |
                380 |             -0.839 |             -0.468 |             0.0698 |             0.0651 |              0.544 |
                390 |             -0.887 |             -0.488 |             0.0718 |             0.0651 |              0.544 |
                400 |              -0.87 |             -0.468 |             0.0689 |             0.0651 |              0.544 |
                410 |             -0.889 |              -0.48 |             0.0729 |             0.0651 |              0.544 |
                420 |               -0.9 |             -0.483 |             0.0701 |             0.0651 |              0.543 |
                430 |             -0.875 |             -0.478 |             0.0739 |             0.0651 |              0.544 |
                440 |             -0.926 |             -0.485 |             0.0713 |             0.0651 |              0.545 |
                450 |             -0.911 |             -0.488 |             0.0722 |             0.0651 |              0.543 |
                460 |             -0.897 |             -0.459 |             0.0714 |             0.0651 |              0.542 |
                470 |             -0.895 |             -0.476 |             0.0697 |             0.0651 |              0.547 |
                480 |             -0.919 |              -0.47 |             0.0757 |             0.0651 |              0.544 |
                490 |             -0.912 |             -0.477 |               0.07 |             0.0651 |              0.543 |
                500 |             -0.921 |             -0.458 |             0.0714 |             0.0651 |              0.543 |
                510 |              -0.91 |             -0.468 |             0.0693 |             0.0651 |              0.545 |
                520 |             -0.938 |             -0.467 |             0.0688 |             0.0651 |              0.544 |
                530 |             -0.944 |             -0.473 |             0.0726 |             0.0651 |              0.543 |
                540 |              -0.94 |             -0.468 |             0.0732 |             0.0651 |              0.543 |
                550 |             -0.957 |             -0.461 |             0.0694 |             0.0651 |              0.545 |
                560 |             -0.946 |             -0.466 |             0.0662 |             0.0644 |              0.547 |
                570 |             -0.931 |             -0.467 |             0.0663 |             0.0644 |              0.543 |
                580 |             -0.939 |             -0.458 |             0.0699 |             0.0644 |              0.545 |
                590 |             -0.937 |             -0.459 |             0.0693 |             0.0644 |              0.544 |
                600 |             -0.941 |             -0.464 |             0.0652 |             0.0644 |              0.544 |
                610 |             -0.933 |             -0.473 |             0.0671 |             0.0644 |              0.544 |
                620 |             -0.963 |             -0.456 |             0.0687 |             0.0625 |              0.544 |
                630 |             -0.945 |             -0.469 |             0.0661 |             0.0625 |              0.546 |
                640 |             -0.945 |             -0.464 |             0.0692 |             0.0625 |              0.546 |
                650 |             -0.958 |             -0.468 |             0.0703 |             0.0625 |              0.545 |
                660 |             -0.948 |             -0.472 |             0.0654 |             0.0625 |              0.547 |
                670 |             -0.923 |             -0.471 |             0.0674 |              0.062 |              0.546 |
                680 |             -0.958 |             -0.481 |             0.0641 |              0.062 |              0.546 |
                690 |             -0.945 |             -0.473 |             0.0733 |              0.062 |              0.543 |
                700 |             -0.932 |             -0.465 |              0.062 |              0.062 |              0.546 |
                710 |             -0.937 |             -0.469 |             0.0659 |              0.062 |              0.547 |
                720 |             -0.956 |             -0.466 |             0.0678 |              0.062 |              0.546 |
                730 |              -0.95 |             -0.475 |             0.0659 |              0.062 |              0.544 |
                740 |             -0.942 |             -0.478 |             0.0671 |              0.062 |              0.544 |
                750 |             -0.969 |             -0.478 |             0.0714 |              0.062 |              0.544 |
                760 |             -0.958 |             -0.488 |             0.0668 |             0.0616 |              0.545 |
                770 |             -0.938 |             -0.471 |             0.0669 |             0.0616 |              0.545 |
                780 |             -0.957 |              -0.48 |             0.0651 |             0.0616 |              0.545 |
                790 |             -0.957 |             -0.484 |             0.0673 |             0.0616 |              0.544 |
                800 |             -0.963 |             -0.468 |             0.0689 |             0.0616 |              0.544 |
                810 |             -0.944 |             -0.463 |              0.068 |             0.0616 |              0.545 |
                820 |             -0.943 |             -0.489 |             0.0668 |             0.0616 |              0.545 |
                830 |             -0.938 |             -0.479 |             0.0685 |             0.0616 |              0.544 |
                840 |             -0.943 |             -0.484 |             0.0639 |             0.0616 |              0.547 |
                850 |             -0.939 |             -0.475 |             0.0667 |             0.0616 |              0.719 |
                860 |              -0.94 |             -0.479 |             0.0691 |             0.0616 |              0.543 |
                870 |             -0.938 |             -0.492 |             0.0688 |             0.0616 |              0.542 |
                880 |              -0.92 |             -0.487 |             0.0684 |             0.0616 |              0.542 |
                890 |             -0.925 |             -0.485 |             0.0654 |             0.0616 |              0.543 |
                900 |             -0.941 |             -0.498 |             0.0641 |             0.0616 |              0.543 |
                910 |              -0.91 |             -0.485 |             0.0676 |             0.0616 |              0.543 |
                920 |             -0.934 |             -0.503 |             0.0619 |             0.0616 |              0.542 |
                930 |              -0.95 |             -0.493 |              0.067 |             0.0616 |              0.544 |
                940 |             -0.935 |             -0.495 |             0.0616 |             0.0616 |              0.543 |
                950 |             -0.925 |             -0.493 |             0.0658 |             0.0616 |              0.543 |
                960 |             -0.931 |             -0.495 |              0.065 |             0.0616 |              0.543 |
                970 |             -0.916 |             -0.492 |             0.0667 |             0.0616 |              0.543 |
                980 |             -0.917 |             -0.504 |             0.0676 |             0.0616 |              0.543 |
                990 |             -0.897 |             -0.496 |             0.0696 |             0.0616 |              0.542 |
Training complete: 
   Data path: /work/qgan_v4/data/train/amp-qml_torch-q4-noiseless-SPSA-aerCPU-rand0.1-seed1 
   Best eval: 0.06159009756583142 
   Total time: 54.58112096786499

Running: /work/qgan_v4/data/train/amp-qml_torch-q4-noiseless-SPSA-aerCPU-rand0-seed2/config.yaml
Training data file created.
              Epoch |     Generator cost | Discriminator cost |               Eval |          Best eval |               Time |
                  0 |             -0.959 |             -0.199 |             0.0791 |             0.0791 |             0.0524 |
                 10 |             -0.929 |             -0.194 |             0.0789 |             0.0789 |              0.524 |
                 20 |             -0.928 |             -0.191 |             0.0788 |             0.0788 |              0.524 |
                 30 |              -0.91 |             -0.248 |             0.0785 |             0.0785 |              0.525 |
                 40 |             -0.916 |              -0.26 |             0.0783 |             0.0783 |              0.523 |
                 50 |             -0.925 |             -0.233 |             0.0782 |             0.0782 |              0.524 |
                 60 |             -0.917 |             -0.259 |             0.0783 |             0.0782 |              0.523 |
                 70 |              -0.92 |             -0.302 |             0.0784 |             0.0782 |              0.524 |
                 80 |             -0.947 |             -0.292 |             0.0785 |             0.0782 |              0.522 |
                 90 |             -0.936 |             -0.305 |             0.0786 |             0.0782 |              0.524 |
                100 |             -0.937 |             -0.302 |             0.0787 |             0.0782 |              0.523 |
                110 |             -0.942 |             -0.325 |             0.0789 |             0.0782 |              0.524 |
                120 |             -0.921 |             -0.338 |             0.0791 |             0.0782 |              0.522 |
                130 |             -0.923 |             -0.342 |             0.0796 |             0.0782 |              0.522 |
                140 |             -0.949 |             -0.342 |             0.0798 |             0.0782 |              0.523 |
                150 |             -0.944 |             -0.364 |             0.0801 |             0.0782 |              0.523 |
                160 |             -0.926 |             -0.384 |             0.0799 |             0.0782 |              0.523 |
                170 |             -0.916 |             -0.377 |             0.0798 |             0.0782 |              0.523 |
                180 |             -0.905 |             -0.426 |             0.0797 |             0.0782 |              0.524 |
                190 |             -0.924 |             -0.428 |             0.0797 |             0.0782 |              0.523 |
                200 |             -0.899 |             -0.455 |             0.0798 |             0.0782 |              0.523 |
                210 |              -0.88 |             -0.443 |             0.0796 |             0.0782 |              0.525 |
                220 |             -0.886 |             -0.448 |             0.0797 |             0.0782 |              0.526 |
                230 |             -0.889 |             -0.476 |             0.0801 |             0.0782 |              0.525 |
                240 |             -0.892 |             -0.479 |               0.08 |             0.0782 |              0.523 |
                250 |             -0.906 |             -0.481 |             0.0802 |             0.0782 |              0.524 |
                260 |             -0.909 |             -0.488 |             0.0802 |             0.0782 |              0.524 |
                270 |             -0.923 |             -0.488 |             0.0804 |             0.0782 |              0.523 |
                280 |             -0.907 |             -0.478 |             0.0808 |             0.0782 |              0.523 |
                290 |             -0.926 |             -0.487 |              0.081 |             0.0782 |              0.523 |
                300 |             -0.938 |              -0.49 |              0.081 |             0.0782 |              0.524 |
                310 |             -0.938 |             -0.491 |             0.0809 |             0.0782 |              0.523 |
                320 |             -0.947 |             -0.494 |              0.081 |             0.0782 |              0.523 |
                330 |             -0.945 |             -0.494 |              0.081 |             0.0782 |              0.523 |
                340 |             -0.934 |              -0.49 |             0.0809 |             0.0782 |              0.523 |
                350 |             -0.932 |             -0.504 |             0.0809 |             0.0782 |              0.522 |
                360 |             -0.922 |               -0.5 |             0.0806 |             0.0782 |              0.523 |
                370 |             -0.921 |             -0.498 |             0.0803 |             0.0782 |              0.523 |
                380 |             -0.929 |             -0.504 |             0.0805 |             0.0782 |              0.522 |
                390 |             -0.928 |             -0.509 |             0.0804 |             0.0782 |              0.523 |
                400 |              -0.94 |             -0.483 |             0.0804 |             0.0782 |              0.524 |
                410 |             -0.945 |             -0.501 |             0.0803 |             0.0782 |              0.524 |
                420 |             -0.925 |             -0.497 |             0.0805 |             0.0782 |              0.525 |
                430 |             -0.932 |             -0.509 |             0.0808 |             0.0782 |              0.523 |
                440 |             -0.935 |             -0.485 |             0.0809 |             0.0782 |              0.523 |
                450 |             -0.968 |             -0.494 |             0.0809 |             0.0782 |              0.523 |
                460 |             -0.962 |             -0.477 |              0.081 |             0.0782 |              0.523 |
                470 |             -0.956 |             -0.478 |             0.0809 |             0.0782 |              0.522 |
                480 |             -0.959 |              -0.48 |             0.0808 |             0.0782 |              0.523 |
                490 |             -0.955 |             -0.484 |             0.0809 |             0.0782 |              0.523 |
                500 |             -0.943 |             -0.489 |             0.0808 |             0.0782 |              0.525 |
                510 |             -0.951 |             -0.487 |             0.0808 |             0.0782 |              0.522 |
                520 |             -0.938 |             -0.492 |             0.0807 |             0.0782 |              0.524 |
                530 |             -0.939 |              -0.48 |             0.0803 |             0.0782 |              0.524 |
                540 |             -0.929 |             -0.493 |             0.0798 |             0.0782 |              0.524 |
                550 |              -0.94 |             -0.502 |             0.0793 |             0.0782 |              0.523 |
                560 |             -0.924 |             -0.501 |             0.0789 |             0.0782 |              0.523 |
                570 |             -0.912 |             -0.503 |             0.0787 |             0.0782 |              0.523 |
                580 |             -0.896 |             -0.504 |             0.0789 |             0.0782 |              0.523 |
                590 |             -0.912 |             -0.516 |             0.0792 |             0.0782 |              0.524 |
                600 |             -0.906 |             -0.517 |              0.079 |             0.0782 |              0.523 |
                610 |             -0.898 |             -0.511 |             0.0787 |             0.0782 |              0.526 |
                620 |             -0.885 |             -0.515 |             0.0783 |             0.0782 |              0.523 |
                630 |             -0.896 |              -0.51 |             0.0781 |             0.0781 |              0.522 |
                640 |             -0.893 |              -0.53 |             0.0784 |             0.0781 |              0.522 |
                650 |             -0.899 |             -0.518 |             0.0785 |             0.0781 |              0.523 |
                660 |             -0.875 |              -0.51 |             0.0785 |             0.0781 |              0.523 |
                670 |             -0.864 |             -0.525 |             0.0789 |             0.0781 |              0.523 |
                680 |             -0.848 |             -0.527 |             0.0791 |             0.0781 |              0.523 |
                690 |             -0.834 |              -0.54 |              0.079 |             0.0781 |              0.523 |
                700 |             -0.827 |              -0.55 |             0.0789 |             0.0781 |              0.523 |
                710 |             -0.823 |              -0.55 |             0.0789 |             0.0781 |              0.523 |
                720 |              -0.81 |             -0.544 |             0.0792 |             0.0781 |              0.524 |
                730 |             -0.806 |             -0.566 |             0.0791 |             0.0781 |              0.523 |
                740 |             -0.791 |             -0.565 |              0.079 |             0.0781 |              0.523 |
                750 |             -0.768 |             -0.575 |             0.0789 |             0.0781 |              0.523 |
                760 |             -0.743 |              -0.58 |             0.0791 |             0.0781 |              0.522 |
                770 |              -0.74 |             -0.583 |              0.079 |             0.0781 |              0.523 |
                780 |             -0.737 |             -0.584 |             0.0789 |             0.0781 |              0.523 |
                790 |             -0.717 |             -0.591 |             0.0789 |             0.0781 |              0.522 |
                800 |             -0.705 |              -0.61 |              0.079 |             0.0781 |              0.523 |
                810 |             -0.704 |             -0.603 |             0.0791 |             0.0781 |              0.526 |
                820 |             -0.692 |             -0.605 |             0.0789 |             0.0781 |              0.524 |
                830 |             -0.698 |             -0.596 |              0.079 |             0.0781 |              0.522 |
                840 |             -0.666 |             -0.615 |             0.0788 |             0.0781 |              0.523 |
                850 |             -0.644 |             -0.608 |             0.0789 |             0.0781 |              0.524 |
                860 |             -0.625 |              -0.62 |             0.0788 |             0.0781 |              0.523 |
                870 |             -0.627 |              -0.63 |             0.0787 |             0.0781 |              0.522 |
                880 |             -0.615 |             -0.635 |             0.0788 |             0.0781 |              0.523 |
                890 |             -0.618 |             -0.625 |             0.0784 |             0.0781 |              0.523 |
                900 |             -0.605 |             -0.629 |             0.0781 |             0.0781 |              0.524 |
                910 |             -0.615 |             -0.632 |             0.0777 |             0.0777 |              0.523 |
                920 |             -0.604 |             -0.636 |             0.0776 |             0.0776 |              0.523 |
                930 |             -0.602 |             -0.645 |             0.0769 |             0.0769 |              0.523 |
                940 |             -0.603 |             -0.634 |             0.0755 |             0.0755 |              0.525 |
                950 |             -0.612 |              -0.63 |             0.0744 |             0.0744 |              0.524 |
                960 |             -0.599 |             -0.644 |             0.0733 |             0.0733 |              0.522 |
                970 |             -0.596 |             -0.623 |              0.072 |              0.072 |              0.524 |
                980 |             -0.595 |             -0.627 |             0.0709 |             0.0709 |              0.524 |
                990 |             -0.604 |             -0.626 |             0.0689 |             0.0689 |              0.523 |
Training complete: 
   Data path: /work/qgan_v4/data/train/amp-qml_torch-q4-noiseless-SPSA-aerCPU-rand0-seed2 
   Best eval: 0.0674408894995771 
   Total time: 52.327574729919434

Running: /work/qgan_v4/data/train/amp-qml_torch-q4-noiseless-SPSA-aerCPU-rand0.1-seed2/config.yaml
Training data file created.
              Epoch |     Generator cost | Discriminator cost |               Eval |          Best eval |               Time |
                  0 |             -0.943 |             -0.196 |             0.0729 |             0.0729 |             0.0543 |
                 10 |             -0.958 |             -0.192 |             0.0734 |              0.069 |              0.543 |
                 20 |              -0.95 |             -0.207 |             0.0784 |              0.069 |              0.543 |
                 30 |             -0.951 |              -0.21 |             0.0793 |              0.069 |              0.543 |
                 40 |             -0.953 |             -0.228 |             0.0757 |              0.069 |              0.542 |
                 50 |             -0.948 |             -0.243 |             0.0767 |              0.069 |              0.542 |
                 60 |             -0.979 |             -0.283 |             0.0756 |              0.069 |              0.541 |
                 70 |             -0.968 |             -0.285 |             0.0739 |              0.069 |              0.543 |
                 80 |             -0.948 |             -0.288 |             0.0786 |              0.069 |              0.541 |
                 90 |             -0.961 |             -0.311 |              0.079 |              0.069 |              0.542 |
                100 |             -0.965 |              -0.31 |             0.0757 |              0.069 |              0.542 |
                110 |             -0.955 |             -0.328 |             0.0743 |              0.069 |              0.543 |
                120 |             -0.959 |             -0.307 |             0.0773 |              0.069 |              0.542 |
                130 |             -0.965 |              -0.34 |             0.0779 |              0.069 |              0.543 |
                140 |             -0.963 |             -0.366 |              0.074 |              0.069 |              0.543 |
                150 |             -0.932 |             -0.378 |             0.0746 |              0.069 |              0.543 |
                160 |             -0.977 |             -0.377 |              0.076 |              0.069 |              0.542 |
                170 |             -0.964 |             -0.387 |             0.0771 |              0.069 |              0.542 |
                180 |             -0.931 |             -0.395 |             0.0735 |              0.069 |              0.542 |
                190 |             -0.962 |              -0.43 |              0.075 |              0.069 |              0.545 |
                200 |             -0.966 |             -0.411 |             0.0773 |              0.069 |              0.543 |
                210 |             -0.953 |             -0.432 |             0.0717 |              0.069 |              0.543 |
                220 |             -0.933 |             -0.458 |             0.0785 |              0.069 |              0.543 |
                230 |             -0.936 |             -0.444 |             0.0771 |              0.069 |              0.543 |
                240 |             -0.927 |             -0.474 |             0.0758 |              0.069 |              0.541 |
                250 |             -0.932 |             -0.478 |             0.0772 |              0.069 |              0.543 |
                260 |             -0.882 |              -0.49 |              0.079 |              0.069 |              0.543 |
                270 |              -0.86 |             -0.474 |             0.0734 |              0.069 |              0.542 |
                280 |              -0.89 |             -0.491 |              0.078 |              0.069 |              0.541 |
                290 |             -0.923 |              -0.51 |             0.0766 |              0.069 |              0.542 |
                300 |             -0.912 |             -0.499 |             0.0748 |              0.069 |              0.544 |
                310 |             -0.918 |             -0.492 |             0.0779 |              0.069 |              0.542 |
                320 |             -0.934 |             -0.527 |             0.0756 |              0.069 |              0.541 |
                330 |             -0.955 |             -0.507 |              0.077 |              0.069 |              0.543 |
                340 |             -0.945 |             -0.493 |              0.076 |              0.069 |              0.543 |
                350 |             -0.948 |             -0.512 |             0.0778 |              0.069 |              0.543 |
                360 |             -0.939 |             -0.485 |             0.0751 |              0.069 |              0.542 |
                370 |             -0.919 |             -0.531 |             0.0767 |              0.069 |              0.542 |
                380 |             -0.921 |             -0.505 |             0.0769 |              0.069 |              0.545 |
                390 |             -0.898 |             -0.509 |             0.0769 |              0.069 |              0.543 |
                400 |             -0.936 |              -0.49 |              0.075 |              0.069 |              0.544 |
                410 |             -0.935 |             -0.503 |              0.078 |              0.069 |              0.543 |
                420 |             -0.934 |             -0.502 |             0.0778 |              0.069 |              0.543 |
                430 |             -0.953 |             -0.511 |             0.0749 |              0.069 |              0.544 |
                440 |             -0.929 |             -0.501 |             0.0783 |              0.069 |              0.542 |
                450 |             -0.915 |             -0.498 |              0.079 |              0.069 |              0.543 |
                460 |             -0.941 |             -0.486 |             0.0745 |              0.069 |              0.543 |
                470 |             -0.935 |             -0.494 |             0.0778 |              0.069 |              0.543 |
                480 |             -0.926 |             -0.516 |             0.0774 |              0.069 |              0.542 |
                490 |             -0.945 |             -0.501 |             0.0792 |              0.069 |              0.542 |
                500 |             -0.947 |             -0.497 |             0.0777 |              0.069 |              0.543 |
                510 |             -0.945 |             -0.496 |             0.0781 |              0.069 |              0.543 |
                520 |             -0.923 |             -0.499 |             0.0768 |              0.069 |              0.543 |
                530 |             -0.944 |             -0.495 |             0.0788 |              0.069 |              0.544 |
                540 |             -0.934 |               -0.5 |             0.0776 |              0.069 |              0.544 |
                550 |             -0.931 |             -0.499 |             0.0798 |              0.069 |              0.543 |
                560 |             -0.926 |             -0.503 |             0.0769 |              0.069 |              0.543 |
                570 |             -0.931 |             -0.484 |             0.0769 |              0.069 |              0.546 |
                580 |             -0.928 |             -0.491 |             0.0807 |              0.069 |              0.543 |
                590 |             -0.921 |               -0.5 |             0.0742 |              0.069 |              0.544 |
                600 |             -0.907 |             -0.513 |             0.0774 |              0.069 |              0.543 |
                610 |               -0.9 |             -0.511 |             0.0781 |              0.069 |              0.543 |
                620 |             -0.897 |             -0.503 |             0.0786 |              0.069 |              0.543 |
                630 |             -0.908 |             -0.497 |             0.0748 |              0.069 |              0.544 |
                640 |               -0.9 |             -0.504 |             0.0743 |              0.069 |              0.543 |
                650 |             -0.905 |             -0.515 |             0.0781 |              0.069 |              0.543 |
                660 |             -0.892 |             -0.515 |             0.0796 |              0.069 |              0.542 |
                670 |             -0.903 |              -0.51 |             0.0748 |              0.069 |              0.542 |
                680 |             -0.883 |             -0.505 |             0.0778 |              0.069 |              0.543 |
                690 |             -0.903 |             -0.508 |             0.0774 |              0.069 |              0.542 |
                700 |             -0.899 |             -0.512 |             0.0746 |              0.069 |              0.543 |
                710 |             -0.895 |             -0.513 |             0.0742 |              0.069 |              0.543 |
                720 |             -0.883 |             -0.501 |             0.0764 |              0.069 |              0.542 |
                730 |             -0.883 |             -0.509 |             0.0767 |              0.069 |              0.542 |
                740 |             -0.871 |             -0.511 |             0.0777 |              0.069 |              0.542 |
                750 |             -0.869 |             -0.519 |             0.0748 |              0.069 |              0.542 |
                760 |              -0.89 |             -0.526 |             0.0751 |              0.069 |              0.546 |
                770 |              -0.87 |             -0.513 |             0.0746 |              0.069 |              0.544 |
                780 |             -0.871 |             -0.512 |             0.0761 |              0.069 |              0.544 |
                790 |             -0.868 |             -0.502 |             0.0749 |              0.069 |              0.543 |
                800 |             -0.863 |             -0.519 |             0.0766 |              0.069 |              0.543 |
                810 |             -0.856 |             -0.524 |             0.0746 |              0.069 |              0.542 |
                820 |             -0.874 |             -0.523 |             0.0729 |              0.069 |              0.542 |
                830 |              -0.87 |              -0.53 |             0.0759 |              0.069 |              0.543 |
                840 |             -0.857 |             -0.534 |             0.0758 |             0.0689 |              0.542 |
                850 |             -0.834 |             -0.529 |             0.0724 |             0.0689 |              0.542 |
                860 |             -0.845 |             -0.521 |             0.0738 |             0.0689 |              0.543 |
                870 |             -0.848 |              -0.53 |             0.0731 |             0.0689 |              0.543 |
                880 |             -0.843 |             -0.535 |             0.0751 |             0.0688 |              0.542 |
                890 |             -0.826 |             -0.538 |              0.074 |             0.0681 |              0.542 |
                900 |             -0.832 |             -0.543 |             0.0709 |             0.0681 |              0.542 |
                910 |             -0.814 |             -0.539 |             0.0734 |             0.0681 |              0.542 |
                920 |             -0.816 |             -0.548 |             0.0761 |             0.0681 |              0.542 |
                930 |               -0.8 |             -0.554 |             0.0686 |             0.0681 |              0.542 |
                940 |             -0.823 |             -0.545 |             0.0726 |             0.0681 |              0.541 |
                950 |             -0.826 |             -0.541 |             0.0753 |             0.0681 |              0.545 |
                960 |             -0.806 |             -0.536 |             0.0711 |             0.0681 |              0.542 |
                970 |             -0.788 |             -0.553 |             0.0767 |             0.0677 |              0.542 |
                980 |             -0.769 |             -0.553 |             0.0702 |             0.0663 |              0.543 |
                990 |             -0.792 |             -0.556 |             0.0736 |             0.0663 |              0.543 |
Training complete: 
   Data path: /work/qgan_v4/data/train/amp-qml_torch-q4-noiseless-SPSA-aerCPU-rand0.1-seed2 
   Best eval: 0.06632622648383989 
   Total time: 54.27432680130005

Running: /work/qgan_v4/data/train/amp-qml_torch-q4-noiseless-REG-aerCPU-rand0-seed0/config.yaml
Training data file created.
              Epoch |     Generator cost | Discriminator cost |               Eval |          Best eval |               Time |
                  0 |             -0.901 |             -0.191 |             0.0798 |             0.0798 |              0.614 |
                 10 |             -0.956 |             -0.218 |              0.079 |              0.079 |               3.32 |
                 20 |             -0.969 |              -0.24 |             0.0766 |             0.0766 |                3.5 |
                 30 |             -0.958 |             -0.286 |             0.0741 |             0.0741 |               3.27 |
                 40 |             -0.944 |             -0.331 |             0.0738 |             0.0737 |               3.51 |
                 50 |             -0.938 |             -0.378 |             0.0743 |             0.0737 |               3.27 |
                 60 |             -0.907 |             -0.422 |             0.0738 |             0.0737 |               3.53 |
                 70 |             -0.917 |             -0.468 |             0.0721 |             0.0721 |               3.26 |
                 80 |             -0.886 |             -0.485 |             0.0696 |             0.0696 |               3.53 |
                 90 |              -0.87 |             -0.499 |             0.0664 |             0.0664 |               3.51 |
                100 |             -0.873 |             -0.505 |             0.0628 |             0.0628 |               3.27 |
                110 |              -0.86 |             -0.508 |             0.0586 |             0.0586 |               3.52 |
                120 |             -0.862 |             -0.517 |             0.0541 |             0.0541 |               3.27 |
                130 |             -0.862 |             -0.509 |             0.0497 |             0.0497 |               3.53 |
                140 |             -0.858 |             -0.517 |             0.0457 |             0.0457 |               3.28 |
                150 |             -0.877 |             -0.505 |             0.0431 |             0.0431 |               3.53 |
                160 |             -0.888 |             -0.507 |             0.0411 |             0.0411 |               3.26 |
                170 |             -0.885 |             -0.512 |             0.0395 |             0.0395 |               3.53 |
                180 |             -0.865 |             -0.507 |             0.0381 |             0.0381 |               3.52 |
                190 |             -0.879 |             -0.512 |             0.0379 |             0.0378 |               3.28 |
                200 |             -0.884 |             -0.515 |             0.0389 |             0.0378 |               3.52 |
                210 |              -0.89 |             -0.507 |             0.0396 |             0.0378 |               3.27 |
                220 |             -0.879 |             -0.519 |             0.0396 |             0.0378 |               3.52 |
                230 |             -0.879 |             -0.516 |             0.0394 |             0.0378 |               3.27 |
                240 |              -0.87 |             -0.517 |             0.0395 |             0.0378 |               3.52 |
                250 |              -0.87 |             -0.526 |               0.04 |             0.0378 |               3.27 |
                260 |             -0.884 |             -0.518 |             0.0402 |             0.0378 |               3.53 |
                270 |             -0.882 |             -0.516 |             0.0404 |             0.0378 |               3.52 |
                280 |              -0.88 |             -0.524 |             0.0402 |             0.0378 |               3.28 |
                290 |              -0.86 |             -0.534 |               0.04 |             0.0378 |               3.53 |
                300 |             -0.865 |             -0.532 |             0.0401 |             0.0378 |               3.27 |
                310 |             -0.865 |             -0.522 |             0.0399 |             0.0378 |               3.53 |
                320 |             -0.868 |             -0.524 |             0.0395 |             0.0378 |               3.28 |
                330 |             -0.875 |             -0.519 |             0.0386 |             0.0378 |               3.53 |
                340 |             -0.867 |             -0.513 |             0.0373 |             0.0373 |               3.27 |
                350 |             -0.892 |             -0.523 |             0.0355 |             0.0355 |               3.54 |
                360 |             -0.878 |             -0.514 |             0.0332 |             0.0332 |               3.52 |
                370 |             -0.893 |             -0.511 |             0.0302 |             0.0302 |               3.27 |
                380 |             -0.895 |             -0.505 |             0.0265 |             0.0265 |               3.52 |
                390 |             -0.912 |             -0.505 |              0.023 |              0.023 |               3.27 |
                400 |             -0.914 |             -0.498 |             0.0207 |             0.0207 |               3.52 |
                410 |             -0.901 |             -0.498 |               0.02 |               0.02 |               3.27 |
                420 |              -0.91 |             -0.487 |               0.02 |             0.0199 |               3.52 |
                430 |             -0.899 |             -0.477 |             0.0211 |             0.0199 |               3.27 |
                440 |             -0.896 |             -0.495 |             0.0219 |             0.0199 |               3.53 |
                450 |             -0.883 |               -0.5 |             0.0229 |             0.0199 |               3.52 |
                460 |             -0.886 |             -0.483 |             0.0239 |             0.0199 |               3.27 |
                470 |               -0.9 |             -0.491 |             0.0248 |             0.0199 |               3.52 |
                480 |             -0.903 |             -0.496 |             0.0252 |             0.0199 |               3.27 |
                490 |             -0.913 |             -0.501 |             0.0252 |             0.0199 |               3.52 |
                500 |             -0.921 |             -0.497 |             0.0247 |             0.0199 |               3.27 |
                510 |             -0.938 |             -0.487 |             0.0238 |             0.0199 |               3.53 |
                520 |             -0.913 |              -0.49 |              0.023 |             0.0199 |               3.27 |
                530 |             -0.893 |             -0.495 |             0.0223 |             0.0199 |               3.53 |
                540 |              -0.85 |             -0.496 |             0.0216 |             0.0199 |               3.53 |
                550 |             -0.808 |             -0.492 |             0.0211 |             0.0199 |               3.27 |
                560 |             -0.768 |             -0.497 |             0.0212 |             0.0199 |               3.51 |
                570 |             -0.755 |             -0.485 |             0.0211 |             0.0199 |               3.27 |
                580 |              -0.76 |             -0.493 |             0.0205 |             0.0199 |               3.53 |
                590 |             -0.754 |              -0.49 |             0.0186 |             0.0186 |               3.27 |
                600 |             -0.769 |             -0.497 |             0.0158 |             0.0158 |               3.52 |
                610 |             -0.792 |             -0.492 |              0.014 |              0.014 |               3.27 |
                620 |             -0.762 |             -0.488 |             0.0148 |              0.014 |               3.53 |
                630 |             -0.739 |             -0.491 |             0.0162 |              0.014 |               3.52 |
                640 |             -0.657 |              -0.49 |             0.0175 |              0.014 |               3.27 |
                650 |             -0.562 |             -0.502 |             0.0185 |              0.014 |               3.53 |
                660 |             -0.441 |             -0.504 |             0.0198 |              0.014 |               3.27 |
                670 |             -0.383 |             -0.514 |              0.024 |              0.014 |               3.52 |
                680 |             -0.387 |             -0.475 |             0.0288 |              0.014 |               3.27 |
                690 |             -0.485 |             -0.473 |             0.0327 |              0.014 |               3.52 |
                700 |              -0.57 |             -0.495 |             0.0358 |              0.014 |               3.26 |
                710 |             -0.635 |             -0.539 |              0.041 |              0.014 |               3.53 |
                720 |              -0.75 |              -0.54 |             0.0443 |              0.014 |               3.52 |
                730 |             -0.842 |             -0.508 |             0.0404 |              0.014 |               3.27 |
                740 |             -0.898 |             -0.482 |             0.0316 |              0.014 |               3.52 |
                750 |             -0.937 |              -0.48 |             0.0266 |              0.014 |               3.27 |
                760 |             -0.942 |             -0.478 |             0.0242 |              0.014 |               3.52 |
                770 |             -0.933 |             -0.493 |             0.0221 |              0.014 |               3.27 |
                780 |             -0.915 |             -0.489 |             0.0209 |              0.014 |               3.52 |
                790 |             -0.892 |             -0.496 |               0.02 |              0.014 |               3.27 |
                800 |             -0.874 |             -0.492 |             0.0193 |              0.014 |               3.53 |
                810 |              -0.89 |             -0.488 |             0.0195 |              0.014 |               3.52 |
                820 |             -0.871 |             -0.489 |               0.02 |              0.014 |               3.27 |
                830 |             -0.871 |             -0.479 |             0.0201 |              0.014 |               3.53 |
                840 |             -0.889 |             -0.493 |             0.0201 |              0.014 |               3.27 |
                850 |             -0.871 |             -0.493 |             0.0201 |              0.014 |               3.52 |
                860 |             -0.866 |             -0.498 |             0.0199 |              0.014 |               3.27 |
                870 |             -0.856 |             -0.487 |             0.0193 |              0.014 |               3.52 |
                880 |             -0.872 |               -0.5 |              0.019 |              0.014 |               3.26 |
                890 |             -0.867 |             -0.487 |             0.0188 |              0.014 |               3.52 |
                900 |             -0.845 |             -0.494 |             0.0185 |              0.014 |               3.51 |
                910 |             -0.846 |             -0.494 |             0.0183 |              0.014 |               3.26 |
                920 |             -0.832 |             -0.493 |             0.0181 |              0.014 |               3.51 |
                930 |              -0.82 |             -0.491 |              0.018 |              0.014 |               3.26 |
                940 |             -0.804 |             -0.485 |             0.0179 |              0.014 |               3.51 |
                950 |             -0.778 |             -0.491 |              0.018 |              0.014 |               3.25 |
                960 |             -0.775 |             -0.484 |             0.0182 |              0.014 |                3.5 |
                970 |             -0.757 |             -0.487 |             0.0184 |              0.014 |               3.26 |
                980 |             -0.735 |             -0.491 |             0.0186 |              0.014 |               3.51 |
                990 |             -0.716 |             -0.496 |             0.0188 |              0.014 |               3.51 |
Training complete: 
   Data path: /work/qgan_v4/data/train/amp-qml_torch-q4-noiseless-REG-aerCPU-rand0-seed0 
   Best eval: 0.01400428891178972 
   Total time: 341.15516114234924

Running: /work/qgan_v4/data/train/amp-qml_torch-q4-noiseless-REG-aerCPU-rand0.1-seed0/config.yaml
Training data file created.
              Epoch |     Generator cost | Discriminator cost |               Eval |          Best eval |               Time |
                  0 |             -0.751 |             -0.285 |             0.0659 |             0.0659 |              0.434 |
                 10 |             -0.813 |             -0.266 |              0.068 |             0.0629 |                3.6 |
                 20 |             -0.838 |             -0.319 |              0.074 |             0.0629 |                3.3 |
                 30 |             -0.881 |             -0.336 |             0.0708 |             0.0629 |               3.57 |
                 40 |             -0.868 |             -0.368 |             0.0789 |             0.0629 |               3.56 |
                 50 |             -0.903 |             -0.445 |             0.0773 |             0.0629 |               3.29 |
                 60 |             -0.873 |             -0.439 |              0.076 |             0.0629 |               3.55 |
                 70 |             -0.902 |             -0.437 |             0.0785 |             0.0629 |               3.29 |
                 80 |             -0.932 |             -0.467 |             0.0756 |             0.0629 |               3.55 |
                 90 |             -0.935 |             -0.488 |             0.0718 |             0.0629 |               3.29 |
                100 |             -0.941 |             -0.475 |             0.0716 |             0.0629 |               3.55 |
                110 |             -0.949 |             -0.484 |             0.0642 |             0.0629 |               3.28 |
                120 |             -0.953 |             -0.486 |             0.0694 |             0.0567 |               3.54 |
                130 |             -0.939 |             -0.492 |             0.0686 |             0.0567 |               3.55 |
                140 |             -0.911 |             -0.509 |             0.0671 |             0.0567 |               3.29 |
                150 |             -0.894 |              -0.52 |             0.0659 |             0.0564 |               3.54 |
                160 |             -0.889 |             -0.532 |              0.064 |             0.0564 |               3.29 |
                170 |             -0.874 |             -0.542 |             0.0703 |             0.0564 |               3.54 |
                180 |              -0.87 |             -0.547 |             0.0696 |             0.0564 |               3.29 |
                190 |             -0.846 |             -0.558 |             0.0728 |             0.0564 |               3.54 |
                200 |             -0.849 |             -0.561 |             0.0703 |             0.0564 |               3.28 |
                210 |             -0.839 |             -0.563 |             0.0668 |             0.0564 |               3.55 |
                220 |             -0.844 |             -0.568 |             0.0628 |             0.0564 |               3.54 |
                230 |             -0.804 |             -0.576 |             0.0642 |             0.0564 |               3.29 |
                240 |             -0.819 |             -0.576 |             0.0613 |             0.0562 |               3.54 |
                250 |             -0.795 |             -0.578 |             0.0629 |             0.0562 |               3.29 |
                260 |             -0.819 |              -0.58 |             0.0594 |              0.055 |               3.54 |
                270 |             -0.807 |             -0.563 |             0.0609 |              0.053 |               3.28 |
                280 |             -0.832 |             -0.564 |             0.0567 |             0.0448 |               3.54 |
                290 |             -0.851 |             -0.557 |             0.0409 |             0.0409 |               3.28 |
                300 |             -0.883 |             -0.541 |             0.0411 |             0.0285 |               3.54 |
                310 |             -0.899 |             -0.536 |             0.0272 |             0.0272 |               3.54 |
                320 |             -0.916 |             -0.525 |             0.0347 |             0.0272 |               3.29 |
                330 |             -0.924 |             -0.517 |             0.0319 |             0.0272 |               3.54 |
                340 |             -0.929 |             -0.519 |             0.0375 |             0.0272 |               3.29 |
                350 |              -0.92 |             -0.506 |             0.0313 |             0.0272 |               3.55 |
                360 |             -0.896 |             -0.529 |             0.0401 |             0.0272 |               3.29 |
                370 |             -0.893 |             -0.521 |             0.0342 |             0.0272 |               3.55 |
                380 |             -0.871 |             -0.531 |             0.0345 |             0.0272 |               3.29 |
                390 |             -0.847 |             -0.544 |             0.0351 |             0.0272 |               3.54 |
                400 |              -0.82 |             -0.571 |             0.0362 |             0.0272 |               3.52 |
                410 |             -0.833 |             -0.557 |             0.0327 |             0.0248 |               3.25 |
                420 |             -0.839 |             -0.544 |             0.0272 |             0.0245 |                3.5 |
                430 |             -0.827 |             -0.537 |             0.0305 |             0.0205 |               3.25 |
                440 |             -0.851 |             -0.517 |             0.0328 |             0.0205 |               3.51 |
                450 |             -0.847 |             -0.524 |             0.0336 |             0.0205 |               3.25 |
                460 |             -0.849 |             -0.535 |             0.0345 |             0.0205 |               3.51 |
                470 |             -0.862 |             -0.533 |             0.0445 |             0.0205 |               3.25 |
                480 |             -0.864 |             -0.526 |             0.0385 |             0.0205 |               3.51 |
                490 |              -0.86 |             -0.515 |             0.0393 |             0.0205 |                3.5 |
                500 |             -0.856 |             -0.511 |             0.0386 |             0.0205 |               3.25 |
                510 |             -0.863 |             -0.509 |             0.0387 |             0.0205 |                3.5 |
                520 |             -0.885 |             -0.508 |             0.0408 |             0.0205 |               3.25 |
                530 |              -0.88 |             -0.512 |             0.0461 |             0.0205 |               3.51 |
                540 |             -0.889 |              -0.51 |             0.0396 |             0.0205 |               3.25 |
                550 |             -0.902 |             -0.506 |             0.0384 |             0.0205 |               3.51 |
                560 |             -0.903 |             -0.496 |             0.0506 |             0.0205 |               3.25 |
                570 |             -0.915 |             -0.502 |             0.0429 |             0.0205 |               3.51 |
                580 |             -0.934 |             -0.499 |             0.0454 |             0.0205 |               3.51 |
                590 |             -0.927 |             -0.495 |             0.0481 |             0.0205 |               3.25 |
                600 |             -0.944 |               -0.5 |             0.0366 |             0.0205 |               3.51 |
                610 |              -0.95 |             -0.493 |             0.0398 |             0.0205 |               3.25 |
                620 |             -0.957 |             -0.506 |             0.0361 |             0.0205 |                3.5 |
                630 |             -0.962 |             -0.499 |             0.0375 |             0.0205 |               3.25 |
                640 |             -0.955 |              -0.49 |              0.037 |             0.0205 |               3.51 |
                650 |             -0.968 |             -0.496 |             0.0355 |             0.0205 |               3.25 |
                660 |             -0.958 |             -0.501 |             0.0415 |             0.0205 |               3.51 |
                670 |             -0.972 |             -0.504 |             0.0376 |             0.0205 |                3.5 |
                680 |             -0.971 |             -0.503 |             0.0355 |             0.0205 |               3.26 |
                690 |             -0.955 |             -0.501 |             0.0376 |             0.0205 |               3.55 |
                700 |             -0.956 |             -0.501 |             0.0344 |             0.0205 |               3.29 |
                710 |             -0.946 |             -0.503 |             0.0357 |             0.0205 |               3.54 |
                720 |             -0.937 |             -0.511 |             0.0368 |             0.0205 |               3.29 |
                730 |             -0.937 |             -0.504 |             0.0402 |             0.0205 |               3.54 |
                740 |             -0.924 |             -0.512 |             0.0415 |             0.0205 |               3.28 |
                750 |             -0.923 |             -0.514 |             0.0433 |             0.0205 |               3.55 |
                760 |             -0.923 |             -0.508 |             0.0403 |             0.0205 |               3.53 |
                770 |             -0.886 |             -0.509 |             0.0396 |             0.0205 |               3.29 |
                780 |             -0.889 |             -0.514 |             0.0359 |             0.0205 |               3.55 |
                790 |             -0.894 |             -0.502 |             0.0341 |             0.0205 |               3.29 |
                800 |             -0.889 |             -0.494 |             0.0356 |             0.0205 |               3.55 |
                810 |             -0.858 |             -0.515 |             0.0393 |             0.0205 |               3.29 |
                820 |             -0.865 |             -0.495 |             0.0388 |             0.0205 |               3.55 |
                830 |             -0.866 |               -0.5 |             0.0351 |             0.0205 |               3.28 |
                840 |             -0.893 |             -0.499 |             0.0374 |             0.0205 |               3.55 |
                850 |             -0.885 |             -0.514 |             0.0361 |             0.0205 |               3.54 |
                860 |             -0.869 |             -0.497 |             0.0361 |             0.0205 |               3.29 |
                870 |             -0.872 |             -0.499 |             0.0278 |             0.0205 |               3.54 |
                880 |             -0.873 |             -0.497 |             0.0385 |             0.0205 |               3.29 |
                890 |             -0.866 |             -0.495 |             0.0357 |             0.0205 |               3.55 |
                900 |             -0.871 |             -0.506 |             0.0361 |             0.0205 |               3.29 |
                910 |             -0.874 |             -0.486 |             0.0363 |             0.0205 |               3.55 |
                920 |             -0.875 |             -0.498 |             0.0267 |             0.0205 |               3.29 |
                930 |             -0.859 |             -0.502 |             0.0317 |             0.0205 |               3.54 |
                940 |             -0.854 |             -0.505 |             0.0469 |             0.0205 |               3.54 |
                950 |             -0.878 |             -0.493 |             0.0415 |             0.0205 |               3.29 |
                960 |             -0.885 |             -0.507 |             0.0455 |             0.0205 |               3.54 |
                970 |             -0.898 |               -0.5 |             0.0534 |             0.0205 |               3.29 |
                980 |             -0.893 |             -0.499 |             0.0587 |             0.0205 |               3.54 |
                990 |             -0.923 |             -0.499 |             0.0563 |             0.0205 |               3.29 |
Training complete: 
   Data path: /work/qgan_v4/data/train/amp-qml_torch-q4-noiseless-REG-aerCPU-rand0.1-seed0 
   Best eval: 0.02047409388842511 
   Total time: 342.31000208854675

Running: /work/qgan_v4/data/train/amp-qml_torch-q4-noiseless-REG-aerCPU-rand0-seed1/config.yaml
Training data file created.
              Epoch |     Generator cost | Discriminator cost |               Eval |          Best eval |               Time |
                  0 |             -0.795 |             -0.249 |             0.0778 |             0.0778 |              0.432 |
                 10 |              -0.84 |             -0.274 |             0.0784 |             0.0778 |               3.56 |
                 20 |             -0.852 |             -0.293 |             0.0788 |             0.0778 |               3.28 |
                 30 |             -0.856 |               -0.3 |             0.0804 |             0.0778 |               3.55 |
                 40 |             -0.851 |             -0.334 |             0.0801 |             0.0778 |               3.27 |
                 50 |             -0.851 |             -0.358 |             0.0783 |             0.0778 |               3.53 |
                 60 |             -0.849 |             -0.383 |             0.0759 |             0.0759 |               3.29 |
                 70 |             -0.821 |             -0.416 |             0.0741 |             0.0741 |               3.55 |
                 80 |             -0.825 |             -0.437 |             0.0723 |             0.0723 |               3.28 |
                 90 |             -0.808 |             -0.488 |             0.0697 |             0.0697 |               3.54 |
                100 |             -0.809 |             -0.474 |             0.0664 |             0.0664 |               3.28 |
                110 |             -0.795 |             -0.491 |             0.0634 |             0.0634 |               3.54 |
                120 |             -0.805 |              -0.49 |             0.0602 |             0.0602 |               3.28 |
                130 |             -0.796 |             -0.502 |             0.0571 |             0.0571 |               3.54 |
                140 |             -0.775 |               -0.5 |             0.0544 |             0.0544 |               3.54 |
                150 |             -0.757 |             -0.532 |              0.052 |              0.052 |               3.28 |
                160 |             -0.746 |             -0.516 |             0.0521 |             0.0515 |               3.53 |
                170 |              -0.71 |             -0.527 |             0.0563 |             0.0515 |               3.28 |
                180 |             -0.722 |             -0.519 |             0.0573 |             0.0515 |               3.53 |
                190 |              -0.79 |             -0.496 |             0.0516 |             0.0515 |               3.27 |
                200 |             -0.835 |             -0.454 |              0.039 |              0.039 |               3.52 |
                210 |             -0.864 |             -0.437 |             0.0255 |             0.0255 |               3.28 |
                220 |             -0.869 |             -0.446 |             0.0162 |             0.0162 |               3.53 |
                230 |             -0.858 |             -0.459 |             0.0128 |             0.0128 |               3.27 |
                240 |             -0.808 |             -0.491 |             0.0115 |             0.0115 |               3.54 |
                250 |              -0.77 |             -0.515 |              0.012 |             0.0113 |               3.27 |
                260 |             -0.718 |             -0.546 |             0.0137 |             0.0113 |               3.53 |
                270 |              -0.67 |             -0.562 |             0.0146 |             0.0113 |               3.53 |
                280 |             -0.614 |             -0.583 |             0.0147 |             0.0113 |               3.28 |
                290 |             -0.587 |             -0.604 |              0.015 |             0.0113 |               3.53 |
                300 |             -0.555 |             -0.601 |              0.018 |             0.0113 |               3.27 |
                310 |             -0.572 |             -0.615 |              0.023 |             0.0113 |               3.52 |
                320 |             -0.586 |             -0.593 |             0.0282 |             0.0113 |               3.28 |
                330 |             -0.577 |             -0.605 |              0.037 |             0.0113 |               3.53 |
                340 |             -0.605 |              -0.59 |             0.0474 |             0.0113 |               3.28 |
                350 |             -0.636 |             -0.576 |             0.0571 |             0.0113 |               3.54 |
                360 |             -0.656 |             -0.575 |             0.0641 |             0.0113 |               3.28 |
                370 |             -0.689 |             -0.566 |             0.0672 |             0.0113 |               3.53 |
                380 |             -0.712 |             -0.553 |             0.0679 |             0.0113 |               3.53 |
                390 |             -0.743 |             -0.541 |              0.066 |             0.0113 |               3.28 |
                400 |             -0.756 |             -0.525 |             0.0607 |             0.0113 |               3.54 |
                410 |             -0.816 |             -0.513 |             0.0543 |             0.0113 |               3.27 |
                420 |             -0.849 |             -0.499 |             0.0509 |             0.0113 |               3.53 |
                430 |             -0.868 |             -0.491 |              0.048 |             0.0113 |               3.27 |
                440 |             -0.883 |             -0.489 |             0.0445 |             0.0113 |               3.53 |
                450 |             -0.906 |              -0.48 |             0.0404 |             0.0113 |               3.27 |
                460 |             -0.918 |             -0.486 |             0.0359 |             0.0113 |               3.51 |
                470 |             -0.925 |             -0.494 |             0.0312 |             0.0113 |               3.27 |
                480 |             -0.948 |             -0.489 |             0.0267 |             0.0113 |               3.52 |
                490 |             -0.937 |             -0.498 |             0.0226 |             0.0113 |               3.26 |
                500 |             -0.959 |             -0.499 |              0.019 |             0.0113 |               3.52 |
                510 |             -0.965 |             -0.505 |              0.016 |             0.0113 |               3.54 |
                520 |             -0.978 |             -0.504 |             0.0145 |             0.0113 |               3.27 |
                530 |             -0.971 |             -0.496 |             0.0135 |             0.0113 |               3.52 |
                540 |             -0.975 |             -0.499 |             0.0128 |             0.0113 |               3.27 |
                550 |              -0.98 |             -0.496 |             0.0124 |             0.0113 |               3.53 |
                560 |             -0.979 |             -0.497 |             0.0121 |             0.0113 |               3.27 |
                570 |             -0.973 |             -0.506 |              0.012 |             0.0113 |               3.52 |
                580 |             -0.981 |             -0.501 |             0.0121 |             0.0113 |               3.27 |
                590 |             -0.961 |             -0.489 |             0.0122 |             0.0113 |               3.52 |
                600 |             -0.962 |             -0.499 |             0.0125 |             0.0113 |               3.27 |
                610 |              -0.96 |             -0.506 |             0.0126 |             0.0113 |               3.52 |
                620 |             -0.953 |             -0.495 |             0.0125 |             0.0113 |               3.27 |
                630 |             -0.956 |             -0.499 |             0.0124 |             0.0113 |               3.54 |
                640 |             -0.947 |             -0.493 |             0.0124 |             0.0113 |               3.52 |
                650 |             -0.923 |             -0.498 |             0.0124 |             0.0113 |               3.27 |
                660 |             -0.951 |              -0.49 |             0.0125 |             0.0113 |               3.52 |
                670 |             -0.933 |             -0.491 |             0.0126 |             0.0113 |               3.27 |
                680 |             -0.929 |               -0.5 |             0.0126 |             0.0113 |               3.52 |
                690 |             -0.941 |             -0.499 |             0.0125 |             0.0113 |               3.27 |
                700 |             -0.917 |             -0.518 |             0.0123 |             0.0113 |               3.52 |
                710 |              -0.92 |             -0.497 |             0.0121 |             0.0113 |               3.26 |
                720 |             -0.894 |             -0.496 |             0.0117 |             0.0113 |               3.52 |
                730 |             -0.895 |             -0.496 |             0.0111 |             0.0111 |               3.27 |
                740 |             -0.875 |             -0.509 |             0.0104 |             0.0104 |               3.52 |
                750 |              -0.88 |             -0.509 |            0.00934 |            0.00934 |               3.52 |
                760 |             -0.856 |             -0.509 |             0.0084 |             0.0084 |               3.27 |
                770 |             -0.856 |             -0.509 |            0.00754 |            0.00754 |               3.53 |
                780 |             -0.849 |               -0.5 |            0.00638 |            0.00638 |               3.27 |
                790 |             -0.863 |             -0.496 |            0.00584 |            0.00584 |               3.51 |
                800 |             -0.851 |             -0.499 |            0.00559 |            0.00557 |               3.24 |
                810 |             -0.857 |             -0.491 |             0.0065 |            0.00557 |               3.49 |
                820 |             -0.851 |             -0.496 |            0.00806 |            0.00557 |               3.23 |
                830 |             -0.838 |             -0.509 |            0.00987 |            0.00557 |               3.49 |
                840 |             -0.851 |             -0.497 |             0.0113 |            0.00557 |               3.24 |
                850 |             -0.843 |             -0.503 |             0.0124 |            0.00557 |               3.49 |
                860 |             -0.842 |             -0.508 |             0.0132 |            0.00557 |               3.23 |
                870 |             -0.821 |             -0.504 |             0.0139 |            0.00557 |                3.5 |
                880 |             -0.798 |             -0.513 |             0.0146 |            0.00557 |               3.49 |
                890 |             -0.783 |             -0.517 |             0.0154 |            0.00557 |               3.24 |
                900 |             -0.772 |             -0.529 |             0.0165 |            0.00557 |               3.51 |
                910 |             -0.759 |             -0.522 |             0.0174 |            0.00557 |               3.28 |
                920 |             -0.762 |             -0.508 |              0.018 |            0.00557 |               3.54 |
                930 |              -0.75 |             -0.511 |             0.0182 |            0.00557 |               3.28 |
                940 |             -0.762 |              -0.51 |             0.0182 |            0.00557 |               3.53 |
                950 |             -0.775 |              -0.51 |             0.0178 |            0.00557 |               3.28 |
                960 |             -0.776 |              -0.51 |             0.0175 |            0.00557 |               3.53 |
                970 |             -0.785 |             -0.498 |             0.0173 |            0.00557 |               3.26 |
                980 |              -0.77 |               -0.5 |             0.0171 |            0.00557 |               3.53 |
                990 |               -0.8 |             -0.493 |             0.0171 |            0.00557 |               3.27 |
Training complete: 
   Data path: /work/qgan_v4/data/train/amp-qml_torch-q4-noiseless-REG-aerCPU-rand0-seed1 
   Best eval: 0.005573695074455479 
   Total time: 340.9046666622162

Running: /work/qgan_v4/data/train/amp-qml_torch-q4-noiseless-REG-aerCPU-rand0.1-seed1/config.yaml
Training data file created.
              Epoch |     Generator cost | Discriminator cost |               Eval |          Best eval |               Time |
                  0 |              -0.67 |             -0.285 |             0.0736 |             0.0736 |              0.436 |
                 10 |             -0.818 |             -0.298 |             0.0758 |               0.07 |               3.62 |
                 20 |              -0.76 |             -0.292 |              0.079 |               0.07 |               3.32 |
                 30 |             -0.789 |             -0.293 |             0.0777 |               0.07 |                3.6 |
                 40 |             -0.809 |             -0.358 |             0.0798 |               0.07 |               3.31 |
                 50 |             -0.824 |             -0.361 |             0.0724 |               0.07 |               3.57 |
                 60 |             -0.841 |              -0.36 |             0.0771 |               0.07 |               3.28 |
                 70 |              -0.86 |             -0.374 |             0.0761 |             0.0696 |               3.56 |
                 80 |             -0.829 |             -0.394 |             0.0668 |             0.0668 |               3.28 |
                 90 |             -0.793 |             -0.416 |             0.0626 |             0.0626 |               3.55 |
                100 |             -0.769 |             -0.455 |              0.065 |             0.0579 |               3.27 |
                110 |             -0.753 |             -0.495 |             0.0588 |             0.0579 |               3.56 |
                120 |              -0.77 |             -0.476 |             0.0653 |             0.0571 |               3.55 |
                130 |             -0.764 |             -0.487 |             0.0569 |             0.0558 |               3.28 |
                140 |             -0.794 |             -0.486 |             0.0529 |             0.0514 |               3.56 |
                150 |             -0.798 |             -0.495 |             0.0455 |             0.0455 |               3.27 |
                160 |             -0.804 |             -0.499 |              0.044 |              0.039 |               3.55 |
                170 |             -0.795 |             -0.501 |             0.0446 |             0.0317 |               3.28 |
                180 |             -0.819 |             -0.495 |             0.0416 |             0.0317 |               3.56 |
                190 |               -0.8 |               -0.5 |              0.042 |             0.0317 |               3.27 |
                200 |             -0.828 |             -0.487 |             0.0418 |             0.0317 |               3.55 |
                210 |             -0.824 |             -0.502 |             0.0465 |             0.0317 |               3.27 |
                220 |             -0.825 |             -0.498 |             0.0512 |             0.0317 |               3.55 |
                230 |             -0.816 |             -0.502 |              0.047 |             0.0317 |               3.27 |
                240 |             -0.806 |             -0.501 |             0.0454 |             0.0317 |               3.55 |
                250 |             -0.812 |             -0.515 |             0.0513 |             0.0317 |               3.27 |
                260 |             -0.781 |             -0.505 |             0.0475 |             0.0317 |               3.56 |
                270 |             -0.791 |               -0.5 |             0.0422 |             0.0317 |               3.56 |
                280 |             -0.773 |             -0.504 |             0.0392 |             0.0317 |               3.28 |
                290 |             -0.741 |             -0.539 |             0.0423 |             0.0317 |               3.55 |
                300 |             -0.676 |              -0.54 |             0.0456 |             0.0317 |               3.28 |
                310 |             -0.651 |             -0.573 |             0.0288 |             0.0288 |               3.55 |
                320 |             -0.632 |              -0.59 |             0.0332 |             0.0288 |               3.28 |
                330 |             -0.568 |             -0.605 |             0.0242 |             0.0242 |               3.55 |
                340 |             -0.548 |             -0.596 |             0.0244 |             0.0223 |               3.28 |
                350 |             -0.599 |             -0.631 |             0.0344 |             0.0223 |               3.56 |
                360 |             -0.587 |             -0.592 |              0.027 |             0.0193 |               3.27 |
                370 |              -0.61 |             -0.588 |             0.0366 |             0.0193 |               3.56 |
                380 |             -0.587 |              -0.59 |             0.0406 |             0.0193 |               3.29 |
                390 |             -0.605 |             -0.604 |              0.028 |             0.0193 |               3.55 |
                400 |             -0.634 |             -0.603 |             0.0347 |             0.0193 |               3.54 |
                410 |             -0.702 |             -0.598 |             0.0235 |             0.0193 |               3.28 |
                420 |             -0.754 |             -0.577 |             0.0321 |             0.0137 |               3.54 |
                430 |             -0.865 |             -0.548 |             0.0337 |             0.0137 |               3.28 |
                440 |             -0.815 |             -0.518 |             0.0321 |             0.0137 |               3.56 |
                450 |             -0.856 |             -0.496 |             0.0413 |             0.0137 |               3.28 |
                460 |              -0.85 |             -0.523 |             0.0342 |             0.0137 |               3.56 |
                470 |             -0.854 |             -0.533 |             0.0328 |             0.0137 |               3.28 |
                480 |             -0.846 |             -0.533 |              0.042 |             0.0137 |               3.55 |
                490 |              -0.84 |             -0.532 |             0.0439 |             0.0137 |               3.28 |
                500 |             -0.831 |             -0.547 |             0.0411 |             0.0137 |               3.55 |
                510 |             -0.807 |             -0.555 |              0.038 |             0.0137 |               3.28 |
                520 |             -0.789 |             -0.565 |             0.0389 |             0.0137 |               3.56 |
                530 |             -0.802 |             -0.552 |             0.0453 |             0.0137 |               3.28 |
                540 |             -0.823 |              -0.56 |             0.0399 |             0.0137 |               3.57 |
                550 |             -0.811 |             -0.558 |              0.035 |             0.0137 |               3.56 |
                560 |             -0.818 |             -0.576 |             0.0387 |             0.0137 |                3.3 |
                570 |             -0.793 |             -0.569 |             0.0413 |             0.0137 |               3.56 |
                580 |              -0.79 |             -0.569 |             0.0428 |             0.0137 |               3.29 |
                590 |             -0.789 |             -0.574 |             0.0438 |             0.0137 |               3.56 |
                600 |             -0.794 |             -0.582 |              0.038 |             0.0137 |               3.28 |
                610 |              -0.81 |             -0.559 |             0.0392 |             0.0137 |               3.56 |
                620 |             -0.835 |             -0.559 |             0.0403 |             0.0137 |               3.28 |
                630 |             -0.827 |             -0.551 |             0.0399 |             0.0137 |               3.55 |
                640 |             -0.875 |             -0.532 |             0.0398 |             0.0137 |               3.28 |
                650 |             -0.878 |             -0.514 |              0.042 |             0.0137 |               3.57 |
                660 |             -0.875 |             -0.529 |             0.0439 |             0.0137 |               3.28 |
                670 |             -0.874 |             -0.534 |             0.0406 |             0.0137 |               3.55 |
                680 |              -0.88 |             -0.537 |              0.044 |             0.0137 |               3.55 |
                690 |             -0.846 |             -0.544 |             0.0479 |             0.0137 |               3.28 |
                700 |             -0.845 |             -0.554 |             0.0423 |             0.0137 |               3.55 |
                710 |             -0.854 |             -0.561 |             0.0409 |             0.0137 |               3.28 |
                720 |             -0.835 |             -0.559 |             0.0456 |             0.0137 |               3.55 |
                730 |             -0.811 |             -0.568 |             0.0382 |             0.0137 |               3.27 |
                740 |             -0.764 |             -0.582 |             0.0395 |             0.0137 |               3.56 |
                750 |             -0.729 |             -0.588 |             0.0361 |             0.0137 |               3.27 |
                760 |             -0.679 |               -0.6 |             0.0352 |             0.0137 |               3.55 |
                770 |              -0.66 |             -0.616 |             0.0301 |             0.0137 |               3.28 |
                780 |             -0.612 |             -0.633 |             0.0253 |             0.0137 |               3.56 |
                790 |             -0.548 |             -0.666 |             0.0274 |             0.0137 |               3.28 |
                800 |             -0.556 |             -0.676 |              0.026 |             0.0137 |               3.57 |
                810 |             -0.524 |              -0.66 |             0.0337 |             0.0137 |               3.27 |
                820 |             -0.554 |             -0.666 |             0.0425 |             0.0137 |               3.56 |
                830 |              -0.56 |             -0.671 |             0.0376 |             0.0137 |               3.56 |
                840 |             -0.691 |             -0.615 |             0.0356 |             0.0137 |               3.28 |
                850 |             -0.774 |             -0.576 |             0.0361 |             0.0137 |               3.56 |
                860 |             -0.809 |             -0.561 |             0.0361 |             0.0137 |               3.28 |
                870 |             -0.883 |             -0.534 |             0.0317 |             0.0137 |               3.56 |
                880 |             -0.882 |             -0.514 |             0.0323 |             0.0137 |               3.28 |
                890 |              -0.92 |             -0.507 |             0.0278 |             0.0137 |               3.57 |
                900 |             -0.917 |             -0.517 |             0.0298 |             0.0137 |               3.28 |
                910 |              -0.92 |             -0.521 |             0.0291 |             0.0137 |               3.56 |
                920 |             -0.912 |             -0.513 |             0.0299 |             0.0137 |               3.28 |
                930 |             -0.909 |             -0.523 |              0.035 |             0.0137 |               3.56 |
                940 |             -0.926 |             -0.518 |             0.0292 |             0.0137 |               3.28 |
                950 |             -0.917 |             -0.514 |             0.0317 |             0.0137 |               3.54 |
                960 |             -0.934 |             -0.517 |             0.0342 |             0.0137 |               3.55 |
                970 |             -0.913 |             -0.515 |             0.0331 |             0.0137 |               3.27 |
                980 |             -0.924 |             -0.515 |             0.0317 |             0.0137 |               3.55 |
                990 |             -0.909 |             -0.525 |             0.0386 |             0.0137 |               3.27 |
Training complete: 
   Data path: /work/qgan_v4/data/train/amp-qml_torch-q4-noiseless-REG-aerCPU-rand0.1-seed1 
   Best eval: 0.013742817773317755 
   Total time: 343.06534028053284

Running: /work/qgan_v4/data/train/amp-qml_torch-q4-noiseless-REG-aerCPU-rand0-seed2/config.yaml
Training data file created.
              Epoch |     Generator cost | Discriminator cost |               Eval |          Best eval |               Time |
                  0 |             -0.958 |             -0.206 |             0.0791 |             0.0791 |              0.428 |
                 10 |             -0.961 |             -0.212 |             0.0793 |             0.0788 |               3.29 |
                 20 |             -0.962 |             -0.245 |             0.0797 |             0.0788 |               3.51 |
                 30 |             -0.943 |              -0.29 |             0.0801 |             0.0788 |               3.23 |
                 40 |             -0.951 |             -0.313 |             0.0806 |             0.0788 |                3.5 |
                 50 |             -0.943 |             -0.318 |              0.081 |             0.0788 |               3.24 |
                 60 |             -0.914 |             -0.338 |             0.0806 |             0.0788 |               3.52 |
                 70 |             -0.913 |             -0.402 |             0.0789 |             0.0788 |               3.24 |
                 80 |             -0.865 |             -0.418 |             0.0754 |             0.0754 |               3.52 |
                 90 |             -0.863 |             -0.434 |             0.0697 |             0.0697 |               3.24 |
                100 |             -0.822 |             -0.457 |             0.0623 |             0.0623 |               3.52 |
                110 |             -0.781 |             -0.488 |             0.0552 |             0.0552 |               3.23 |
                120 |              -0.78 |             -0.502 |             0.0502 |             0.0502 |               3.51 |
                130 |             -0.778 |             -0.523 |             0.0462 |             0.0462 |               3.24 |
                140 |             -0.766 |             -0.542 |             0.0422 |             0.0422 |               3.52 |
                150 |             -0.782 |             -0.522 |             0.0377 |             0.0377 |               3.23 |
                160 |             -0.803 |             -0.499 |             0.0297 |             0.0297 |               3.52 |
                170 |             -0.816 |             -0.489 |             0.0206 |             0.0206 |                3.5 |
                180 |             -0.814 |             -0.496 |             0.0144 |             0.0144 |               3.24 |
                190 |             -0.817 |             -0.489 |             0.0111 |             0.0111 |                3.5 |
                200 |             -0.792 |             -0.495 |             0.0102 |             0.0102 |               3.25 |
                210 |             -0.786 |             -0.492 |             0.0126 |             0.0102 |               3.52 |
                220 |             -0.755 |             -0.502 |             0.0162 |             0.0102 |               3.25 |
                230 |             -0.743 |             -0.509 |             0.0211 |             0.0102 |                3.5 |
                240 |             -0.754 |             -0.508 |              0.025 |             0.0102 |               3.24 |
                250 |             -0.745 |             -0.522 |              0.027 |             0.0102 |               3.52 |
                260 |              -0.75 |             -0.516 |             0.0304 |             0.0102 |               3.24 |
                270 |             -0.793 |             -0.523 |             0.0345 |             0.0102 |                3.5 |
                280 |               -0.8 |             -0.535 |             0.0393 |             0.0102 |               3.24 |
                290 |             -0.826 |             -0.535 |             0.0412 |             0.0102 |               3.52 |
                300 |              -0.84 |             -0.523 |             0.0431 |             0.0102 |               3.24 |
                310 |             -0.855 |             -0.527 |             0.0433 |             0.0102 |               3.52 |
                320 |             -0.832 |             -0.552 |             0.0417 |             0.0102 |               3.23 |
                330 |             -0.794 |             -0.554 |             0.0381 |             0.0102 |               3.51 |
                340 |             -0.767 |             -0.578 |             0.0362 |             0.0102 |               3.24 |
                350 |             -0.769 |             -0.561 |             0.0355 |             0.0102 |               3.51 |
                360 |             -0.797 |             -0.559 |             0.0347 |             0.0102 |               3.24 |
                370 |             -0.832 |             -0.554 |             0.0338 |             0.0102 |               3.52 |
                380 |             -0.872 |              -0.54 |             0.0328 |             0.0102 |               3.24 |
                390 |              -0.91 |             -0.522 |             0.0321 |             0.0102 |               3.53 |
                400 |             -0.916 |             -0.518 |             0.0309 |             0.0102 |               3.24 |
                410 |             -0.953 |              -0.53 |             0.0297 |             0.0102 |               3.53 |
                420 |             -0.943 |             -0.512 |             0.0296 |             0.0102 |               3.24 |
                430 |             -0.958 |             -0.512 |             0.0295 |             0.0102 |               3.53 |
                440 |             -0.959 |             -0.501 |             0.0294 |             0.0102 |               3.24 |
                450 |             -0.957 |             -0.504 |              0.029 |             0.0102 |               3.52 |
                460 |             -0.957 |               -0.5 |             0.0285 |             0.0102 |               3.25 |
                470 |             -0.963 |             -0.507 |             0.0281 |             0.0102 |               3.52 |
                480 |             -0.964 |               -0.5 |             0.0275 |             0.0102 |               3.24 |
                490 |             -0.978 |             -0.504 |             0.0271 |             0.0102 |               3.53 |
                500 |             -0.972 |             -0.489 |             0.0266 |             0.0102 |               3.24 |
                510 |             -0.969 |             -0.496 |             0.0262 |             0.0102 |               3.53 |
                520 |              -0.96 |             -0.486 |             0.0259 |             0.0102 |               3.25 |
                530 |             -0.972 |             -0.489 |             0.0261 |             0.0102 |               3.52 |
                540 |             -0.965 |             -0.493 |             0.0263 |             0.0102 |               3.24 |
                550 |             -0.963 |             -0.494 |             0.0268 |             0.0102 |               3.53 |
                560 |             -0.984 |             -0.486 |             0.0272 |             0.0102 |               3.51 |
                570 |              -0.99 |             -0.488 |             0.0276 |             0.0102 |               3.25 |
                580 |             -0.979 |             -0.497 |             0.0281 |             0.0102 |               3.51 |
                590 |             -0.991 |             -0.507 |             0.0286 |             0.0102 |               3.25 |
                600 |             -0.999 |             -0.497 |              0.029 |             0.0102 |               3.52 |
                610 |             -0.985 |              -0.49 |             0.0294 |             0.0102 |               3.25 |
                620 |             -0.981 |             -0.492 |             0.0298 |             0.0102 |               3.51 |
                630 |             -0.969 |             -0.488 |             0.0301 |             0.0102 |               3.25 |
                640 |             -0.979 |             -0.487 |             0.0304 |             0.0102 |               3.51 |
                650 |              -0.98 |             -0.483 |             0.0307 |             0.0102 |               3.24 |
                660 |             -0.984 |             -0.487 |             0.0309 |             0.0102 |               3.52 |
                670 |             -0.993 |               -0.5 |             0.0311 |             0.0102 |               3.25 |
                680 |             -0.991 |             -0.491 |             0.0312 |             0.0102 |               3.51 |
                690 |             -0.984 |             -0.501 |             0.0313 |             0.0102 |               3.24 |
                700 |              -0.97 |               -0.5 |             0.0314 |             0.0102 |               3.52 |
                710 |             -0.971 |             -0.493 |             0.0313 |             0.0102 |               3.25 |
                720 |             -0.981 |             -0.491 |             0.0312 |             0.0102 |               3.51 |
                730 |             -0.982 |             -0.499 |             0.0311 |             0.0102 |               3.24 |
                740 |             -0.974 |             -0.492 |             0.0308 |             0.0102 |               3.52 |
                750 |             -0.971 |             -0.501 |             0.0304 |             0.0102 |               3.25 |
                760 |             -0.981 |             -0.497 |               0.03 |             0.0102 |               3.53 |
                770 |             -0.983 |             -0.489 |             0.0294 |             0.0102 |               3.25 |
                780 |             -0.961 |             -0.493 |             0.0288 |             0.0102 |               3.51 |
                790 |              -0.96 |             -0.487 |             0.0281 |             0.0102 |               3.25 |
                800 |             -0.975 |             -0.497 |             0.0273 |             0.0102 |               3.52 |
                810 |             -0.953 |             -0.502 |             0.0263 |             0.0102 |               3.25 |
                820 |              -0.97 |             -0.496 |             0.0252 |             0.0102 |               3.53 |
                830 |             -0.947 |             -0.499 |             0.0239 |             0.0102 |               3.24 |
                840 |             -0.953 |             -0.506 |             0.0224 |             0.0102 |               3.51 |
                850 |             -0.957 |             -0.501 |             0.0208 |             0.0102 |               3.25 |
                860 |             -0.954 |             -0.502 |             0.0191 |             0.0102 |               3.52 |
                870 |             -0.937 |             -0.494 |             0.0173 |             0.0102 |               3.24 |
                880 |             -0.956 |             -0.499 |             0.0153 |             0.0102 |               3.53 |
                890 |              -0.93 |             -0.508 |             0.0131 |             0.0102 |               3.24 |
                900 |             -0.939 |             -0.504 |             0.0108 |             0.0102 |               3.52 |
                910 |             -0.974 |             -0.495 |            0.00895 |            0.00895 |               3.25 |
                920 |             -0.935 |             -0.485 |            0.00731 |            0.00731 |               3.53 |
                930 |             -0.952 |             -0.501 |            0.00699 |            0.00699 |               3.24 |
                940 |             -0.953 |             -0.502 |             0.0067 |             0.0067 |               3.52 |
                950 |             -0.954 |             -0.504 |            0.00655 |            0.00641 |               3.52 |
                960 |             -0.959 |               -0.5 |            0.00701 |            0.00641 |               3.25 |
                970 |             -0.953 |             -0.488 |            0.00794 |            0.00641 |               3.52 |
                980 |              -0.95 |             -0.492 |            0.00873 |            0.00641 |               3.25 |
                990 |             -0.964 |             -0.502 |            0.00928 |            0.00641 |               3.52 |
Training complete: 
   Data path: /work/qgan_v4/data/train/amp-qml_torch-q4-noiseless-REG-aerCPU-rand0-seed2 
   Best eval: 0.006406557989268389 
   Total time: 338.4668023586273

Running: /work/qgan_v4/data/train/amp-qml_torch-q4-noiseless-REG-aerCPU-rand0.1-seed2/config.yaml
Training data file created.
              Epoch |     Generator cost | Discriminator cost |               Eval |          Best eval |               Time |
                  0 |             -0.957 |             -0.202 |              0.073 |              0.073 |              0.435 |
                 10 |             -0.967 |             -0.212 |             0.0754 |             0.0694 |                3.6 |
                 20 |             -0.967 |             -0.242 |             0.0769 |             0.0694 |               3.29 |
                 30 |              -0.96 |             -0.261 |             0.0738 |             0.0672 |               3.57 |
                 40 |             -0.955 |             -0.301 |             0.0734 |             0.0672 |               3.29 |
                 50 |             -0.953 |             -0.323 |             0.0698 |             0.0672 |               3.58 |
                 60 |             -0.949 |             -0.362 |             0.0669 |             0.0643 |               3.29 |
                 70 |             -0.958 |             -0.366 |             0.0626 |             0.0613 |               3.57 |
                 80 |              -0.95 |             -0.391 |             0.0641 |             0.0571 |               3.29 |
                 90 |             -0.974 |             -0.423 |              0.054 |              0.054 |               3.59 |
                100 |              -0.95 |             -0.421 |             0.0566 |             0.0478 |               3.29 |
                110 |             -0.946 |              -0.46 |             0.0537 |             0.0464 |               3.57 |
                120 |             -0.931 |             -0.466 |             0.0452 |             0.0399 |               3.29 |
                130 |             -0.944 |             -0.474 |             0.0396 |             0.0287 |               3.57 |
                140 |             -0.936 |             -0.479 |             0.0306 |             0.0287 |               3.29 |
                150 |             -0.918 |              -0.49 |             0.0381 |             0.0287 |               3.59 |
                160 |             -0.956 |              -0.49 |             0.0266 |             0.0207 |               3.29 |
                170 |              -0.93 |             -0.495 |             0.0266 |             0.0182 |               3.59 |
                180 |             -0.923 |             -0.498 |             0.0172 |             0.0103 |               3.29 |
                190 |             -0.915 |             -0.519 |             0.0147 |             0.0103 |               3.59 |
                200 |             -0.916 |             -0.525 |              0.012 |            0.00939 |               3.59 |
                210 |             -0.906 |             -0.507 |             0.0214 |            0.00939 |                3.3 |
                220 |             -0.876 |             -0.508 |             0.0195 |            0.00939 |               3.58 |
                230 |             -0.899 |             -0.511 |             0.0191 |            0.00939 |                3.3 |
                240 |             -0.902 |             -0.513 |             0.0291 |            0.00939 |               3.58 |
                250 |             -0.935 |             -0.494 |             0.0305 |            0.00939 |                3.3 |
                260 |             -0.941 |             -0.502 |             0.0297 |            0.00939 |               3.59 |
                270 |             -0.936 |             -0.491 |             0.0294 |            0.00939 |                3.3 |
                280 |             -0.901 |             -0.516 |             0.0319 |            0.00939 |               3.58 |
                290 |             -0.911 |             -0.511 |             0.0339 |            0.00939 |                3.3 |
                300 |             -0.876 |             -0.533 |             0.0295 |            0.00939 |               3.58 |
                310 |             -0.846 |             -0.528 |             0.0303 |            0.00939 |               3.29 |
                320 |             -0.838 |             -0.532 |             0.0341 |            0.00939 |               3.59 |
                330 |             -0.829 |             -0.532 |             0.0287 |            0.00939 |               3.29 |
                340 |             -0.813 |             -0.533 |             0.0244 |            0.00939 |               3.58 |
                350 |             -0.802 |             -0.553 |             0.0414 |            0.00939 |               3.29 |
                360 |             -0.755 |             -0.561 |             0.0242 |            0.00939 |               3.59 |
                370 |               -0.7 |             -0.595 |             0.0258 |            0.00939 |               3.29 |
                380 |             -0.653 |             -0.638 |               0.04 |            0.00939 |               3.57 |
                390 |             -0.605 |             -0.651 |             0.0383 |            0.00939 |               3.29 |
                400 |             -0.626 |             -0.646 |             0.0425 |            0.00939 |               3.59 |
                410 |             -0.674 |             -0.638 |              0.053 |            0.00939 |               3.29 |
                420 |             -0.689 |             -0.619 |             0.0475 |            0.00939 |               3.59 |
                430 |             -0.683 |             -0.624 |             0.0424 |            0.00939 |               3.29 |
                440 |             -0.637 |             -0.655 |              0.037 |            0.00939 |               3.57 |
                450 |             -0.559 |             -0.681 |             0.0337 |            0.00939 |               3.29 |
                460 |             -0.566 |              -0.67 |             0.0402 |            0.00939 |               3.58 |
                470 |             -0.654 |              -0.66 |              0.038 |            0.00939 |               3.29 |
                480 |             -0.708 |             -0.598 |             0.0363 |            0.00939 |               3.58 |
                490 |             -0.789 |             -0.555 |             0.0303 |            0.00939 |               3.58 |
                500 |             -0.806 |             -0.552 |             0.0351 |            0.00939 |                3.3 |
                510 |             -0.825 |             -0.539 |              0.036 |            0.00939 |               3.58 |
                520 |             -0.864 |             -0.537 |             0.0335 |            0.00939 |                3.3 |
                530 |             -0.839 |             -0.561 |             0.0405 |            0.00939 |               3.58 |
                540 |             -0.821 |             -0.561 |             0.0387 |            0.00939 |               3.29 |
                550 |             -0.824 |             -0.557 |             0.0372 |            0.00939 |               3.57 |
                560 |             -0.828 |             -0.554 |             0.0354 |            0.00939 |                3.3 |
                570 |             -0.824 |             -0.549 |             0.0298 |            0.00939 |               3.58 |
                580 |             -0.813 |             -0.555 |             0.0348 |            0.00939 |               3.29 |
                590 |             -0.788 |              -0.54 |             0.0282 |            0.00939 |               3.58 |
                600 |             -0.816 |             -0.545 |              0.019 |            0.00939 |               3.29 |
                610 |             -0.821 |              -0.54 |             0.0242 |            0.00939 |               3.56 |
                620 |             -0.864 |             -0.537 |             0.0208 |            0.00939 |               3.29 |
                630 |             -0.866 |             -0.529 |             0.0224 |            0.00939 |               3.58 |
                640 |             -0.895 |             -0.532 |             0.0202 |            0.00939 |               3.29 |
                650 |             -0.908 |             -0.528 |             0.0241 |            0.00939 |               3.58 |
                660 |             -0.925 |             -0.503 |              0.021 |            0.00939 |               3.28 |
                670 |             -0.934 |             -0.493 |             0.0155 |            0.00939 |               3.57 |
                680 |             -0.925 |              -0.51 |             0.0262 |            0.00939 |               3.29 |
                690 |             -0.942 |             -0.507 |             0.0285 |            0.00939 |               3.59 |
                700 |              -0.94 |             -0.503 |              0.022 |            0.00939 |               3.28 |
                710 |              -0.96 |              -0.51 |             0.0265 |            0.00939 |               3.57 |
                720 |             -0.943 |              -0.51 |             0.0303 |            0.00939 |               3.28 |
                730 |             -0.934 |             -0.509 |             0.0281 |            0.00939 |               3.58 |
                740 |             -0.952 |             -0.511 |             0.0238 |            0.00939 |               3.29 |
                750 |             -0.936 |             -0.511 |             0.0163 |            0.00939 |               3.58 |
                760 |             -0.944 |             -0.513 |             0.0179 |            0.00939 |               3.29 |
                770 |             -0.936 |             -0.501 |             0.0184 |            0.00939 |               3.57 |
                780 |             -0.907 |             -0.509 |             0.0177 |            0.00939 |               3.58 |
                790 |             -0.899 |              -0.51 |             0.0177 |            0.00939 |                3.3 |
                800 |             -0.839 |              -0.53 |             0.0194 |            0.00939 |               3.57 |
                810 |             -0.826 |             -0.534 |             0.0209 |            0.00939 |                3.3 |
                820 |             -0.755 |             -0.546 |             0.0198 |            0.00939 |               3.58 |
                830 |             -0.745 |             -0.541 |             0.0153 |            0.00939 |               3.29 |
                840 |             -0.754 |             -0.504 |              0.021 |            0.00939 |               3.58 |
                850 |             -0.796 |             -0.486 |             0.0218 |            0.00939 |               3.29 |
                860 |             -0.816 |               -0.5 |             0.0224 |            0.00939 |               3.57 |
                870 |             -0.813 |             -0.507 |             0.0174 |            0.00939 |               3.29 |
                880 |             -0.754 |             -0.521 |             0.0206 |            0.00939 |               3.58 |
                890 |             -0.745 |             -0.521 |             0.0177 |            0.00939 |               3.29 |
                900 |             -0.719 |             -0.543 |             0.0189 |            0.00939 |               3.57 |
                910 |             -0.695 |             -0.528 |             0.0117 |            0.00939 |               3.29 |
                920 |             -0.673 |             -0.517 |             0.0192 |            0.00939 |               3.57 |
                930 |             -0.669 |             -0.517 |             0.0309 |            0.00939 |               3.28 |
                940 |             -0.642 |             -0.509 |             0.0271 |            0.00939 |               3.58 |
                950 |             -0.615 |             -0.519 |             0.0269 |            0.00939 |               3.29 |
                960 |             -0.622 |             -0.513 |             0.0294 |            0.00939 |               3.57 |
                970 |             -0.581 |             -0.512 |             0.0293 |            0.00939 |               3.29 |
                980 |             -0.616 |              -0.51 |             0.0244 |            0.00939 |               3.58 |
                990 |              -0.62 |             -0.504 |             0.0224 |            0.00939 |               3.29 |
Training complete: 
   Data path: /work/qgan_v4/data/train/amp-qml_torch-q4-noiseless-REG-aerCPU-rand0.1-seed2 
   Best eval: 0.009388353811201278 
   Total time: 344.15705728530884

Running: /work/qgan_v4/data/train/base-qml_torch-q4-noisy-PSR-aerCPU-rand0-seed0/config.yaml
Training data file created.
              Epoch |     Generator cost | Discriminator cost |               Eval |          Best eval |               Time |
                  0 |             -0.906 |             -0.281 |               4.01 |               4.01 |                274 |
                 10 |              -0.92 |              -0.28 |               3.33 |               3.33 |           2.74e+03 |
                 20 |             -0.941 |             -0.274 |               3.37 |               3.31 |           2.74e+03 |
                 30 |             -0.947 |             -0.268 |               3.12 |               3.12 |           2.75e+03 |
                 40 |             -0.959 |              -0.26 |               2.86 |               2.85 |           2.75e+03 |
                 50 |             -0.972 |             -0.312 |               2.41 |               2.41 |           2.76e+03 |
                 60 |             -0.952 |             -0.329 |               2.03 |               2.03 |           2.76e+03 |
                 70 |             -0.958 |             -0.379 |               1.88 |               1.88 |           2.77e+03 |
                 80 |             -0.935 |             -0.407 |               1.96 |               1.87 |           2.77e+03 |

Interrupter: will stop after the current epoch. Press Ctrl+C again to force quit.
Interrupter: Graceful exit triggered. Breaking loop.
Training complete: 
   Data path: /work/qgan_v4/data/train/base-qml_torch-q4-noisy-PSR-aerCPU-rand0-seed0 
   Best eval: 1.8706848990320968 
   Total time: 23427.19100832939
Interrupter: battery execution stopped.
