Creating config files for run_000:
Configuration file rewritten. Path: /work/qgan/data/train/ang-qml_torch-q8-noiseless-PSR-aerCPU-rand0.1-seed0/config.yaml

Creating config files for run_001:
Configuration file rewritten. Path: /work/qgan/data/train/ang-qml_torch-q8-noiseless-PSR-aerCPU-rand1-seed1/config.yaml

Creating config files for run_002:
Configuration file rewritten. Path: /work/qgan/data/train/amp-qml_torch-q8-noiseless-PSR-aerCPU-rand0.25-seed0/config.yaml

Creating config files for run_003:
Configuration file rewritten. Path: /work/qgan/data/train/amp-qml_torch-q8-noiseless-PSR-aerCPU-rand0-seed2/config.yaml

Creating config files for run_004:
Configuration file rewritten. Path: /work/qgan/data/train/amp-qml_torch-q8-noiseless-SPSA-aerCPU-rand0.5-seed0/config.yaml

Creating config files for run_005:
Configuration file rewritten. Path: /work/qgan/data/train/amp-qml_torch-q8-noiseless-SPSA-aerCPU-rand0.1-seed2/config.yaml

Creating config files for run_006:
Configuration file rewritten. Path: /work/qgan/data/train/amp-qml_torch-q8-noiseless-REG-aerCPU-rand1-seed0/config.yaml

Creating config files for run_007:
Configuration file rewritten. Path: /work/qgan/data/train/amp-qml_torch-q8-noiseless-REG-aerCPU-rand0.25-seed2/config.yaml

Creating config files for run_008:
Configuration file rewritten. Path: /work/qgan/data/train/ang-qml_torch-q4-noiseless-SPSA-aerCPU-rand0-seed1/config.yaml

Creating config files for run_009:
Configuration file rewritten. Path: /work/qgan/data/train/ang-qml_torch-q4-noiseless-SPSA-aerCPU-rand0.5-seed2/config.yaml

Creating config files for run_010:
Configuration file rewritten. Path: /work/qgan/data/train/ang-qml_torch-q4-noiseless-REG-aerCPU-rand0.1-seed1/config.yaml

Creating config files for run_011:
Configuration file rewritten. Path: /work/qgan/data/train/ang-qml_torch-q4-noiseless-REG-aerCPU-rand1-seed2/config.yaml

Creating config files for run_012:
Configuration file rewritten. Path: /work/qgan/data/train/base-qml_torch-q8-noiseless-PSR-aerCPU-rand0.25-seed1/config.yaml

Creating config files for run_013:
Configuration file rewritten. Path: /work/qgan/data/train/base-qml_torch-q4-noiseless-REG-aerCPU-rand0-seed0/config.yaml

Creating config files for run_014:
Configuration file rewritten. Path: /work/qgan/data/train/base-qml_torch-q4-noiseless-REG-aerCPU-rand0.5-seed1/config.yaml

Creating config files for run_015:
Configuration file rewritten. Path: /work/qgan/data/train/amp-qml_torch-q4-noiseless-SPSA-aerCPU-rand0.1-seed0/config.yaml

Creating config files for run_016:
Configuration file rewritten. Path: /work/qgan/data/train/amp-qml_torch-q4-noiseless-SPSA-aerCPU-rand1-seed1/config.yaml

Creating config files for run_017:
Configuration file rewritten. Path: /work/qgan/data/train/base-qml_torch-q4-noisy-PSR-aerCPU-rand0.25-seed0/config.yaml

Creating config files for run_018:
Configuration file rewritten. Path: /work/qgan/data/train/base-qml_torch-q4-noisy-PSR-aerCPU-rand0-seed2/config.yaml

Creating config files for run_019:
Configuration file rewritten. Path: /work/qgan/data/train/ang-qml_torch-q4-noisy-PSR-aerCPU-rand0.5-seed0/config.yaml

Creating config files for run_020:
Configuration file rewritten. Path: /work/qgan/data/train/ang-qml_torch-q4-noisy-PSR-aerCPU-rand0.1-seed2/config.yaml

21 battery configuration files ready.

Running: /work/qgan/data/train/ang-qml_torch-q8-noiseless-PSR-aerCPU-rand0.1-seed0/config.yaml
              Epoch |     Generator cost | Discriminator cost |               Eval |          Best eval |               Time |
Training complete: 
   Data path: /work/qgan/data/train/ang-qml_torch-q8-noiseless-PSR-aerCPU-rand0.1-seed0 
   Best eval: 0.0001751147210597992 
   Total time: 6366.881895780563

Running: /work/qgan/data/train/ang-qml_torch-q8-noiseless-PSR-aerCPU-rand1-seed1/config.yaml
              Epoch |     Generator cost | Discriminator cost |               Eval |          Best eval |               Time |
Training complete: 
   Data path: /work/qgan/data/train/ang-qml_torch-q8-noiseless-PSR-aerCPU-rand1-seed1 
   Best eval: 0.06892124563455582 
   Total time: 3512.474253177643

Running: /work/qgan/data/train/amp-qml_torch-q8-noiseless-PSR-aerCPU-rand0.25-seed0/config.yaml
Training data file created.
              Epoch |     Generator cost | Discriminator cost |               Eval |          Best eval |               Time |
                  0 |             -0.491 |             -0.371 |            0.00275 |            0.00275 |               4.65 |
                 10 |             -0.506 |             -0.369 |              0.003 |            0.00221 |               46.3 |
                 20 |             -0.616 |             -0.447 |            0.00343 |            0.00214 |               47.7 |
                 30 |             -0.701 |             -0.432 |            0.00305 |            0.00199 |                 48 |
                 40 |             -0.649 |             -0.439 |            0.00263 |            0.00199 |               48.1 |
                 50 |             -0.709 |             -0.486 |            0.00296 |            0.00199 |               46.2 |
                 60 |             -0.717 |             -0.453 |            0.00304 |            0.00199 |                 48 |
                 70 |              -0.76 |             -0.489 |            0.00299 |            0.00193 |               47.8 |
                 80 |             -0.752 |             -0.507 |             0.0028 |            0.00193 |                 48 |
                 90 |             -0.748 |             -0.508 |            0.00244 |            0.00193 |               48.3 |
                100 |             -0.717 |             -0.531 |            0.00262 |            0.00193 |                 48 |
                110 |             -0.733 |             -0.551 |            0.00272 |            0.00193 |               47.9 |
                120 |             -0.699 |             -0.526 |            0.00256 |            0.00193 |               48.1 |
                130 |             -0.754 |             -0.535 |            0.00261 |            0.00173 |               46.9 |
                140 |             -0.754 |             -0.544 |            0.00225 |            0.00173 |               46.1 |
                150 |             -0.765 |             -0.522 |            0.00243 |            0.00171 |               47.1 |
                160 |             -0.799 |             -0.532 |            0.00224 |            0.00171 |               47.9 |
                170 |             -0.812 |             -0.517 |            0.00237 |            0.00171 |               48.1 |
                180 |             -0.792 |             -0.515 |            0.00241 |            0.00171 |               48.1 |
                190 |             -0.827 |             -0.528 |            0.00229 |            0.00171 |               48.1 |
                200 |             -0.825 |              -0.52 |            0.00281 |            0.00171 |               47.9 |
                210 |             -0.821 |             -0.515 |            0.00239 |            0.00171 |               47.5 |
                220 |             -0.825 |             -0.528 |            0.00261 |            0.00171 |               47.5 |
                230 |             -0.831 |             -0.545 |            0.00263 |            0.00171 |               47.7 |
                240 |             -0.808 |             -0.555 |             0.0022 |            0.00171 |               47.7 |
                250 |             -0.809 |             -0.553 |            0.00256 |            0.00171 |               47.5 |
                260 |             -0.806 |             -0.565 |            0.00242 |            0.00171 |               47.7 |
                270 |             -0.811 |             -0.552 |            0.00226 |            0.00171 |               47.5 |
                280 |             -0.791 |             -0.565 |             0.0022 |            0.00171 |               47.3 |
                290 |             -0.776 |             -0.576 |            0.00221 |            0.00171 |               47.6 |
                300 |             -0.713 |             -0.575 |            0.00214 |            0.00171 |               47.5 |
                310 |             -0.773 |             -0.593 |            0.00214 |            0.00171 |               47.4 |
                320 |             -0.743 |             -0.596 |              0.002 |            0.00171 |               47.7 |
                330 |             -0.723 |             -0.608 |            0.00199 |            0.00171 |               47.7 |
                340 |             -0.745 |             -0.618 |            0.00207 |            0.00171 |               47.2 |
                350 |             -0.746 |             -0.585 |            0.00234 |            0.00171 |               47.3 |
                360 |             -0.787 |             -0.576 |            0.00226 |            0.00171 |               47.2 |
                370 |             -0.837 |             -0.559 |             0.0019 |            0.00171 |               47.3 |
                380 |              -0.83 |             -0.549 |            0.00211 |            0.00155 |                 47 |
                390 |             -0.832 |             -0.566 |            0.00232 |            0.00155 |               46.9 |
                400 |             -0.788 |             -0.584 |            0.00225 |            0.00155 |                 47 |
                410 |             -0.789 |             -0.555 |            0.00167 |            0.00155 |               46.9 |
                420 |             -0.803 |             -0.579 |            0.00242 |            0.00155 |                 47 |
                430 |             -0.766 |             -0.589 |            0.00197 |            0.00155 |               47.1 |
                440 |             -0.715 |               -0.6 |            0.00203 |            0.00155 |               46.7 |
                450 |             -0.697 |             -0.591 |            0.00228 |            0.00155 |               46.9 |
                460 |             -0.644 |             -0.589 |            0.00175 |             0.0012 |               46.9 |
                470 |              -0.66 |             -0.581 |            0.00152 |             0.0012 |               47.1 |
                480 |             -0.717 |             -0.592 |            0.00178 |             0.0012 |               46.7 |
                490 |             -0.694 |             -0.559 |            0.00188 |             0.0012 |               47.1 |
                500 |             -0.683 |             -0.564 |            0.00205 |             0.0012 |               47.1 |
                510 |             -0.766 |             -0.575 |            0.00182 |             0.0012 |                 47 |
                520 |             -0.762 |             -0.543 |            0.00205 |             0.0012 |               47.1 |
                530 |             -0.752 |             -0.558 |            0.00204 |             0.0012 |                 47 |
                540 |             -0.778 |             -0.593 |            0.00168 |             0.0012 |               46.5 |
                550 |             -0.816 |             -0.605 |            0.00126 |             0.0012 |               47.2 |
                560 |             -0.837 |             -0.581 |            0.00185 |             0.0012 |                 47 |
                570 |             -0.815 |             -0.582 |            0.00209 |             0.0012 |               46.9 |
                580 |             -0.811 |              -0.58 |            0.00202 |             0.0012 |               47.1 |
                590 |             -0.805 |             -0.574 |            0.00213 |             0.0012 |                 47 |
                600 |             -0.782 |             -0.584 |            0.00171 |             0.0012 |               47.1 |
                610 |             -0.853 |             -0.579 |            0.00202 |             0.0012 |               47.2 |
                620 |             -0.784 |             -0.577 |            0.00208 |             0.0012 |               47.1 |
                630 |             -0.818 |              -0.59 |            0.00194 |             0.0012 |               46.2 |
                640 |             -0.844 |             -0.568 |            0.00181 |             0.0012 |               45.2 |
                650 |             -0.845 |             -0.569 |            0.00195 |             0.0012 |               45.1 |
                660 |              -0.84 |             -0.574 |            0.00143 |             0.0012 |               46.5 |
                670 |             -0.872 |             -0.583 |            0.00189 |             0.0012 |                 47 |
                680 |             -0.873 |             -0.549 |            0.00184 |             0.0012 |               46.9 |
                690 |             -0.831 |             -0.568 |            0.00171 |             0.0012 |                 47 |
                700 |             -0.857 |             -0.555 |            0.00185 |            0.00105 |               45.3 |
                710 |             -0.861 |             -0.581 |            0.00167 |            0.00105 |               45.1 |
                720 |             -0.798 |             -0.571 |            0.00233 |            0.00105 |               45.3 |
                730 |             -0.845 |             -0.596 |            0.00187 |           0.000958 |               47.2 |
                740 |             -0.873 |             -0.536 |             0.0017 |           0.000958 |               46.9 |
                750 |             -0.856 |             -0.536 |            0.00172 |           0.000958 |               46.9 |
                760 |             -0.867 |             -0.558 |            0.00181 |           0.000958 |               45.7 |
                770 |             -0.842 |             -0.536 |            0.00167 |           0.000958 |               44.9 |
                780 |             -0.899 |              -0.55 |            0.00181 |           0.000958 |                 45 |
                790 |             -0.886 |             -0.549 |            0.00175 |           0.000958 |               46.4 |
                800 |             -0.801 |             -0.549 |            0.00105 |           0.000958 |               46.9 |
                810 |             -0.864 |             -0.547 |            0.00218 |           0.000958 |               47.2 |
                820 |             -0.841 |              -0.56 |            0.00131 |           0.000958 |               45.4 |
                830 |             -0.829 |             -0.546 |             0.0019 |           0.000958 |               45.2 |
                840 |             -0.853 |             -0.542 |             0.0018 |           0.000958 |               45.2 |
                850 |             -0.887 |             -0.581 |            0.00148 |           0.000958 |               45.1 |
                860 |             -0.902 |             -0.524 |            0.00142 |           0.000958 |               45.2 |
                870 |             -0.819 |             -0.545 |            0.00221 |           0.000958 |               46.2 |
                880 |             -0.836 |             -0.546 |            0.00152 |           0.000958 |               46.9 |
                890 |             -0.825 |             -0.577 |            0.00133 |           0.000958 |               46.2 |
                900 |             -0.834 |             -0.539 |            0.00125 |           0.000958 |               45.2 |
                910 |             -0.826 |             -0.546 |            0.00127 |           0.000958 |               46.8 |
                920 |             -0.844 |             -0.538 |            0.00146 |           0.000958 |               47.2 |
                930 |              -0.86 |             -0.552 |            0.00156 |           0.000958 |               47.1 |
                940 |              -0.83 |             -0.571 |            0.00194 |           0.000958 |               46.8 |
                950 |             -0.888 |             -0.581 |            0.00222 |           0.000958 |               47.1 |
                960 |             -0.882 |             -0.566 |            0.00182 |           0.000958 |                 47 |
                970 |             -0.882 |             -0.543 |            0.00203 |           0.000958 |               46.9 |
                980 |             -0.885 |             -0.583 |            0.00119 |           0.000958 |               47.1 |
                990 |             -0.916 |             -0.572 |            0.00132 |           0.000958 |               47.1 |
Training complete: 
   Data path: /work/qgan/data/train/amp-qml_torch-q8-noiseless-PSR-aerCPU-rand0.25-seed0 
   Best eval: 0.0009577225512454558 
   Total time: 4691.473228216171

Running: /work/qgan/data/train/amp-qml_torch-q8-noiseless-PSR-aerCPU-rand0-seed2/config.yaml
              Epoch |     Generator cost | Discriminator cost |               Eval |          Best eval |               Time |
Training complete: 
   Data path: /work/qgan/data/train/amp-qml_torch-q8-noiseless-PSR-aerCPU-rand0-seed2 
   Best eval: 0.0010223812058332497 
   Total time: 4444.217262029648

Running: /work/qgan/data/train/amp-qml_torch-q8-noiseless-SPSA-aerCPU-rand0.5-seed0/config.yaml
Training data file created.
              Epoch |     Generator cost | Discriminator cost |               Eval |          Best eval |               Time |
                  0 |             -0.394 |             -0.452 |            0.00298 |            0.00298 |              0.164 |
                 10 |             -0.413 |             -0.478 |            0.00339 |            0.00206 |                1.6 |
                 20 |             -0.397 |             -0.471 |            0.00211 |            0.00206 |                1.6 |
                 30 |             -0.496 |             -0.451 |            0.00255 |            0.00206 |                1.6 |
                 40 |             -0.411 |             -0.501 |            0.00305 |            0.00206 |                1.6 |
                 50 |             -0.495 |             -0.403 |            0.00268 |            0.00182 |                1.6 |
                 60 |             -0.459 |             -0.458 |            0.00329 |            0.00182 |               1.61 |
                 70 |             -0.509 |             -0.422 |            0.00314 |            0.00182 |               1.61 |
                 80 |             -0.572 |             -0.425 |            0.00381 |            0.00182 |               1.61 |
                 90 |             -0.545 |             -0.461 |            0.00332 |            0.00182 |                1.6 |
                100 |             -0.533 |             -0.485 |            0.00273 |            0.00182 |               1.61 |
                110 |             -0.612 |             -0.405 |            0.00255 |            0.00182 |               1.61 |
                120 |             -0.615 |             -0.464 |            0.00203 |            0.00182 |               1.61 |
                130 |             -0.478 |             -0.418 |            0.00294 |            0.00182 |               1.61 |
                140 |             -0.659 |             -0.503 |            0.00204 |            0.00182 |               1.61 |
                150 |             -0.602 |             -0.503 |            0.00351 |            0.00182 |               1.61 |
                160 |             -0.726 |             -0.442 |            0.00336 |            0.00182 |               1.61 |
                170 |             -0.549 |             -0.527 |            0.00301 |            0.00182 |               1.61 |
                180 |             -0.666 |              -0.53 |            0.00306 |            0.00182 |               1.61 |
                190 |             -0.653 |             -0.452 |            0.00293 |            0.00182 |               1.61 |
                200 |             -0.759 |             -0.426 |             0.0037 |            0.00182 |                1.6 |
                210 |             -0.766 |             -0.554 |             0.0026 |            0.00173 |                1.6 |
                220 |             -0.795 |             -0.493 |            0.00344 |            0.00173 |               1.62 |
                230 |             -0.753 |             -0.515 |            0.00286 |            0.00173 |               1.61 |
                240 |              -0.56 |             -0.532 |            0.00282 |            0.00173 |               1.61 |
                250 |             -0.659 |             -0.529 |            0.00313 |            0.00173 |                1.6 |
                260 |             -0.849 |             -0.515 |            0.00304 |            0.00173 |               1.61 |
                270 |             -0.811 |             -0.498 |            0.00318 |            0.00173 |               1.61 |
                280 |             -0.652 |             -0.478 |            0.00312 |            0.00173 |               1.61 |
                290 |             -0.677 |             -0.537 |            0.00376 |            0.00173 |               1.61 |
                300 |             -0.728 |             -0.535 |            0.00386 |            0.00147 |                1.6 |
                310 |             -0.861 |             -0.494 |             0.0034 |            0.00147 |               1.61 |
                320 |             -0.753 |             -0.551 |            0.00308 |            0.00147 |               1.61 |
                330 |             -0.706 |             -0.489 |            0.00312 |            0.00147 |               1.61 |
                340 |             -0.862 |             -0.508 |            0.00386 |            0.00147 |               1.61 |
                350 |             -0.878 |             -0.613 |            0.00258 |            0.00147 |               1.62 |
                360 |             -0.603 |              -0.49 |            0.00298 |            0.00147 |               1.61 |
                370 |              -0.76 |             -0.515 |            0.00358 |            0.00147 |               1.61 |
                380 |             -0.653 |             -0.533 |            0.00314 |            0.00147 |               1.61 |
                390 |             -0.891 |             -0.573 |            0.00256 |            0.00147 |               1.61 |
                400 |             -0.828 |             -0.558 |            0.00281 |            0.00147 |               1.62 |
                410 |             -0.808 |             -0.565 |            0.00358 |            0.00147 |               1.62 |
                420 |             -0.778 |             -0.684 |            0.00339 |            0.00147 |               1.61 |
                430 |             -0.855 |             -0.554 |             0.0038 |            0.00147 |               1.61 |
                440 |             -0.797 |             -0.634 |            0.00378 |            0.00147 |               1.61 |
                450 |             -0.758 |             -0.642 |             0.0026 |            0.00147 |               1.62 |
                460 |             -0.638 |             -0.577 |            0.00372 |            0.00147 |               1.61 |
                470 |             -0.788 |             -0.622 |             0.0038 |            0.00147 |               1.61 |
                480 |             -0.828 |             -0.511 |             0.0037 |            0.00147 |               1.62 |
                490 |             -0.805 |             -0.551 |            0.00312 |            0.00147 |               1.62 |
                500 |             -0.742 |             -0.604 |            0.00302 |            0.00147 |               1.62 |
                510 |             -0.838 |              -0.56 |            0.00309 |            0.00147 |               1.62 |
                520 |             -0.811 |             -0.607 |            0.00319 |            0.00147 |               1.62 |
                530 |              -0.68 |             -0.561 |            0.00362 |            0.00147 |               1.62 |
                540 |             -0.736 |             -0.586 |            0.00325 |            0.00147 |               1.62 |
                550 |             -0.765 |             -0.606 |            0.00316 |            0.00147 |               1.62 |
                560 |             -0.845 |             -0.595 |            0.00359 |            0.00147 |               1.62 |
                570 |             -0.824 |             -0.582 |            0.00306 |            0.00147 |               1.61 |
                580 |             -0.746 |              -0.61 |            0.00374 |            0.00147 |               1.62 |
                590 |             -0.918 |             -0.588 |            0.00329 |            0.00147 |               1.62 |
                600 |              -0.81 |             -0.572 |            0.00335 |            0.00147 |               1.62 |
                610 |             -0.702 |             -0.562 |            0.00312 |            0.00147 |               1.62 |
                620 |             -0.821 |             -0.547 |            0.00303 |            0.00147 |               1.62 |
                630 |             -0.772 |             -0.563 |            0.00372 |            0.00147 |               1.62 |
                640 |             -0.745 |             -0.633 |            0.00378 |            0.00147 |               1.62 |
                650 |             -0.692 |             -0.594 |            0.00342 |            0.00147 |               1.62 |
                660 |             -0.703 |             -0.579 |            0.00229 |            0.00147 |               1.62 |
                670 |             -0.843 |             -0.565 |            0.00347 |            0.00147 |               1.62 |
                680 |             -0.856 |             -0.555 |            0.00315 |            0.00147 |               1.62 |
                690 |             -0.743 |             -0.573 |            0.00306 |            0.00147 |               1.62 |
                700 |             -0.914 |             -0.585 |            0.00361 |            0.00147 |               1.62 |
                710 |             -0.812 |             -0.567 |            0.00239 |            0.00147 |               1.62 |
                720 |             -0.729 |             -0.587 |            0.00329 |            0.00147 |               1.62 |
                730 |             -0.735 |               -0.6 |            0.00337 |            0.00147 |               1.62 |
                740 |             -0.664 |               -0.6 |             0.0036 |            0.00147 |               1.62 |
                750 |             -0.888 |             -0.609 |            0.00316 |            0.00147 |               1.62 |
                760 |             -0.711 |             -0.582 |            0.00365 |            0.00147 |               1.62 |
                770 |             -0.847 |              -0.57 |            0.00322 |            0.00147 |               1.62 |
                780 |             -0.804 |             -0.585 |            0.00239 |            0.00147 |               1.62 |
                790 |             -0.749 |             -0.536 |            0.00353 |            0.00147 |               1.62 |
                800 |             -0.628 |             -0.626 |            0.00271 |            0.00147 |               1.62 |
                810 |             -0.811 |             -0.561 |             0.0036 |            0.00147 |               1.62 |
                820 |              -0.58 |             -0.599 |            0.00293 |            0.00147 |               1.62 |
                830 |             -0.699 |              -0.53 |            0.00234 |            0.00147 |               1.62 |
                840 |             -0.808 |              -0.63 |            0.00346 |            0.00147 |               1.62 |
                850 |              -0.76 |             -0.586 |            0.00241 |            0.00147 |               1.62 |
                860 |             -0.925 |             -0.564 |            0.00269 |            0.00147 |               1.62 |
                870 |             -0.724 |             -0.573 |             0.0032 |            0.00147 |               1.62 |
                880 |             -0.913 |             -0.553 |            0.00291 |            0.00147 |               1.62 |
                890 |             -0.727 |               -0.6 |            0.00313 |            0.00147 |               1.62 |
                900 |             -0.853 |             -0.548 |            0.00234 |            0.00147 |               1.62 |
                910 |             -0.754 |             -0.578 |            0.00314 |            0.00147 |               1.62 |
                920 |             -0.681 |             -0.578 |            0.00258 |            0.00147 |               1.61 |
                930 |             -0.813 |             -0.562 |            0.00376 |            0.00147 |               1.62 |
                940 |             -0.888 |             -0.605 |            0.00308 |            0.00147 |               1.62 |
                950 |              -0.75 |             -0.626 |            0.00313 |            0.00147 |               1.62 |
                960 |             -0.789 |             -0.603 |            0.00329 |            0.00147 |               1.62 |
                970 |             -0.819 |             -0.547 |             0.0023 |            0.00147 |               1.62 |
                980 |             -0.801 |             -0.626 |            0.00273 |            0.00147 |               1.62 |
                990 |             -0.851 |             -0.571 |            0.00259 |            0.00147 |               1.62 |
Training complete: 
   Data path: /work/qgan/data/train/amp-qml_torch-q8-noiseless-SPSA-aerCPU-rand0.5-seed0 
   Best eval: 0.001466939194335915 
   Total time: 161.47569179534912

Running: /work/qgan/data/train/amp-qml_torch-q8-noiseless-SPSA-aerCPU-rand0.1-seed2/config.yaml
              Epoch |     Generator cost | Discriminator cost |               Eval |          Best eval |               Time |
Training complete: 
   Data path: /work/qgan/data/train/amp-qml_torch-q8-noiseless-SPSA-aerCPU-rand0.1-seed2 
   Best eval: 0.003421265577665863 
   Total time: 151.8673198223114

Running: /work/qgan/data/train/amp-qml_torch-q8-noiseless-REG-aerCPU-rand1-seed0/config.yaml
Training data file created.
              Epoch |     Generator cost | Discriminator cost |               Eval |          Best eval |               Time |
                  0 |             -0.506 |             -0.433 |              0.003 |              0.003 |               14.1 |
                 10 |             -0.543 |             -0.461 |            0.00337 |            0.00248 |               91.8 |
                 20 |             -0.515 |             -0.516 |            0.00369 |            0.00248 |               90.2 |
                 30 |             -0.505 |             -0.499 |            0.00335 |            0.00247 |               93.7 |
                 40 |             -0.512 |             -0.554 |            0.00328 |            0.00247 |                 95 |
                 50 |             -0.571 |             -0.544 |            0.00316 |            0.00224 |               94.6 |
                 60 |             -0.536 |             -0.614 |            0.00234 |            0.00224 |               95.4 |
                 70 |             -0.543 |             -0.573 |            0.00255 |            0.00224 |                 95 |
                 80 |             -0.429 |             -0.602 |            0.00319 |            0.00224 |               93.6 |
                 90 |             -0.564 |             -0.596 |            0.00354 |            0.00217 |               93.3 |
                100 |             -0.519 |             -0.659 |            0.00281 |            0.00217 |               93.5 |
                110 |             -0.276 |             -0.575 |             0.0033 |            0.00217 |               94.5 |
                120 |             -0.585 |             -0.742 |             0.0031 |            0.00214 |                 93 |
                130 |             -0.753 |             -0.683 |            0.00362 |            0.00214 |               94.5 |
                140 |             -0.607 |             -0.771 |            0.00304 |            0.00203 |               94.1 |
                150 |              -0.28 |             -0.721 |            0.00312 |            0.00203 |                 93 |
                160 |             -0.493 |             -0.819 |             0.0025 |            0.00203 |               96.7 |
                170 |             -0.514 |             -0.785 |            0.00285 |            0.00181 |               96.1 |
                180 |             -0.481 |             -0.825 |            0.00297 |            0.00181 |                 94 |
                190 |             -0.705 |             -0.774 |            0.00347 |            0.00181 |               94.3 |
                200 |             -0.691 |             -0.718 |            0.00286 |            0.00181 |               95.3 |
                210 |              -0.28 |             -0.797 |            0.00325 |            0.00181 |               94.9 |
                220 |             -0.805 |             -0.633 |             0.0028 |            0.00181 |               95.3 |
                230 |             -0.737 |             -0.709 |            0.00301 |            0.00181 |               93.9 |
                240 |             -0.733 |             -0.673 |            0.00269 |            0.00181 |               94.2 |
                250 |             -0.353 |             -0.535 |            0.00334 |            0.00181 |               94.5 |
                260 |             -0.361 |             -0.736 |            0.00318 |            0.00181 |               95.4 |
                270 |             -0.494 |             -0.667 |            0.00277 |            0.00181 |               95.1 |
                280 |             -0.176 |             -0.695 |            0.00249 |            0.00181 |               95.3 |
                290 |             -0.327 |             -0.805 |            0.00355 |            0.00181 |               95.1 |
                300 |             -0.283 |             -0.832 |            0.00373 |            0.00181 |               95.5 |
                310 |             -0.447 |             -0.774 |             0.0024 |            0.00181 |               93.9 |
                320 |               -0.6 |             -0.873 |            0.00334 |            0.00181 |               94.9 |
                330 |             -0.536 |             -0.555 |            0.00324 |            0.00181 |               94.1 |
                340 |             -0.574 |             -0.915 |            0.00308 |            0.00181 |               94.6 |
                350 |             -0.432 |             -0.914 |            0.00369 |            0.00181 |               93.2 |
                360 |             -0.596 |             -0.573 |            0.00337 |            0.00181 |               95.6 |
                370 |             -0.254 |             -0.737 |            0.00238 |            0.00181 |               95.7 |
                380 |             -0.457 |             -0.848 |             0.0034 |            0.00181 |               95.4 |
                390 |             -0.773 |             -0.639 |            0.00318 |            0.00181 |               94.8 |
                400 |             -0.379 |             -0.717 |            0.00261 |            0.00181 |               95.9 |
                410 |              -0.59 |             -0.872 |            0.00344 |            0.00181 |               95.1 |
                420 |              -0.43 |             -0.728 |            0.00298 |            0.00181 |                 95 |
                430 |             -0.287 |             -0.619 |            0.00306 |            0.00181 |               95.2 |
                440 |             -0.345 |             -0.682 |            0.00326 |            0.00181 |               95.7 |
                450 |             -0.504 |             -0.634 |            0.00296 |            0.00181 |               96.6 |
                460 |             -0.787 |             -0.672 |            0.00206 |            0.00181 |                 96 |
                470 |             -0.566 |             -0.719 |            0.00319 |            0.00181 |               95.6 |
                480 |             -0.406 |             -0.709 |            0.00266 |            0.00106 |               96.8 |
                490 |             -0.585 |             -0.707 |            0.00237 |            0.00106 |               94.8 |
                500 |             -0.739 |             -0.882 |            0.00262 |            0.00106 |                 95 |
                510 |             -0.443 |             -0.659 |            0.00303 |            0.00106 |               94.7 |
                520 |             -0.334 |             -0.859 |            0.00305 |            0.00106 |               95.7 |
                530 |             -0.707 |             -0.734 |            0.00343 |            0.00106 |               96.3 |
                540 |             -0.753 |             -0.897 |             0.0035 |            0.00106 |                 96 |
                550 |             -0.605 |             -0.785 |            0.00283 |            0.00106 |               94.8 |
                560 |             -0.483 |             -0.786 |            0.00341 |            0.00106 |               95.4 |
                570 |             -0.672 |             -0.681 |            0.00347 |            0.00106 |               95.1 |
                580 |             -0.294 |              -0.81 |            0.00304 |            0.00106 |               95.1 |
                590 |             -0.565 |              -0.74 |            0.00357 |            0.00106 |               95.3 |
                600 |             -0.494 |             -0.754 |            0.00306 |            0.00106 |               94.8 |
                610 |             -0.374 |             -0.814 |            0.00315 |            0.00106 |               95.7 |
                620 |             -0.315 |             -0.812 |            0.00348 |            0.00106 |                 95 |
                630 |             -0.778 |              -0.63 |            0.00275 |            0.00106 |               96.4 |
                640 |             -0.603 |             -0.688 |            0.00336 |            0.00106 |               95.5 |
                650 |             -0.476 |             -0.563 |            0.00327 |            0.00106 |               94.7 |
                660 |              -0.62 |             -0.862 |            0.00341 |            0.00106 |               95.3 |
                670 |             -0.507 |             -0.636 |            0.00308 |            0.00106 |               94.5 |
                680 |             -0.567 |             -0.707 |            0.00366 |            0.00106 |               95.6 |
                690 |             -0.805 |             -0.847 |             0.0029 |            0.00106 |               95.3 |
                700 |             -0.631 |             -0.623 |            0.00315 |            0.00106 |               94.3 |
                710 |             -0.292 |             -0.806 |            0.00302 |            0.00106 |               95.4 |
                720 |             -0.681 |             -0.848 |            0.00341 |            0.00106 |                 95 |
                730 |             -0.456 |             -0.761 |            0.00274 |            0.00106 |                 97 |
                740 |             -0.579 |             -0.605 |            0.00286 |            0.00106 |               94.6 |
                750 |             -0.375 |             -0.629 |            0.00349 |            0.00106 |               94.8 |
                760 |              -0.53 |             -0.784 |            0.00344 |            0.00106 |               94.7 |
                770 |             -0.816 |             -0.631 |            0.00264 |            0.00106 |               95.3 |
                780 |             -0.389 |              -0.72 |            0.00373 |            0.00106 |               95.8 |
                790 |             -0.556 |             -0.652 |            0.00274 |            0.00106 |               96.6 |
                800 |             -0.724 |              -0.57 |            0.00314 |            0.00106 |                 96 |
                810 |             -0.281 |             -0.717 |            0.00338 |            0.00106 |               95.9 |
                820 |             -0.692 |             -0.636 |            0.00333 |            0.00106 |               94.7 |
                830 |             -0.625 |             -0.847 |            0.00324 |            0.00106 |               96.8 |
                840 |             -0.559 |             -0.722 |            0.00245 |            0.00106 |               95.2 |
                850 |               -0.6 |             -0.698 |            0.00314 |            0.00106 |                 95 |
                860 |             -0.425 |              -0.85 |            0.00178 |            0.00106 |                 96 |
                870 |              -0.48 |             -0.731 |             0.0026 |            0.00106 |                 96 |
                880 |             -0.145 |             -0.802 |            0.00349 |            0.00106 |               95.6 |
                890 |              -0.52 |             -0.663 |            0.00299 |            0.00106 |               94.7 |
                900 |              -0.55 |             -0.913 |            0.00366 |            0.00106 |               96.5 |
                910 |             -0.431 |             -0.745 |            0.00298 |            0.00106 |               94.7 |
                920 |             -0.588 |             -0.864 |            0.00303 |            0.00106 |               96.5 |
                930 |             -0.617 |             -0.733 |            0.00363 |            0.00106 |                 96 |
                940 |             -0.742 |             -0.733 |             0.0024 |            0.00106 |               95.1 |
                950 |             -0.642 |             -0.772 |            0.00294 |            0.00106 |               95.6 |
                960 |             -0.537 |             -0.744 |            0.00362 |            0.00106 |               96.3 |
                970 |             -0.413 |             -0.806 |            0.00347 |            0.00106 |               96.8 |
                980 |             -0.678 |             -0.795 |            0.00324 |            0.00106 |               97.5 |
                990 |             -0.536 |              -0.64 |             0.0036 |            0.00106 |               96.6 |
Training complete: 
   Data path: /work/qgan/data/train/amp-qml_torch-q8-noiseless-REG-aerCPU-rand1-seed0 
   Best eval: 0.0010577225574884617 
   Total time: 9520.051072120667

Running: /work/qgan/data/train/amp-qml_torch-q8-noiseless-REG-aerCPU-rand0.25-seed2/config.yaml
Training data file created.
              Epoch |     Generator cost | Discriminator cost |               Eval |          Best eval |               Time |
                  0 |             -0.763 |             -0.325 |            0.00317 |            0.00317 |               14.5 |
                 10 |             -0.791 |             -0.345 |            0.00393 |            0.00297 |               97.7 |
                 20 |             -0.768 |              -0.36 |            0.00341 |            0.00297 |               93.7 |
                 30 |             -0.779 |             -0.384 |            0.00338 |            0.00268 |               93.5 |
                 40 |             -0.878 |             -0.421 |            0.00367 |            0.00268 |               93.9 |
                 50 |             -0.818 |             -0.452 |             0.0038 |            0.00268 |               94.3 |
                 60 |             -0.788 |              -0.44 |            0.00296 |            0.00268 |               93.7 |
                 70 |             -0.751 |             -0.483 |            0.00281 |            0.00259 |               93.6 |
                 80 |             -0.747 |             -0.494 |            0.00309 |            0.00234 |               93.3 |
                 90 |             -0.746 |             -0.519 |            0.00372 |            0.00234 |               94.3 |
                100 |             -0.739 |             -0.523 |            0.00292 |            0.00234 |                 95 |
                110 |              -0.74 |              -0.53 |            0.00255 |            0.00234 |               95.3 |
                120 |             -0.752 |             -0.563 |            0.00269 |            0.00225 |               95.8 |
                130 |             -0.749 |             -0.539 |            0.00289 |            0.00225 |               95.6 |
                140 |             -0.697 |             -0.573 |            0.00266 |            0.00225 |               94.8 |
                150 |             -0.722 |             -0.575 |            0.00269 |            0.00206 |               95.2 |
                160 |             -0.724 |             -0.559 |            0.00284 |            0.00203 |               95.7 |
                170 |             -0.718 |             -0.563 |            0.00233 |            0.00203 |               94.3 |
                180 |              -0.75 |             -0.562 |            0.00262 |            0.00203 |               95.1 |
                190 |             -0.741 |             -0.567 |            0.00249 |            0.00203 |               95.1 |
                200 |             -0.777 |              -0.56 |            0.00269 |            0.00203 |               93.8 |
                210 |             -0.767 |             -0.599 |            0.00264 |            0.00203 |               93.5 |
                220 |             -0.771 |             -0.587 |            0.00251 |            0.00203 |               94.9 |
                230 |             -0.754 |             -0.576 |            0.00252 |            0.00203 |               93.6 |
                240 |             -0.744 |             -0.592 |            0.00264 |            0.00203 |               94.1 |
                250 |             -0.721 |             -0.603 |            0.00262 |            0.00203 |               93.6 |
                260 |             -0.706 |             -0.606 |            0.00258 |            0.00203 |               93.9 |
                270 |             -0.725 |             -0.594 |            0.00272 |            0.00203 |               94.3 |
                280 |             -0.689 |             -0.628 |            0.00264 |            0.00203 |               93.5 |
                290 |               -0.7 |             -0.631 |            0.00232 |            0.00203 |               94.1 |
                300 |             -0.763 |             -0.602 |            0.00277 |            0.00203 |               93.6 |
                310 |             -0.748 |             -0.631 |            0.00279 |            0.00203 |                 93 |
                320 |              -0.73 |             -0.586 |             0.0023 |            0.00203 |               93.3 |
                330 |             -0.753 |             -0.611 |            0.00244 |            0.00197 |                 93 |
                340 |             -0.789 |              -0.61 |            0.00224 |            0.00197 |               92.7 |
                350 |             -0.739 |             -0.587 |             0.0024 |            0.00197 |               92.9 |
                360 |             -0.772 |             -0.621 |            0.00238 |            0.00197 |               92.2 |
                370 |             -0.785 |             -0.599 |            0.00212 |            0.00186 |                 93 |
                380 |              -0.76 |             -0.617 |            0.00241 |            0.00186 |               92.9 |
                390 |             -0.696 |             -0.608 |            0.00237 |            0.00186 |               92.7 |
                400 |             -0.689 |             -0.629 |            0.00278 |            0.00186 |               91.9 |
                410 |             -0.616 |              -0.64 |            0.00253 |            0.00186 |               92.4 |
                420 |              -0.61 |             -0.652 |            0.00233 |            0.00186 |               92.1 |
                430 |             -0.631 |             -0.641 |            0.00207 |            0.00173 |               93.3 |
                440 |             -0.622 |             -0.624 |            0.00225 |            0.00173 |               93.7 |
                450 |             -0.695 |             -0.625 |            0.00243 |            0.00173 |               92.1 |
                460 |             -0.708 |               -0.6 |            0.00239 |            0.00173 |               93.6 |
                470 |             -0.748 |             -0.626 |            0.00221 |            0.00173 |               92.4 |
                480 |             -0.716 |             -0.582 |            0.00288 |            0.00163 |                 89 |
                490 |             -0.813 |             -0.594 |            0.00222 |            0.00163 |               87.8 |
                500 |             -0.733 |             -0.609 |            0.00176 |            0.00163 |               87.5 |
                510 |             -0.757 |             -0.602 |            0.00249 |            0.00163 |               87.6 |
                520 |             -0.739 |             -0.605 |            0.00236 |            0.00163 |               86.6 |
                530 |              -0.79 |             -0.595 |             0.0022 |            0.00163 |               87.4 |
                540 |             -0.718 |             -0.606 |            0.00195 |            0.00163 |               88.1 |
                550 |               -0.7 |             -0.623 |              0.002 |            0.00163 |               92.9 |
                560 |             -0.684 |             -0.611 |            0.00232 |            0.00163 |               93.9 |
                570 |             -0.638 |             -0.601 |            0.00242 |            0.00163 |               94.1 |
                580 |             -0.565 |              -0.61 |            0.00245 |            0.00163 |               94.2 |
                590 |             -0.487 |               -0.6 |            0.00219 |            0.00163 |               93.4 |
                600 |             -0.569 |             -0.589 |            0.00193 |            0.00163 |                 90 |
                610 |             -0.604 |             -0.569 |            0.00192 |            0.00163 |               88.1 |
                620 |             -0.656 |             -0.591 |             0.0022 |            0.00151 |               87.5 |
                630 |             -0.682 |              -0.57 |            0.00194 |            0.00142 |               88.3 |
                640 |             -0.688 |             -0.599 |            0.00183 |            0.00139 |               90.9 |
                650 |              -0.71 |             -0.629 |            0.00218 |            0.00138 |                 93 |
                660 |              -0.64 |             -0.645 |            0.00169 |            0.00134 |               92.7 |
                670 |             -0.596 |             -0.668 |            0.00155 |            0.00134 |               91.9 |
                680 |             -0.687 |             -0.625 |            0.00149 |            0.00134 |               92.2 |
                690 |             -0.772 |             -0.611 |             0.0021 |            0.00134 |               90.9 |
                700 |             -0.817 |              -0.57 |             0.0023 |            0.00134 |                 92 |
                710 |             -0.769 |             -0.561 |            0.00216 |            0.00134 |               92.9 |
                720 |             -0.794 |             -0.547 |            0.00215 |            0.00134 |               91.9 |
                730 |             -0.838 |             -0.564 |            0.00252 |            0.00134 |               92.1 |
                740 |             -0.787 |             -0.575 |            0.00213 |            0.00134 |               92.3 |
                750 |             -0.818 |             -0.596 |            0.00208 |            0.00134 |               91.9 |
                760 |             -0.775 |              -0.57 |            0.00223 |            0.00134 |               91.5 |
                770 |             -0.776 |             -0.584 |             0.0024 |            0.00134 |               91.1 |
                780 |             -0.689 |             -0.606 |            0.00199 |            0.00134 |               87.8 |
                790 |             -0.665 |             -0.599 |             0.0023 |            0.00134 |                 86 |
                800 |              -0.62 |             -0.613 |            0.00176 |            0.00134 |               86.3 |
                810 |             -0.584 |             -0.571 |            0.00263 |            0.00134 |               85.8 |
                820 |             -0.574 |             -0.593 |            0.00233 |            0.00134 |               85.7 |
                830 |              -0.61 |              -0.57 |            0.00243 |            0.00134 |                 86 |
                840 |             -0.603 |             -0.556 |            0.00272 |            0.00134 |               85.8 |
                850 |             -0.625 |             -0.574 |            0.00257 |            0.00134 |               91.3 |
                860 |              -0.67 |             -0.574 |            0.00279 |            0.00134 |               91.1 |
                870 |             -0.667 |             -0.571 |            0.00266 |            0.00134 |               91.4 |
                880 |             -0.688 |             -0.585 |            0.00235 |            0.00134 |               91.1 |
                890 |             -0.689 |             -0.627 |            0.00233 |            0.00134 |               91.2 |
                900 |             -0.694 |             -0.617 |            0.00267 |            0.00134 |               91.3 |
                910 |             -0.708 |             -0.606 |            0.00226 |            0.00134 |                 92 |
                920 |             -0.744 |             -0.607 |            0.00205 |            0.00134 |                 91 |
                930 |             -0.766 |             -0.586 |             0.0023 |            0.00134 |               87.6 |
                940 |             -0.769 |             -0.546 |            0.00237 |            0.00134 |               85.9 |
                950 |             -0.823 |             -0.537 |            0.00226 |            0.00134 |               85.5 |
                960 |             -0.845 |              -0.58 |            0.00227 |            0.00134 |               87.9 |
                970 |             -0.808 |             -0.572 |            0.00198 |            0.00134 |               90.8 |
                980 |             -0.854 |             -0.598 |            0.00251 |            0.00134 |               91.3 |
                990 |             -0.799 |             -0.561 |             0.0023 |            0.00134 |               91.3 |
Training complete: 
   Data path: /work/qgan/data/train/amp-qml_torch-q8-noiseless-REG-aerCPU-rand0.25-seed2 
   Best eval: 0.0013382326202898984 
   Total time: 9184.961198091507

Running: /work/qgan/data/train/ang-qml_torch-q4-noiseless-SPSA-aerCPU-rand0-seed1/config.yaml
              Epoch |     Generator cost | Discriminator cost |               Eval |          Best eval |               Time |
Training complete: 
   Data path: /work/qgan/data/train/ang-qml_torch-q4-noiseless-SPSA-aerCPU-rand0-seed1 
   Best eval: -0.0 
   Total time: 1578.325660943985

Running: /work/qgan/data/train/ang-qml_torch-q4-noiseless-SPSA-aerCPU-rand0.5-seed2/config.yaml
Training data file created.
              Epoch |     Generator cost | Discriminator cost |               Eval |          Best eval |               Time |
                  0 |             -0.442 |             -0.693 |             0.0644 |             0.0644 |              0.717 |
                 10 |             -0.462 |             -0.662 |              0.261 |             0.0644 |               7.42 |
                 20 |             -0.488 |             -0.676 |             0.0558 |             0.0558 |               7.46 |
                 30 |             -0.664 |             -0.675 |                0.2 |             0.0558 |               7.51 |
                 40 |             -0.481 |             -0.646 |              0.113 |             0.0305 |                7.5 |
                 50 |             -0.486 |             -0.686 |              0.204 |             0.0305 |               7.47 |
                 60 |             -0.485 |             -0.699 |             0.0807 |             0.0305 |               7.54 |
                 70 |             -0.494 |             -0.688 |              0.202 |             0.0305 |               7.47 |
                 80 |             -0.587 |             -0.744 |              0.238 |             0.0305 |               7.57 |
                 90 |             -0.443 |             -0.698 |              0.164 |             0.0305 |               7.41 |
                100 |             -0.489 |             -0.683 |              0.234 |             0.0305 |               7.41 |
                110 |             -0.585 |             -0.677 |              0.124 |             0.0305 |                7.4 |
                120 |             -0.537 |             -0.654 |              0.194 |             0.0199 |               7.42 |
                130 |             -0.499 |             -0.673 |              0.107 |             0.0199 |               7.41 |
                140 |             -0.548 |             -0.644 |              0.259 |             0.0199 |               7.48 |
                150 |              -0.54 |             -0.706 |              0.175 |             0.0199 |               7.51 |
                160 |             -0.603 |             -0.655 |              0.139 |             0.0199 |               7.44 |
                170 |             -0.597 |               -0.6 |              0.239 |             0.0199 |               7.42 |
                180 |             -0.562 |             -0.669 |              0.291 |             0.0199 |               7.45 |
                190 |             -0.596 |             -0.651 |              0.302 |             0.0199 |               7.52 |
                200 |             -0.711 |             -0.643 |              0.318 |             0.0199 |               7.51 |
                210 |             -0.601 |             -0.626 |               0.29 |             0.0199 |               7.54 |
                220 |             -0.693 |             -0.704 |              0.249 |             0.0199 |               7.43 |
                230 |             -0.687 |             -0.625 |              0.219 |             0.0199 |               7.45 |
                240 |             -0.596 |             -0.663 |              0.171 |             0.0199 |                7.4 |
                250 |             -0.606 |             -0.687 |              0.192 |             0.0199 |               7.41 |
                260 |             -0.608 |             -0.631 |             0.0777 |             0.0199 |               7.35 |
                270 |             -0.732 |             -0.692 |              0.109 |             0.0199 |               7.43 |
                280 |              -0.69 |             -0.656 |              0.122 |             0.0199 |               7.37 |
                290 |             -0.667 |             -0.661 |              0.137 |             0.0199 |               7.44 |
                300 |             -0.733 |             -0.617 |              0.285 |             0.0199 |               7.36 |
                310 |             -0.654 |             -0.671 |              0.198 |             0.0199 |               7.36 |
                320 |             -0.768 |             -0.624 |              0.206 |             0.0199 |               7.36 |
                330 |             -0.702 |             -0.709 |              0.233 |             0.0199 |               7.34 |
                340 |             -0.593 |              -0.61 |              0.216 |             0.0199 |               7.34 |
                350 |              -0.63 |             -0.615 |              0.133 |             0.0199 |               7.55 |
                360 |             -0.607 |             -0.609 |              0.204 |             0.0199 |               7.51 |
                370 |             -0.767 |             -0.633 |              0.228 |             0.0199 |               7.56 |
                380 |             -0.782 |             -0.595 |              0.309 |             0.0199 |               7.49 |
                390 |             -0.634 |             -0.562 |              0.201 |             0.0199 |                7.4 |
                400 |             -0.772 |             -0.603 |              0.301 |             0.0199 |               7.36 |
                410 |             -0.804 |             -0.624 |              0.306 |             0.0199 |               7.36 |
                420 |             -0.649 |             -0.657 |              0.279 |             0.0199 |               7.41 |
                430 |             -0.784 |             -0.644 |              0.263 |             0.0199 |                7.5 |
                440 |              -0.68 |             -0.631 |              0.361 |             0.0199 |               7.42 |
                450 |             -0.613 |             -0.701 |              0.135 |             0.0199 |               7.44 |
                460 |             -0.759 |             -0.607 |              0.158 |             0.0199 |               7.45 |
                470 |             -0.578 |             -0.645 |              0.132 |             0.0199 |               7.42 |
                480 |             -0.823 |             -0.669 |              0.179 |             0.0199 |                7.4 |
                490 |             -0.767 |             -0.629 |              0.151 |             0.0199 |               7.46 |
                500 |             -0.644 |             -0.574 |              0.226 |             0.0199 |               7.42 |
                510 |             -0.779 |             -0.598 |              0.459 |             0.0199 |               7.44 |
                520 |             -0.562 |             -0.612 |              0.237 |             0.0199 |               7.43 |
                530 |              -0.81 |             -0.611 |              0.142 |             0.0199 |               7.47 |
                540 |             -0.823 |             -0.642 |              0.268 |             0.0199 |               7.45 |
                550 |             -0.672 |             -0.576 |              0.198 |             0.0199 |               7.47 |
                560 |             -0.767 |             -0.584 |              0.308 |             0.0199 |               7.41 |
                570 |             -0.703 |             -0.578 |              0.226 |             0.0199 |               7.46 |
                580 |             -0.761 |             -0.579 |              0.185 |             0.0199 |               7.55 |
                590 |              -0.71 |              -0.62 |                0.3 |             0.0199 |               7.55 |
                600 |             -0.787 |             -0.561 |              0.382 |             0.0199 |               7.55 |
                610 |             -0.833 |             -0.659 |              0.196 |             0.0199 |               7.47 |
                620 |             -0.653 |             -0.614 |               0.11 |             0.0199 |               7.47 |
                630 |             -0.776 |             -0.566 |              0.283 |             0.0199 |               7.38 |
                640 |             -0.646 |             -0.691 |              0.385 |             0.0199 |               7.44 |
                650 |             -0.789 |             -0.672 |              0.311 |             0.0199 |               7.41 |
                660 |             -0.686 |             -0.608 |              0.265 |             0.0199 |                7.4 |
                670 |             -0.723 |             -0.607 |              0.425 |             0.0199 |               7.45 |
                680 |             -0.725 |             -0.614 |              0.316 |             0.0199 |               7.46 |
                690 |              -0.68 |             -0.655 |                0.4 |             0.0199 |               7.45 |
                700 |             -0.835 |             -0.618 |               0.19 |             0.0199 |               7.46 |
                710 |             -0.613 |             -0.549 |              0.361 |             0.0199 |               7.49 |
                720 |             -0.594 |             -0.575 |              0.222 |             0.0199 |               7.42 |
                730 |             -0.685 |             -0.624 |              0.213 |             0.0199 |               7.46 |
                740 |             -0.742 |             -0.601 |               0.23 |             0.0199 |               7.45 |
                750 |             -0.732 |             -0.648 |             0.0575 |             0.0199 |               7.44 |
                760 |             -0.712 |             -0.571 |              0.239 |             0.0199 |               7.45 |
                770 |              -0.73 |             -0.613 |              0.255 |             0.0199 |               7.49 |
                780 |              -0.71 |             -0.627 |              0.364 |             0.0199 |               7.48 |
                790 |             -0.608 |             -0.552 |              0.103 |             0.0199 |               7.44 |
                800 |             -0.666 |             -0.556 |              0.414 |             0.0199 |               7.49 |
                810 |             -0.775 |             -0.585 |              0.244 |             0.0199 |               7.53 |
                820 |              -0.82 |             -0.548 |              0.214 |             0.0199 |               7.49 |
                830 |             -0.789 |             -0.569 |              0.395 |             0.0199 |               7.44 |
                840 |             -0.876 |             -0.551 |              0.257 |             0.0199 |               7.52 |
                850 |             -0.532 |             -0.544 |              0.232 |             0.0199 |               7.51 |
                860 |             -0.885 |              -0.69 |              0.353 |             0.0199 |               7.52 |
                870 |             -0.739 |             -0.629 |              0.162 |             0.0199 |               7.47 |
                880 |             -0.917 |             -0.665 |              0.371 |             0.0199 |               7.69 |
                890 |             -0.831 |             -0.615 |              0.352 |             0.0199 |               7.39 |
                900 |             -0.782 |             -0.618 |              0.135 |             0.0199 |               7.38 |
                910 |             -0.771 |             -0.571 |              0.236 |             0.0199 |               7.48 |
                920 |             -0.767 |             -0.582 |              0.303 |             0.0199 |                7.5 |
                930 |             -0.727 |             -0.623 |              0.231 |             0.0199 |               7.48 |
                940 |              -0.68 |               -0.6 |              0.259 |             0.0199 |               7.47 |
                950 |             -0.548 |             -0.592 |              0.416 |             0.0199 |               7.42 |
                960 |             -0.795 |             -0.636 |              0.427 |             0.0199 |               7.41 |
                970 |             -0.674 |              -0.61 |              0.363 |             0.0199 |               7.37 |
                980 |             -0.808 |             -0.592 |              0.306 |             0.0199 |               7.37 |
                990 |              -0.79 |             -0.635 |              0.371 |             0.0199 |               7.42 |
Training complete: 
   Data path: /work/qgan/data/train/ang-qml_torch-q4-noiseless-SPSA-aerCPU-rand0.5-seed2 
   Best eval: 0.019903525710105896 
   Total time: 745.1443476676941

Running: /work/qgan/data/train/ang-qml_torch-q4-noiseless-REG-aerCPU-rand0.1-seed1/config.yaml
              Epoch |     Generator cost | Discriminator cost |               Eval |          Best eval |               Time |
Training complete: 
   Data path: /work/qgan/data/train/ang-qml_torch-q4-noiseless-REG-aerCPU-rand0.1-seed1 
   Best eval: -0.0 
   Total time: 1847.677018404007

Running: /work/qgan/data/train/ang-qml_torch-q4-noiseless-REG-aerCPU-rand1-seed2/config.yaml
Training data file created.
              Epoch |     Generator cost | Discriminator cost |               Eval |          Best eval |               Time |
                  0 |             -0.494 |              -0.71 |              0.438 |              0.438 |               1.04 |
                 10 |             -0.507 |             -0.719 |              0.332 |              0.174 |               10.2 |
                 20 |             -0.423 |               -0.7 |              0.254 |              0.174 |                 10 |
                 30 |               -0.5 |             -0.762 |               0.27 |               0.11 |               10.3 |
                 40 |             -0.587 |             -0.771 |              0.316 |               0.11 |               10.3 |
                 50 |             -0.547 |               -0.7 |              0.425 |             0.0838 |               10.1 |
                 60 |             -0.591 |             -0.689 |              0.324 |             0.0838 |               10.3 |
                 70 |             -0.542 |              -0.78 |              0.336 |             0.0838 |               10.1 |
                 80 |             -0.575 |              -0.73 |              0.135 |             0.0838 |               10.3 |
                 90 |             -0.517 |             -0.683 |              0.243 |             0.0838 |               10.1 |
                100 |             -0.545 |             -0.755 |              0.289 |             0.0838 |               10.4 |
                110 |             -0.433 |             -0.742 |              0.231 |             0.0838 |               10.3 |
                120 |              -0.56 |             -0.741 |              0.258 |             0.0838 |               10.1 |
                130 |             -0.401 |             -0.747 |              0.367 |             0.0838 |               10.3 |
                140 |             -0.487 |             -0.798 |              0.282 |             0.0838 |               10.1 |
                150 |             -0.569 |             -0.771 |              0.149 |             0.0838 |               10.3 |
                160 |             -0.313 |             -0.694 |              0.336 |             0.0838 |               10.4 |
                170 |               -0.4 |             -0.807 |              0.251 |             0.0838 |               10.1 |
                180 |             -0.559 |             -0.767 |                0.3 |             0.0838 |               10.3 |
                190 |             -0.507 |             -0.749 |              0.144 |             0.0838 |                 10 |
                200 |             -0.346 |             -0.789 |              0.179 |             0.0838 |               10.4 |
                210 |             -0.491 |             -0.718 |              0.181 |             0.0719 |               10.1 |
                220 |             -0.497 |             -0.704 |              0.255 |             0.0719 |               10.3 |
                230 |              -0.37 |             -0.858 |             0.0905 |             0.0719 |               10.3 |
                240 |              -0.56 |             -0.745 |              0.333 |             0.0719 |                 10 |
                250 |             -0.435 |             -0.709 |               0.22 |             0.0719 |               10.3 |
                260 |             -0.562 |             -0.786 |              0.213 |             0.0719 |                 10 |
                270 |             -0.539 |             -0.741 |              0.206 |             0.0719 |               10.3 |
                280 |             -0.514 |             -0.767 |              0.216 |             0.0719 |               9.99 |
                290 |              -0.61 |             -0.729 |              0.313 |             0.0719 |               10.3 |
                300 |             -0.377 |             -0.741 |              0.225 |             0.0719 |               10.3 |
                310 |             -0.526 |             -0.792 |              0.165 |             0.0719 |               9.97 |
                320 |             -0.462 |             -0.709 |              0.109 |             0.0719 |               10.3 |
                330 |              -0.43 |             -0.759 |                0.3 |             0.0719 |                 10 |
                340 |             -0.484 |             -0.769 |              0.236 |             0.0719 |               10.3 |
                350 |             -0.442 |             -0.695 |              0.286 |             0.0719 |               10.4 |
                360 |             -0.527 |             -0.735 |              0.282 |             0.0719 |                 10 |
                370 |             -0.539 |             -0.752 |              0.232 |             0.0719 |               10.4 |
                380 |             -0.298 |             -0.796 |              0.316 |             0.0719 |                 10 |
                390 |             -0.357 |             -0.759 |              0.227 |             0.0719 |               10.4 |
                400 |             -0.346 |              -0.73 |               0.25 |             0.0719 |               10.1 |
                410 |             -0.431 |             -0.785 |              0.234 |             0.0719 |               10.3 |
                420 |             -0.504 |             -0.713 |              0.216 |             0.0719 |               10.3 |
                430 |             -0.419 |             -0.805 |              0.311 |             0.0719 |                 10 |
                440 |             -0.463 |             -0.764 |              0.192 |             0.0719 |               10.2 |
                450 |             -0.622 |             -0.695 |              0.294 |             0.0719 |                9.9 |
                460 |             -0.519 |             -0.722 |              0.229 |             0.0719 |               10.2 |
                470 |             -0.315 |             -0.822 |              0.268 |             0.0719 |               10.3 |
                480 |             -0.422 |             -0.746 |              0.306 |             0.0719 |                 10 |
                490 |             -0.436 |             -0.779 |              0.149 |             0.0719 |               10.3 |
                500 |             -0.497 |             -0.777 |              0.292 |             0.0719 |                 10 |
                510 |              -0.55 |             -0.729 |              0.141 |             0.0719 |               10.3 |
                520 |             -0.629 |             -0.704 |              0.196 |             0.0719 |               10.1 |
                530 |               -0.6 |             -0.672 |              0.316 |             0.0719 |               10.3 |
                540 |             -0.663 |             -0.771 |              0.206 |             0.0719 |               10.3 |
                550 |             -0.474 |               -0.8 |              0.314 |             0.0719 |                 10 |
                560 |             -0.446 |             -0.718 |              0.223 |             0.0719 |               10.2 |
                570 |             -0.421 |             -0.769 |              0.268 |             0.0719 |                 10 |
                580 |             -0.389 |             -0.778 |              0.426 |             0.0719 |               10.3 |
                590 |             -0.492 |             -0.702 |              0.225 |             0.0719 |                 10 |
                600 |             -0.414 |             -0.763 |              0.268 |             0.0719 |               10.2 |
                610 |             -0.466 |             -0.757 |              0.225 |             0.0719 |               10.2 |
                620 |             -0.567 |              -0.78 |              0.253 |             0.0719 |               9.96 |
                630 |              -0.43 |             -0.825 |               0.43 |             0.0719 |               10.3 |
                640 |             -0.445 |             -0.731 |              0.352 |             0.0719 |               10.1 |
                650 |             -0.421 |             -0.755 |              0.351 |             0.0719 |               10.3 |
                660 |             -0.461 |             -0.711 |              0.227 |             0.0719 |               10.3 |
                670 |             -0.407 |             -0.828 |              0.265 |             0.0719 |                 10 |
                680 |             -0.494 |              -0.76 |              0.177 |             0.0719 |               10.3 |
                690 |              -0.46 |             -0.734 |              0.176 |             0.0719 |                 10 |
                700 |             -0.534 |             -0.713 |              0.287 |             0.0719 |               10.3 |
                710 |             -0.454 |             -0.782 |              0.204 |             0.0719 |               10.1 |
                720 |             -0.429 |             -0.735 |              0.158 |             0.0719 |               10.2 |
                730 |             -0.466 |             -0.773 |              0.221 |             0.0719 |               10.3 |
                740 |             -0.538 |             -0.704 |              0.493 |             0.0719 |               10.1 |
                750 |              -0.54 |             -0.695 |              0.181 |             0.0719 |               10.3 |
                760 |             -0.417 |             -0.687 |              0.259 |             0.0719 |               10.1 |
                770 |             -0.463 |             -0.762 |              0.231 |             0.0719 |               10.3 |
                780 |             -0.452 |             -0.756 |              0.258 |             0.0719 |               10.2 |
                790 |             -0.555 |             -0.836 |              0.297 |             0.0719 |               9.98 |
                800 |             -0.479 |             -0.697 |              0.406 |             0.0719 |               10.2 |
                810 |             -0.582 |             -0.789 |              0.252 |             0.0719 |               9.91 |
                820 |              -0.49 |              -0.68 |              0.286 |             0.0719 |               10.3 |
                830 |             -0.471 |             -0.764 |              0.176 |             0.0719 |               10.2 |
                840 |             -0.555 |             -0.637 |              0.249 |             0.0719 |                 10 |
                850 |              -0.46 |             -0.797 |              0.307 |             0.0719 |               10.2 |
                860 |             -0.455 |             -0.646 |              0.189 |             0.0719 |               10.2 |
                870 |             -0.545 |             -0.704 |              0.123 |             0.0719 |               10.2 |
                880 |             -0.338 |              -0.63 |              0.219 |             0.0719 |               9.98 |
                890 |             -0.635 |             -0.771 |              0.355 |             0.0719 |               10.3 |
                900 |             -0.575 |             -0.761 |              0.286 |             0.0719 |               10.2 |
                910 |             -0.483 |              -0.75 |              0.321 |             0.0719 |                 10 |
                920 |             -0.539 |             -0.628 |              0.166 |             0.0719 |               10.3 |
                930 |             -0.527 |              -0.77 |              0.246 |             0.0719 |               10.1 |
                940 |              -0.61 |             -0.749 |              0.134 |             0.0719 |               10.3 |
                950 |             -0.543 |             -0.694 |              0.261 |             0.0719 |               10.2 |
                960 |             -0.545 |             -0.719 |               0.18 |             0.0719 |               10.4 |
                970 |             -0.622 |             -0.827 |              0.154 |             0.0719 |               10.4 |
                980 |              -0.43 |             -0.784 |              0.284 |             0.0719 |               10.1 |
                990 |             -0.579 |              -0.85 |              0.205 |             0.0719 |               10.3 |
Training complete: 
   Data path: /work/qgan/data/train/ang-qml_torch-q4-noiseless-REG-aerCPU-rand1-seed2 
   Best eval: 0.07194045931100845 
   Total time: 1018.737624168396

Running: /work/qgan/data/train/base-qml_torch-q8-noiseless-PSR-aerCPU-rand0.25-seed1/config.yaml
              Epoch |     Generator cost | Discriminator cost |               Eval |          Best eval |               Time |
Training complete: 
   Data path: /work/qgan/data/train/base-qml_torch-q8-noiseless-PSR-aerCPU-rand0.25-seed1 
   Best eval: 0.1672675037974649 
   Total time: 747.0157608985901

Running: /work/qgan/data/train/base-qml_torch-q4-noiseless-REG-aerCPU-rand0-seed0/config.yaml
              Epoch |     Generator cost | Discriminator cost |               Eval |          Best eval |               Time |
Training complete: 
   Data path: /work/qgan/data/train/base-qml_torch-q4-noiseless-REG-aerCPU-rand0-seed0 
   Best eval: 0.05970192186316298 
   Total time: 88.09816813468933

Running: /work/qgan/data/train/base-qml_torch-q4-noiseless-REG-aerCPU-rand0.5-seed1/config.yaml
              Epoch |     Generator cost | Discriminator cost |               Eval |          Best eval |               Time |
Training complete: 
   Data path: /work/qgan/data/train/base-qml_torch-q4-noiseless-REG-aerCPU-rand0.5-seed1 
   Best eval: 0.20312371208914665 
   Total time: 82.63710951805115

Running: /work/qgan/data/train/amp-qml_torch-q4-noiseless-SPSA-aerCPU-rand0.1-seed0/config.yaml
              Epoch |     Generator cost | Discriminator cost |               Eval |          Best eval |               Time |
Training complete: 
   Data path: /work/qgan/data/train/amp-qml_torch-q4-noiseless-SPSA-aerCPU-rand0.1-seed0 
   Best eval: 0.05784086386065633 
   Total time: 54.46108412742615

Running: /work/qgan/data/train/amp-qml_torch-q4-noiseless-SPSA-aerCPU-rand1-seed1/config.yaml
Training data file created.
              Epoch |     Generator cost | Discriminator cost |               Eval |          Best eval |               Time |
                  0 |             -0.575 |             -0.371 |             0.0513 |             0.0513 |             0.0676 |
                 10 |             -0.563 |             -0.385 |            0.00917 |            0.00917 |              0.559 |
                 20 |              -0.49 |             -0.454 |             0.0195 |            0.00917 |              0.575 |
                 30 |             -0.554 |             -0.454 |              0.029 |            0.00917 |              0.603 |
                 40 |             -0.496 |             -0.412 |             0.0396 |            0.00917 |              0.635 |
                 50 |             -0.484 |             -0.408 |             0.0307 |            0.00917 |              0.559 |
                 60 |             -0.523 |             -0.452 |             0.0451 |            0.00917 |              0.587 |
                 70 |              -0.63 |             -0.433 |             0.0467 |            0.00917 |              0.591 |
                 80 |             -0.439 |             -0.431 |             0.0604 |            0.00917 |              0.633 |
                 90 |              -0.45 |             -0.408 |             0.0192 |            0.00917 |              0.599 |
                100 |             -0.461 |             -0.497 |             0.0537 |            0.00917 |              0.542 |
                110 |             -0.451 |              -0.49 |             0.0428 |            0.00917 |              0.624 |
                120 |             -0.561 |             -0.437 |             0.0589 |            0.00917 |              0.593 |
                130 |             -0.463 |             -0.496 |             0.0453 |            0.00917 |              0.636 |
                140 |              -0.42 |             -0.575 |             0.0774 |            0.00917 |              0.556 |
                150 |             -0.545 |             -0.534 |             0.0271 |            0.00917 |              0.614 |
                160 |             -0.407 |             -0.553 |             0.0382 |            0.00917 |              0.584 |
                170 |             -0.404 |             -0.588 |             0.0431 |            0.00917 |              0.636 |
                180 |             -0.511 |              -0.59 |             0.0444 |            0.00917 |              0.537 |
                190 |             -0.581 |             -0.571 |             0.0691 |            0.00917 |              0.607 |
                200 |             -0.615 |             -0.546 |              0.064 |            0.00917 |              0.575 |
                210 |             -0.699 |             -0.593 |             0.0369 |            0.00917 |              0.613 |
                220 |             -0.602 |             -0.542 |             0.0368 |            0.00917 |              0.585 |
                230 |             -0.401 |             -0.674 |             0.0563 |            0.00917 |              0.604 |
                240 |             -0.389 |             -0.587 |             0.0629 |            0.00917 |              0.584 |
                250 |              -0.47 |             -0.678 |               0.05 |            0.00917 |              0.587 |
                260 |             -0.659 |             -0.655 |             0.0638 |            0.00917 |              0.587 |
                270 |             -0.705 |             -0.736 |             0.0432 |            0.00917 |                0.6 |
                280 |             -0.504 |             -0.618 |             0.0298 |            0.00917 |              0.596 |
                290 |             -0.512 |             -0.728 |             0.0579 |            0.00917 |               0.63 |
                300 |             -0.182 |             -0.576 |             0.0467 |            0.00917 |              0.575 |
                310 |             -0.416 |             -0.548 |             0.0427 |            0.00917 |              0.585 |
                320 |             -0.418 |             -0.638 |              0.052 |            0.00917 |              0.609 |
                330 |             -0.468 |             -0.688 |             0.0269 |            0.00917 |              0.623 |
                340 |             -0.557 |             -0.664 |             0.0427 |            0.00917 |              0.586 |
                350 |             -0.585 |             -0.637 |             0.0495 |            0.00917 |              0.553 |
                360 |             -0.675 |             -0.607 |             0.0596 |            0.00917 |              0.621 |
                370 |              -0.32 |             -0.774 |             0.0399 |            0.00917 |              0.621 |
                380 |             -0.295 |             -0.793 |             0.0505 |            0.00917 |              0.604 |
                390 |             -0.655 |             -0.643 |             0.0714 |            0.00917 |              0.564 |
                400 |             -0.573 |             -0.774 |             0.0456 |            0.00917 |              0.622 |
                410 |             -0.568 |             -0.798 |             0.0418 |            0.00917 |              0.567 |
                420 |             -0.598 |             -0.757 |             0.0417 |            0.00917 |              0.634 |
                430 |             -0.501 |             -0.665 |             0.0423 |            0.00917 |              0.552 |
                440 |             -0.378 |             -0.484 |             0.0634 |            0.00917 |              0.629 |
                450 |              -0.43 |             -0.647 |             0.0193 |            0.00917 |              0.535 |
                460 |              -0.67 |             -0.619 |             0.0542 |            0.00917 |              0.645 |
                470 |              -0.32 |             -0.786 |              0.073 |            0.00917 |              0.537 |
                480 |             -0.424 |             -0.706 |             0.0509 |            0.00917 |              0.609 |
                490 |             -0.405 |             -0.839 |             0.0209 |            0.00917 |              0.569 |
                500 |             -0.664 |             -0.789 |             0.0454 |            0.00917 |               0.61 |
                510 |             -0.577 |             -0.726 |             0.0559 |            0.00917 |              0.591 |
                520 |            -0.0856 |             -0.731 |             0.0451 |            0.00917 |              0.596 |
                530 |             -0.332 |             -0.793 |             0.0349 |            0.00917 |              0.597 |
                540 |             -0.754 |             -0.716 |             0.0474 |            0.00917 |              0.602 |
                550 |             -0.444 |             -0.681 |             0.0561 |            0.00917 |              0.585 |
                560 |             -0.539 |              -0.64 |             0.0693 |            0.00917 |              0.557 |
                570 |             -0.542 |             -0.596 |             0.0725 |            0.00917 |              0.646 |
                580 |             -0.605 |             -0.723 |             0.0415 |            0.00917 |              0.567 |
                590 |             -0.524 |             -0.792 |             0.0718 |            0.00917 |              0.584 |
                600 |             -0.373 |             -0.806 |             0.0713 |            0.00917 |              0.561 |
                610 |             -0.233 |             -0.648 |             0.0576 |            0.00917 |              0.613 |
                620 |             -0.591 |             -0.853 |             0.0737 |            0.00917 |              0.634 |
                630 |             -0.209 |             -0.782 |             0.0491 |            0.00917 |              0.568 |
                640 |             -0.478 |             -0.741 |             0.0553 |            0.00917 |              0.556 |
                650 |             -0.136 |             -0.703 |              0.047 |            0.00917 |              0.633 |
                660 |             -0.678 |             -0.743 |             0.0265 |            0.00917 |              0.606 |
                670 |             -0.507 |             -0.799 |             0.0526 |            0.00917 |              0.595 |
                680 |             -0.412 |             -0.738 |             0.0544 |            0.00917 |               0.54 |
                690 |             -0.213 |             -0.705 |             0.0521 |            0.00917 |              0.602 |
                700 |             -0.189 |             -0.556 |              0.048 |            0.00917 |              0.629 |
                710 |             -0.629 |             -0.786 |             0.0416 |            0.00917 |              0.604 |
                720 |             -0.363 |             -0.787 |             0.0526 |            0.00917 |              0.537 |
                730 |             -0.763 |             -0.677 |             0.0398 |            0.00917 |              0.602 |
                740 |             -0.387 |             -0.931 |              0.069 |            0.00917 |              0.615 |
                750 |             -0.328 |              -0.77 |             0.0535 |            0.00917 |               0.58 |
                760 |            -0.0849 |             -0.933 |             0.0412 |            0.00917 |               0.58 |
                770 |             -0.349 |             -0.611 |             0.0402 |            0.00917 |              0.593 |
                780 |              -0.48 |             -0.599 |             0.0622 |            0.00917 |              0.642 |
                790 |             -0.433 |             -0.896 |             0.0245 |            0.00917 |              0.593 |
                800 |             -0.628 |              -0.64 |             0.0226 |            0.00917 |              0.572 |
                810 |             -0.709 |             -0.733 |             0.0403 |            0.00917 |              0.612 |
                820 |             -0.202 |             -0.731 |             0.0325 |            0.00917 |              0.628 |
                830 |             -0.627 |             -0.645 |             0.0519 |            0.00917 |              0.604 |
                840 |             -0.683 |             -0.768 |             0.0519 |            0.00917 |               0.56 |
                850 |             -0.503 |             -0.667 |             0.0664 |            0.00917 |              0.556 |
                860 |             -0.425 |             -0.651 |             0.0493 |            0.00917 |              0.664 |
                870 |             -0.813 |             -0.814 |             0.0719 |            0.00917 |              0.605 |
                880 |             -0.688 |             -0.686 |             0.0571 |            0.00917 |              0.545 |
                890 |             -0.499 |              -0.64 |             0.0613 |            0.00917 |              0.555 |
                900 |             -0.662 |             -0.688 |             0.0436 |            0.00917 |              0.666 |
                910 |             -0.609 |             -0.682 |             0.0386 |            0.00917 |              0.543 |
                920 |             -0.749 |              -0.71 |             0.0361 |            0.00917 |               0.61 |
                930 |              -0.24 |             -0.748 |             0.0541 |            0.00917 |              0.553 |
                940 |             -0.253 |             -0.561 |             0.0642 |            0.00917 |              0.626 |
                950 |             -0.505 |             -0.721 |             0.0278 |            0.00917 |              0.623 |
                960 |             -0.321 |             -0.867 |             0.0661 |            0.00917 |              0.608 |
                970 |             -0.515 |             -0.648 |             0.0479 |            0.00917 |              0.577 |
                980 |             -0.425 |             -0.755 |             0.0474 |            0.00917 |              0.607 |
                990 |             -0.328 |             -0.825 |             0.0407 |            0.00917 |              0.624 |
Training complete: 
   Data path: /work/qgan/data/train/amp-qml_torch-q4-noiseless-SPSA-aerCPU-rand1-seed1 
   Best eval: 0.009167646203116081 
   Total time: 59.43539905548096

Running: /work/qgan/data/train/base-qml_torch-q4-noisy-PSR-aerCPU-rand0.25-seed0/config.yaml
Training data file created.
              Epoch |     Generator cost | Discriminator cost |               Eval |          Best eval |               Time |
                  0 |             -0.486 |             -0.464 |               1.27 |               1.27 |                263 |
                 10 |             -0.517 |             -0.493 |               3.14 |              0.433 |           2.65e+03 |
                 20 |              -0.45 |             -0.469 |              0.917 |              0.185 |           2.62e+03 |
                 30 |              -0.77 |             -0.493 |               1.35 |              0.185 |           2.62e+03 |
                 40 |             -0.464 |             -0.395 |               2.32 |              0.185 |           2.62e+03 |
                 50 |             -0.638 |              -0.47 |              0.439 |              0.185 |           2.63e+03 |
                 60 |             -0.499 |             -0.487 |               4.18 |              0.185 |           2.64e+03 |
                 70 |             -0.509 |              -0.47 |               1.77 |              0.185 |           2.65e+03 |
                 80 |             -0.699 |             -0.519 |              0.706 |              0.185 |           2.64e+03 |
