Creating config files for run_000:
Configuration file rewritten. Path: /work/qgan/data/train/ang-qml_torch-q8-noiseless-PSR-aerCPU-rand1-seed0/config.yaml

Creating config files for run_001:
Configuration file rewritten. Path: /work/qgan/data/train/ang-qml_torch-q8-noiseless-PSR-aerCPU-rand0.25-seed2/config.yaml

Creating config files for run_002:
Configuration file rewritten. Path: /work/qgan/data/train/amp-qml_torch-q8-noiseless-PSR-aerCPU-rand0-seed1/config.yaml

Creating config files for run_003:
Configuration file rewritten. Path: /work/qgan/data/train/amp-qml_torch-q8-noiseless-PSR-aerCPU-rand0.5-seed2/config.yaml

Creating config files for run_004:
Configuration file rewritten. Path: /work/qgan/data/train/amp-qml_torch-q8-noiseless-SPSA-aerCPU-rand0.1-seed1/config.yaml

Creating config files for run_005:
Configuration file rewritten. Path: /work/qgan/data/train/amp-qml_torch-q8-noiseless-SPSA-aerCPU-rand1-seed2/config.yaml

Creating config files for run_006:
Configuration file rewritten. Path: /work/qgan/data/train/amp-qml_torch-q8-noiseless-REG-aerCPU-rand0.25-seed1/config.yaml

Creating config files for run_007:
Configuration file rewritten. Path: /work/qgan/data/train/ang-qml_torch-q4-noiseless-SPSA-aerCPU-rand0-seed0/config.yaml

Creating config files for run_008:
Configuration file rewritten. Path: /work/qgan/data/train/ang-qml_torch-q4-noiseless-SPSA-aerCPU-rand0.5-seed1/config.yaml

Creating config files for run_009:
Configuration file rewritten. Path: /work/qgan/data/train/ang-qml_torch-q4-noiseless-REG-aerCPU-rand0.1-seed0/config.yaml

Creating config files for run_010:
Configuration file rewritten. Path: /work/qgan/data/train/ang-qml_torch-q4-noiseless-REG-aerCPU-rand1-seed1/config.yaml

Creating config files for run_011:
Configuration file rewritten. Path: /work/qgan/data/train/base-qml_torch-q8-noiseless-PSR-aerCPU-rand0.25-seed0/config.yaml

Creating config files for run_012:
Configuration file rewritten. Path: /work/qgan/data/train/base-qml_torch-q8-noiseless-PSR-aerCPU-rand0-seed2/config.yaml

Creating config files for run_013:
Configuration file rewritten. Path: /work/qgan/data/train/base-qml_torch-q4-noiseless-REG-aerCPU-rand0.5-seed0/config.yaml

Creating config files for run_014:
Configuration file rewritten. Path: /work/qgan/data/train/base-qml_torch-q4-noiseless-REG-aerCPU-rand0.1-seed2/config.yaml

Creating config files for run_015:
Configuration file rewritten. Path: /work/qgan/data/train/amp-qml_torch-q4-noiseless-SPSA-aerCPU-rand1-seed0/config.yaml

Creating config files for run_016:
Configuration file rewritten. Path: /work/qgan/data/train/amp-qml_torch-q4-noiseless-SPSA-aerCPU-rand0.25-seed2/config.yaml

Creating config files for run_017:
Configuration file rewritten. Path: /work/qgan/data/train/base-qml_torch-q4-noisy-PSR-aerCPU-rand0-seed1/config.yaml

Creating config files for run_018:
Configuration file rewritten. Path: /work/qgan/data/train/base-qml_torch-q4-noisy-PSR-aerCPU-rand0.5-seed2/config.yaml

Creating config files for run_019:
Configuration file rewritten. Path: /work/qgan/data/train/ang-qml_torch-q4-noisy-PSR-aerCPU-rand0.1-seed1/config.yaml

Creating config files for run_020:
Configuration file rewritten. Path: /work/qgan/data/train/ang-qml_torch-q4-noisy-PSR-aerCPU-rand1-seed2/config.yaml

21 battery configuration files ready.

Running: /work/qgan/data/train/ang-qml_torch-q8-noiseless-PSR-aerCPU-rand1-seed0/config.yaml
              Epoch |     Generator cost | Discriminator cost |               Eval |          Best eval |               Time |
Training complete: 
   Data path: /work/qgan/data/train/ang-qml_torch-q8-noiseless-PSR-aerCPU-rand1-seed0 
   Best eval: 0.06759750843048096 
   Total time: 6336.433821439743

Running: /work/qgan/data/train/ang-qml_torch-q8-noiseless-PSR-aerCPU-rand0.25-seed2/config.yaml
              Epoch |     Generator cost | Discriminator cost |               Eval |          Best eval |               Time |
Training complete: 
   Data path: /work/qgan/data/train/ang-qml_torch-q8-noiseless-PSR-aerCPU-rand0.25-seed2 
   Best eval: 0.041614942252635956 
   Total time: 3504.112775325775

Running: /work/qgan/data/train/amp-qml_torch-q8-noiseless-PSR-aerCPU-rand0-seed1/config.yaml
              Epoch |     Generator cost | Discriminator cost |               Eval |          Best eval |               Time |
Training complete: 
   Data path: /work/qgan/data/train/amp-qml_torch-q8-noiseless-PSR-aerCPU-rand0-seed1 
   Best eval: 0.0010281763384115802 
   Total time: 4446.237684011459

Running: /work/qgan/data/train/amp-qml_torch-q8-noiseless-PSR-aerCPU-rand0.5-seed2/config.yaml
Training data file created.
              Epoch |     Generator cost | Discriminator cost |               Eval |          Best eval |               Time |
                  0 |             -0.585 |             -0.384 |            0.00324 |            0.00324 |               4.68 |
                 10 |             -0.614 |             -0.406 |            0.00346 |            0.00305 |               46.5 |
                 20 |             -0.695 |             -0.452 |            0.00208 |            0.00208 |               46.5 |
                 30 |             -0.734 |             -0.464 |            0.00376 |            0.00208 |               46.7 |
                 40 |             -0.702 |              -0.46 |            0.00337 |            0.00208 |               46.8 |
                 50 |             -0.715 |             -0.442 |            0.00359 |            0.00208 |               46.8 |
                 60 |             -0.665 |              -0.48 |            0.00302 |            0.00208 |               46.6 |
                 70 |             -0.582 |             -0.526 |            0.00307 |            0.00208 |               46.6 |
                 80 |             -0.527 |             -0.597 |            0.00224 |            0.00208 |               46.5 |
                 90 |             -0.673 |             -0.609 |            0.00368 |            0.00208 |               46.6 |
                100 |             -0.679 |             -0.583 |            0.00374 |            0.00208 |               46.4 |
                110 |             -0.667 |             -0.593 |            0.00352 |            0.00208 |               46.8 |
                120 |             -0.649 |             -0.666 |            0.00296 |            0.00208 |               46.8 |
                130 |             -0.648 |             -0.585 |            0.00338 |            0.00208 |               46.6 |
                140 |             -0.507 |             -0.599 |            0.00299 |            0.00208 |               46.5 |
                150 |             -0.722 |             -0.653 |            0.00298 |            0.00208 |               46.7 |
                160 |             -0.659 |             -0.586 |            0.00336 |            0.00208 |               46.6 |
                170 |             -0.702 |             -0.654 |            0.00274 |            0.00202 |               46.9 |
                180 |             -0.631 |             -0.611 |            0.00329 |            0.00198 |               46.4 |
                190 |             -0.587 |             -0.562 |            0.00354 |            0.00198 |               46.9 |
                200 |              -0.66 |             -0.609 |            0.00298 |            0.00198 |               46.5 |
                210 |             -0.593 |             -0.619 |            0.00291 |            0.00198 |               45.9 |
                220 |             -0.624 |              -0.63 |            0.00209 |            0.00198 |                 46 |
                230 |             -0.755 |             -0.588 |            0.00311 |            0.00198 |                 46 |
                240 |             -0.754 |             -0.679 |             0.0035 |            0.00198 |               45.8 |
                250 |             -0.723 |             -0.623 |            0.00363 |            0.00198 |               46.2 |
                260 |             -0.606 |             -0.606 |            0.00282 |            0.00198 |               46.2 |
                270 |             -0.756 |             -0.591 |            0.00306 |            0.00198 |               45.8 |
                280 |              -0.57 |             -0.581 |             0.0026 |            0.00198 |                 46 |
                290 |             -0.714 |             -0.603 |            0.00286 |            0.00189 |               46.1 |
                300 |              -0.73 |             -0.593 |            0.00263 |            0.00189 |               45.9 |
                310 |             -0.693 |             -0.642 |            0.00239 |            0.00189 |               46.1 |
                320 |             -0.685 |             -0.636 |            0.00356 |            0.00189 |               46.1 |
                330 |             -0.662 |             -0.604 |            0.00324 |            0.00189 |               45.9 |
                340 |             -0.726 |             -0.617 |            0.00235 |            0.00189 |                 46 |
                350 |             -0.705 |             -0.635 |            0.00337 |            0.00189 |                 46 |
                360 |             -0.619 |              -0.68 |            0.00333 |            0.00189 |                 46 |
                370 |              -0.72 |              -0.66 |            0.00327 |            0.00189 |               46.1 |
                380 |               -0.7 |              -0.67 |            0.00341 |            0.00189 |               45.9 |
                390 |             -0.654 |             -0.654 |            0.00318 |            0.00189 |               46.1 |
                400 |             -0.663 |             -0.652 |            0.00363 |            0.00189 |               46.1 |
                410 |             -0.663 |             -0.629 |            0.00294 |            0.00189 |               45.9 |
                420 |             -0.614 |             -0.648 |            0.00227 |            0.00189 |               46.2 |
                430 |             -0.706 |             -0.638 |            0.00286 |            0.00189 |               46.1 |
                440 |             -0.598 |             -0.662 |             0.0036 |            0.00189 |               45.9 |
                450 |             -0.708 |             -0.672 |            0.00355 |            0.00189 |                 47 |
                460 |             -0.634 |              -0.68 |            0.00302 |            0.00189 |               46.1 |
                470 |             -0.635 |             -0.703 |            0.00302 |            0.00189 |               45.9 |
                480 |             -0.591 |              -0.66 |            0.00374 |            0.00189 |                 46 |
                490 |             -0.706 |             -0.673 |            0.00235 |            0.00189 |               46.2 |
                500 |             -0.565 |             -0.723 |            0.00324 |            0.00189 |                 46 |
                510 |             -0.562 |             -0.671 |            0.00348 |            0.00189 |               46.1 |
                520 |             -0.549 |              -0.71 |            0.00302 |            0.00189 |               46.1 |
                530 |             -0.627 |             -0.698 |            0.00207 |            0.00189 |                 46 |
                540 |             -0.493 |             -0.687 |            0.00358 |            0.00167 |               46.1 |
                550 |               -0.6 |             -0.684 |            0.00277 |            0.00167 |               46.1 |
                560 |             -0.674 |             -0.725 |            0.00285 |            0.00148 |               45.8 |
                570 |             -0.609 |             -0.686 |            0.00258 |            0.00148 |               46.1 |
                580 |             -0.629 |             -0.697 |            0.00274 |            0.00148 |                 46 |
                590 |             -0.606 |              -0.75 |            0.00358 |            0.00148 |               46.1 |
                600 |              -0.47 |             -0.746 |             0.0035 |            0.00148 |               45.9 |
                610 |             -0.604 |             -0.652 |            0.00149 |            0.00148 |               45.5 |
                620 |             -0.566 |              -0.72 |            0.00337 |            0.00148 |               45.7 |
                630 |             -0.514 |             -0.717 |            0.00249 |            0.00148 |               45.5 |
                640 |             -0.521 |             -0.724 |            0.00253 |            0.00148 |               45.4 |
                650 |             -0.567 |             -0.703 |            0.00243 |            0.00148 |               45.5 |
                660 |             -0.528 |             -0.684 |            0.00241 |            0.00148 |               45.5 |
                670 |             -0.566 |             -0.725 |            0.00297 |            0.00148 |               45.2 |
                680 |               -0.6 |             -0.701 |            0.00289 |            0.00148 |               45.5 |
                690 |             -0.667 |             -0.653 |            0.00343 |            0.00148 |               45.4 |
                700 |             -0.572 |             -0.701 |            0.00331 |            0.00148 |               45.2 |
                710 |             -0.495 |             -0.675 |            0.00232 |            0.00148 |               45.4 |
                720 |             -0.541 |              -0.67 |            0.00267 |            0.00148 |               45.5 |
                730 |             -0.581 |             -0.706 |            0.00325 |            0.00148 |               45.3 |
                740 |              -0.58 |             -0.661 |            0.00343 |            0.00148 |               45.4 |
                750 |             -0.598 |             -0.692 |             0.0021 |            0.00148 |               45.4 |
                760 |             -0.614 |             -0.674 |            0.00288 |            0.00148 |               45.2 |
                770 |             -0.604 |             -0.721 |            0.00341 |            0.00148 |               45.5 |
                780 |             -0.575 |             -0.727 |            0.00335 |            0.00148 |               45.5 |
                790 |             -0.516 |             -0.694 |             0.0029 |            0.00148 |               45.3 |
                800 |             -0.552 |             -0.721 |            0.00269 |            0.00148 |               45.5 |
                810 |             -0.519 |             -0.698 |            0.00271 |            0.00148 |               45.3 |
                820 |             -0.536 |             -0.712 |             0.0034 |            0.00148 |               45.4 |
                830 |             -0.575 |             -0.723 |            0.00262 |            0.00148 |               45.5 |
                840 |             -0.537 |             -0.662 |            0.00326 |            0.00148 |               45.3 |
                850 |             -0.568 |             -0.659 |            0.00338 |            0.00102 |               45.5 |
                860 |             -0.643 |             -0.679 |            0.00323 |            0.00102 |               45.7 |
                870 |             -0.573 |             -0.716 |            0.00281 |            0.00102 |               45.3 |
                880 |             -0.624 |             -0.691 |            0.00352 |            0.00102 |               45.5 |
                890 |             -0.558 |             -0.731 |            0.00364 |            0.00102 |               45.5 |
                900 |              -0.53 |             -0.688 |            0.00189 |            0.00102 |               45.3 |
                910 |             -0.544 |             -0.652 |            0.00201 |            0.00102 |               45.5 |
                920 |             -0.584 |             -0.701 |            0.00312 |            0.00102 |               45.5 |
                930 |             -0.548 |             -0.724 |             0.0031 |            0.00102 |               45.3 |
                940 |             -0.545 |             -0.681 |            0.00304 |            0.00102 |               45.5 |
                950 |             -0.581 |             -0.655 |            0.00285 |            0.00102 |               45.5 |
                960 |              -0.58 |             -0.718 |            0.00381 |            0.00102 |               45.3 |
                970 |             -0.625 |             -0.728 |            0.00336 |            0.00102 |               45.6 |
                980 |             -0.682 |             -0.729 |            0.00381 |            0.00102 |               45.6 |
                990 |             -0.562 |             -0.667 |            0.00329 |            0.00102 |               45.5 |
Training complete: 
   Data path: /work/qgan/data/train/amp-qml_torch-q8-noiseless-PSR-aerCPU-rand0.5-seed2 
   Best eval: 0.0010194807246492073 
   Total time: 4592.40642786026

Running: /work/qgan/data/train/amp-qml_torch-q8-noiseless-SPSA-aerCPU-rand0.1-seed1/config.yaml
              Epoch |     Generator cost | Discriminator cost |               Eval |          Best eval |               Time |
Training complete: 
   Data path: /work/qgan/data/train/amp-qml_torch-q8-noiseless-SPSA-aerCPU-rand0.1-seed1 
   Best eval: 0.00360187108004983 
   Total time: 151.8568353652954

Running: /work/qgan/data/train/amp-qml_torch-q8-noiseless-SPSA-aerCPU-rand1-seed2/config.yaml
Training data file created.
              Epoch |     Generator cost | Discriminator cost |               Eval |          Best eval |               Time |
                  0 |             -0.495 |             -0.456 |             0.0036 |             0.0036 |              0.168 |
                 10 |              -0.57 |             -0.432 |            0.00346 |            0.00252 |               1.59 |
                 20 |             -0.447 |             -0.346 |            0.00356 |            0.00239 |               1.58 |
                 30 |             -0.475 |             -0.474 |            0.00331 |            0.00239 |               1.58 |
                 40 |             -0.502 |             -0.441 |            0.00226 |            0.00226 |               1.58 |
                 50 |             -0.579 |             -0.598 |            0.00325 |            0.00226 |               1.58 |
                 60 |             -0.405 |             -0.568 |            0.00295 |            0.00226 |               1.59 |
                 70 |             -0.481 |             -0.498 |            0.00314 |            0.00226 |               1.58 |
                 80 |             -0.473 |              -0.53 |            0.00329 |            0.00226 |               1.76 |
                 90 |             -0.488 |              -0.54 |             0.0027 |            0.00226 |               1.58 |
                100 |             -0.437 |             -0.572 |            0.00302 |            0.00226 |               1.58 |
                110 |             -0.447 |             -0.554 |            0.00375 |            0.00221 |               1.58 |
                120 |              -0.37 |             -0.511 |            0.00348 |            0.00221 |               1.58 |
                130 |             -0.318 |             -0.594 |            0.00287 |            0.00221 |               1.58 |
                140 |             -0.582 |             -0.587 |            0.00269 |            0.00221 |               1.58 |
                150 |             -0.529 |             -0.557 |            0.00334 |            0.00221 |               1.58 |
                160 |             -0.538 |             -0.567 |            0.00375 |            0.00221 |               1.58 |
                170 |             -0.471 |             -0.556 |            0.00355 |            0.00221 |               1.58 |
                180 |             -0.728 |             -0.613 |            0.00365 |            0.00221 |               1.57 |
                190 |             -0.575 |             -0.562 |            0.00315 |            0.00207 |               1.57 |
                200 |             -0.638 |             -0.657 |            0.00334 |            0.00206 |               1.58 |
                210 |             -0.695 |             -0.783 |            0.00382 |            0.00206 |               1.58 |
                220 |               -0.5 |             -0.601 |            0.00348 |            0.00206 |               1.58 |
                230 |             -0.712 |             -0.684 |            0.00329 |            0.00148 |                1.6 |
                240 |             -0.628 |             -0.576 |            0.00334 |            0.00148 |               1.58 |
                250 |             -0.414 |             -0.611 |            0.00242 |            0.00148 |               1.58 |
                260 |             -0.485 |             -0.664 |             0.0032 |            0.00148 |               1.57 |
                270 |             -0.345 |              -0.61 |            0.00331 |            0.00148 |               1.58 |
                280 |             -0.274 |             -0.652 |            0.00367 |            0.00148 |               1.59 |
                290 |             -0.512 |              -0.73 |             0.0033 |            0.00148 |               1.59 |
                300 |             -0.331 |             -0.634 |            0.00337 |            0.00148 |               1.58 |
                310 |             -0.424 |             -0.585 |             0.0026 |            0.00148 |               1.58 |
                320 |             -0.449 |             -0.691 |            0.00302 |            0.00148 |               1.57 |
                330 |             -0.716 |             -0.745 |            0.00325 |            0.00148 |               1.58 |
                340 |             -0.616 |             -0.724 |            0.00368 |            0.00148 |               1.59 |
                350 |             -0.503 |             -0.795 |            0.00301 |            0.00148 |               1.58 |
                360 |             -0.366 |             -0.751 |            0.00292 |            0.00148 |               1.58 |
                370 |             -0.647 |             -0.785 |            0.00303 |            0.00148 |               1.58 |
                380 |              -0.55 |             -0.731 |            0.00234 |            0.00148 |               1.58 |
                390 |             -0.385 |             -0.627 |            0.00312 |            0.00148 |               1.58 |
                400 |             -0.553 |             -0.685 |            0.00335 |            0.00148 |               1.59 |
                410 |             -0.561 |             -0.697 |            0.00317 |            0.00148 |               1.58 |
                420 |             -0.284 |             -0.825 |            0.00395 |            0.00148 |               1.58 |
                430 |              -0.57 |             -0.861 |            0.00301 |            0.00148 |               1.59 |
                440 |             -0.439 |             -0.807 |            0.00368 |            0.00148 |               1.59 |
                450 |             -0.662 |             -0.578 |            0.00342 |            0.00148 |               1.58 |
                460 |             -0.496 |             -0.695 |            0.00359 |            0.00148 |               1.58 |
                470 |             -0.491 |             -0.753 |            0.00353 |            0.00148 |               1.58 |
                480 |             -0.242 |              -0.73 |            0.00357 |            0.00148 |               1.58 |
                490 |             -0.345 |             -0.791 |            0.00369 |            0.00148 |               1.58 |
                500 |             -0.634 |             -0.732 |            0.00319 |            0.00148 |               1.59 |
                510 |             -0.499 |             -0.775 |            0.00288 |            0.00148 |               1.58 |
                520 |              -0.31 |             -0.686 |            0.00328 |            0.00148 |               1.59 |
                530 |             -0.714 |             -0.656 |             0.0031 |            0.00148 |               1.58 |
                540 |             -0.483 |             -0.708 |            0.00342 |            0.00148 |               1.58 |
                550 |             -0.547 |             -0.629 |            0.00223 |            0.00148 |               1.59 |
                560 |             -0.409 |              -0.75 |            0.00301 |            0.00148 |                1.6 |
                570 |             -0.334 |             -0.689 |            0.00354 |            0.00148 |               1.58 |
                580 |             -0.164 |             -0.674 |            0.00247 |            0.00148 |               1.58 |
                590 |             -0.234 |             -0.777 |            0.00375 |            0.00148 |               1.58 |
                600 |             -0.693 |             -0.883 |            0.00363 |            0.00148 |               1.58 |
                610 |             -0.434 |             -0.606 |            0.00345 |            0.00148 |               1.58 |
                620 |             -0.414 |             -0.671 |            0.00323 |            0.00148 |               1.58 |
                630 |             -0.579 |             -0.881 |            0.00244 |            0.00148 |               1.58 |
                640 |             -0.285 |             -0.872 |            0.00394 |            0.00148 |               1.59 |
                650 |             -0.346 |             -0.818 |            0.00145 |            0.00145 |               1.58 |
                660 |             -0.482 |             -0.672 |            0.00301 |            0.00145 |               1.58 |
                670 |             -0.504 |             -0.823 |            0.00327 |            0.00145 |               1.59 |
                680 |             -0.249 |             -0.745 |            0.00307 |            0.00145 |               1.58 |
                690 |             -0.666 |             -0.693 |            0.00361 |            0.00145 |               1.59 |
                700 |             -0.369 |             -0.527 |            0.00221 |            0.00145 |               1.59 |
                710 |             -0.658 |             -0.771 |            0.00304 |            0.00145 |               1.58 |
                720 |             -0.502 |             -0.814 |            0.00232 |            0.00145 |               1.57 |
                730 |             -0.454 |             -0.634 |             0.0031 |            0.00145 |               1.58 |
                740 |             -0.631 |             -0.682 |            0.00326 |            0.00145 |               1.58 |
                750 |             -0.515 |             -0.782 |            0.00312 |            0.00145 |               1.59 |
                760 |             -0.797 |             -0.741 |            0.00292 |            0.00145 |               1.58 |
                770 |             -0.506 |             -0.691 |            0.00332 |            0.00145 |               1.59 |
                780 |             -0.434 |             -0.746 |            0.00304 |            0.00145 |               1.59 |
                790 |             -0.517 |             -0.685 |            0.00295 |            0.00145 |               1.59 |
                800 |             -0.359 |             -0.742 |             0.0031 |            0.00145 |               1.58 |
                810 |             -0.315 |             -0.731 |            0.00327 |            0.00145 |               1.57 |
                820 |             -0.662 |             -0.766 |             0.0035 |            0.00145 |               1.59 |
                830 |             -0.454 |             -0.754 |            0.00377 |            0.00145 |               1.59 |
                840 |             -0.435 |             -0.789 |            0.00343 |            0.00145 |               1.59 |
                850 |             -0.235 |             -0.727 |            0.00275 |            0.00145 |               1.57 |
                860 |             -0.424 |             -0.759 |            0.00244 |            0.00145 |               1.58 |
                870 |             -0.604 |             -0.852 |            0.00287 |            0.00145 |               1.59 |
                880 |             -0.757 |             -0.753 |             0.0035 |            0.00145 |               1.59 |
                890 |             -0.684 |             -0.694 |            0.00327 |            0.00145 |               1.59 |
                900 |             -0.503 |             -0.826 |            0.00339 |            0.00145 |               1.59 |
                910 |             -0.559 |             -0.708 |            0.00336 |            0.00145 |               1.59 |
                920 |             -0.299 |              -0.75 |            0.00354 |            0.00145 |               1.58 |
                930 |             -0.571 |             -0.809 |            0.00286 |            0.00145 |               1.59 |
                940 |             -0.881 |             -0.643 |            0.00355 |            0.00145 |               1.59 |
                950 |              -0.57 |             -0.587 |            0.00283 |            0.00145 |               1.59 |
                960 |             -0.493 |              -0.63 |            0.00342 |            0.00145 |               1.59 |
                970 |             -0.372 |             -0.767 |            0.00174 |            0.00145 |               1.59 |
                980 |             -0.408 |             -0.623 |            0.00357 |            0.00145 |               1.59 |
                990 |             -0.507 |             -0.738 |            0.00305 |            0.00145 |               1.59 |
Training complete: 
   Data path: /work/qgan/data/train/amp-qml_torch-q8-noiseless-SPSA-aerCPU-rand1-seed2 
   Best eval: 0.0014533695798980327 
   Total time: 158.54068040847778

Running: /work/qgan/data/train/amp-qml_torch-q8-noiseless-REG-aerCPU-rand0.25-seed1/config.yaml
Training data file created.
              Epoch |     Generator cost | Discriminator cost |               Eval |          Best eval |               Time |
                  0 |             -0.797 |             -0.384 |            0.00334 |            0.00334 |               14.6 |
                 10 |             -0.798 |             -0.384 |            0.00321 |            0.00293 |               95.6 |
                 20 |             -0.748 |             -0.419 |            0.00399 |            0.00268 |               92.7 |
                 30 |             -0.768 |             -0.432 |            0.00338 |            0.00268 |               93.9 |
                 40 |             -0.807 |              -0.41 |            0.00366 |            0.00256 |               92.6 |
                 50 |              -0.76 |             -0.461 |            0.00352 |            0.00256 |               92.7 |
                 60 |             -0.794 |              -0.49 |            0.00385 |            0.00256 |               91.7 |
                 70 |             -0.764 |             -0.481 |            0.00375 |            0.00256 |               93.3 |
                 80 |             -0.781 |             -0.505 |             0.0035 |            0.00256 |               92.9 |
                 90 |             -0.775 |             -0.531 |            0.00322 |            0.00256 |               92.7 |
                100 |              -0.75 |             -0.521 |            0.00346 |            0.00256 |               92.6 |
                110 |             -0.753 |             -0.508 |            0.00283 |            0.00256 |               91.8 |
                120 |             -0.721 |             -0.525 |            0.00352 |            0.00256 |               91.5 |
                130 |             -0.762 |             -0.525 |            0.00308 |            0.00256 |               91.2 |
                140 |             -0.803 |             -0.532 |            0.00302 |            0.00256 |               90.7 |
                150 |             -0.772 |             -0.524 |            0.00301 |            0.00256 |               91.2 |
                160 |              -0.77 |             -0.552 |            0.00323 |            0.00248 |               91.2 |
                170 |               -0.8 |             -0.543 |            0.00292 |            0.00246 |                 91 |
                180 |             -0.782 |             -0.548 |            0.00282 |            0.00246 |                 92 |
                190 |             -0.821 |             -0.585 |            0.00303 |            0.00246 |               92.1 |
                200 |             -0.801 |             -0.571 |             0.0032 |            0.00246 |               91.3 |
                210 |             -0.808 |             -0.586 |            0.00306 |            0.00246 |               91.6 |
                220 |              -0.82 |             -0.566 |            0.00317 |            0.00246 |               91.1 |
                230 |             -0.807 |             -0.557 |            0.00293 |            0.00241 |               92.3 |
                240 |             -0.809 |             -0.574 |            0.00302 |            0.00241 |               91.5 |
                250 |             -0.798 |              -0.57 |            0.00301 |            0.00241 |               92.6 |
                260 |             -0.766 |             -0.596 |            0.00334 |            0.00241 |               90.6 |
                270 |             -0.773 |             -0.603 |            0.00302 |            0.00241 |               91.6 |
                280 |             -0.764 |             -0.612 |            0.00261 |            0.00241 |               91.8 |
                290 |             -0.727 |             -0.619 |             0.0031 |            0.00237 |               90.9 |
                300 |             -0.753 |               -0.6 |              0.003 |            0.00237 |               91.8 |
                310 |             -0.764 |              -0.61 |            0.00326 |            0.00237 |               91.7 |
                320 |             -0.796 |             -0.578 |            0.00283 |            0.00237 |               91.7 |
                330 |             -0.766 |             -0.608 |            0.00313 |            0.00237 |               92.2 |
                340 |             -0.788 |             -0.604 |            0.00274 |            0.00237 |               91.9 |
                350 |             -0.719 |             -0.575 |            0.00271 |            0.00237 |               92.4 |
                360 |             -0.718 |             -0.585 |            0.00322 |            0.00237 |               92.3 |
                370 |             -0.785 |             -0.602 |            0.00253 |            0.00237 |               92.2 |
                380 |             -0.692 |             -0.604 |            0.00283 |            0.00237 |               92.1 |
                390 |             -0.612 |             -0.635 |            0.00308 |            0.00237 |               92.8 |
                400 |             -0.566 |             -0.653 |            0.00305 |            0.00237 |               92.1 |
                410 |             -0.499 |             -0.696 |            0.00279 |            0.00237 |               91.4 |
                420 |             -0.534 |              -0.73 |            0.00304 |            0.00224 |               92.9 |
                430 |             -0.449 |             -0.689 |            0.00274 |            0.00224 |               91.5 |
                440 |             -0.483 |             -0.691 |            0.00255 |            0.00224 |               93.1 |
                450 |             -0.494 |             -0.683 |            0.00267 |            0.00224 |               92.1 |
                460 |             -0.626 |             -0.675 |            0.00274 |            0.00224 |               92.1 |
                470 |             -0.585 |             -0.605 |            0.00326 |            0.00224 |               92.7 |
                480 |             -0.612 |             -0.619 |             0.0031 |            0.00224 |               92.2 |
                490 |              -0.68 |             -0.625 |             0.0033 |            0.00224 |               92.7 |
                500 |             -0.517 |              -0.64 |            0.00312 |            0.00224 |               92.2 |
                510 |             -0.515 |             -0.689 |             0.0024 |            0.00224 |               91.8 |
                520 |             -0.488 |             -0.678 |            0.00234 |            0.00224 |               92.3 |
                530 |             -0.473 |             -0.705 |            0.00282 |            0.00224 |               91.9 |
                540 |             -0.525 |             -0.699 |            0.00241 |            0.00204 |               91.8 |
                550 |             -0.505 |               -0.7 |            0.00254 |            0.00204 |               91.6 |
                560 |             -0.527 |               -0.7 |            0.00252 |            0.00194 |                 92 |
                570 |             -0.545 |             -0.718 |            0.00249 |            0.00194 |               92.6 |
                580 |             -0.547 |             -0.708 |            0.00268 |            0.00194 |               92.4 |
                590 |             -0.542 |             -0.708 |            0.00255 |            0.00179 |               91.9 |
                600 |             -0.525 |             -0.732 |            0.00239 |            0.00178 |               92.2 |
                610 |             -0.531 |              -0.74 |            0.00227 |            0.00178 |               92.1 |
                620 |             -0.499 |             -0.703 |            0.00251 |            0.00178 |               91.7 |
                630 |             -0.538 |             -0.688 |             0.0024 |            0.00178 |               93.1 |
                640 |             -0.601 |             -0.676 |            0.00277 |            0.00178 |               92.1 |
                650 |             -0.647 |             -0.658 |            0.00246 |            0.00178 |               92.3 |
                660 |             -0.688 |             -0.628 |             0.0031 |            0.00178 |               92.4 |
                670 |             -0.737 |             -0.659 |             0.0029 |            0.00178 |               93.4 |
                680 |             -0.756 |             -0.612 |            0.00288 |            0.00178 |                 93 |
                690 |             -0.722 |             -0.623 |            0.00239 |            0.00178 |               93.1 |
                700 |             -0.692 |              -0.61 |            0.00279 |            0.00178 |               93.2 |
                710 |             -0.681 |             -0.611 |            0.00277 |            0.00178 |               92.1 |
                720 |             -0.722 |             -0.638 |            0.00261 |            0.00178 |               93.8 |
                730 |              -0.66 |             -0.627 |            0.00226 |            0.00178 |               92.9 |
                740 |             -0.687 |             -0.651 |            0.00221 |            0.00178 |               93.5 |
                750 |             -0.639 |             -0.644 |            0.00228 |            0.00178 |               93.7 |
                760 |             -0.698 |              -0.65 |            0.00262 |            0.00178 |               93.4 |
                770 |             -0.654 |             -0.649 |            0.00305 |            0.00178 |               93.4 |
                780 |             -0.706 |             -0.653 |            0.00252 |            0.00178 |               93.1 |
                790 |             -0.623 |             -0.656 |            0.00282 |            0.00178 |               94.7 |
                800 |             -0.689 |             -0.624 |            0.00254 |            0.00178 |               92.5 |
                810 |             -0.679 |             -0.649 |            0.00291 |            0.00178 |               93.1 |
                820 |             -0.716 |             -0.612 |            0.00319 |            0.00178 |               93.3 |
                830 |             -0.749 |             -0.617 |            0.00291 |            0.00178 |               92.3 |
                840 |             -0.713 |             -0.628 |            0.00257 |            0.00178 |               93.5 |
                850 |             -0.712 |             -0.623 |            0.00231 |            0.00178 |               93.4 |
                860 |             -0.685 |             -0.637 |            0.00294 |            0.00178 |               93.3 |
                870 |             -0.681 |             -0.606 |            0.00308 |            0.00178 |               93.2 |
                880 |             -0.678 |               -0.6 |            0.00269 |            0.00178 |               93.1 |
                890 |             -0.673 |             -0.625 |            0.00262 |            0.00178 |               93.2 |
                900 |             -0.689 |             -0.613 |             0.0026 |            0.00178 |               92.6 |
                910 |             -0.688 |             -0.608 |            0.00277 |            0.00178 |                 94 |
                920 |             -0.644 |             -0.599 |            0.00241 |            0.00178 |               92.9 |
                930 |             -0.727 |             -0.603 |            0.00323 |            0.00178 |               93.1 |
                940 |             -0.684 |              -0.59 |              0.003 |            0.00178 |               93.6 |
                950 |             -0.712 |             -0.562 |            0.00265 |            0.00178 |               93.8 |
                960 |             -0.723 |             -0.588 |             0.0025 |            0.00178 |               92.8 |
                970 |             -0.749 |             -0.582 |            0.00326 |            0.00178 |               93.7 |
                980 |              -0.77 |             -0.602 |            0.00309 |            0.00178 |                 94 |
                990 |             -0.793 |             -0.587 |            0.00303 |            0.00178 |               94.4 |
Training complete: 
   Data path: /work/qgan/data/train/amp-qml_torch-q8-noiseless-REG-aerCPU-rand0.25-seed1 
   Best eval: 0.0017813755304677613 
   Total time: 9257.100992202759

Running: /work/qgan/data/train/ang-qml_torch-q4-noiseless-SPSA-aerCPU-rand0-seed0/config.yaml
              Epoch |     Generator cost | Discriminator cost |               Eval |          Best eval |               Time |
Training complete: 
   Data path: /work/qgan/data/train/ang-qml_torch-q4-noiseless-SPSA-aerCPU-rand0-seed0 
   Best eval: -0.0 
   Total time: 1578.4506595134735

Running: /work/qgan/data/train/ang-qml_torch-q4-noiseless-SPSA-aerCPU-rand0.5-seed1/config.yaml
Training data file created.
              Epoch |     Generator cost | Discriminator cost |               Eval |          Best eval |               Time |
                  0 |              -0.49 |              -0.64 |              0.203 |              0.203 |              0.845 |
                 10 |             -0.462 |             -0.644 |              0.178 |              0.116 |               8.41 |
                 20 |             -0.432 |             -0.672 |              0.188 |              0.046 |               8.42 |
                 30 |             -0.463 |             -0.662 |             0.0308 |             0.0308 |               8.43 |
                 40 |             -0.541 |             -0.617 |              0.148 |             0.0308 |               8.42 |
                 50 |             -0.498 |             -0.656 |             0.0611 |             0.0308 |               8.43 |
                 60 |             -0.548 |             -0.726 |              0.105 |             0.0308 |               8.39 |
                 70 |             -0.599 |             -0.653 |              0.119 |             0.0308 |               8.47 |
                 80 |             -0.479 |             -0.603 |              0.159 |             0.0308 |                8.5 |
                 90 |             -0.546 |             -0.691 |              0.163 |             0.0308 |               8.51 |
                100 |             -0.567 |             -0.636 |              0.331 |             0.0308 |               8.48 |
                110 |             -0.657 |              -0.62 |              0.135 |             0.0308 |               8.47 |
                120 |             -0.407 |              -0.64 |              0.278 |             0.0308 |               8.48 |
                130 |             -0.609 |             -0.661 |              0.105 |             0.0308 |               8.48 |
                140 |              -0.41 |             -0.624 |              0.272 |             0.0308 |               8.44 |
                150 |             -0.594 |             -0.715 |              0.166 |             0.0308 |               8.45 |
                160 |             -0.512 |             -0.699 |              0.224 |             0.0308 |               8.47 |
                170 |             -0.648 |             -0.705 |              0.193 |             0.0308 |               8.44 |
                180 |               -0.7 |             -0.656 |              0.331 |             0.0308 |               8.47 |
                190 |             -0.525 |             -0.621 |                0.3 |             0.0308 |               8.48 |
                200 |             -0.655 |             -0.613 |             0.0767 |             0.0308 |               8.44 |
                210 |             -0.519 |              -0.69 |              0.157 |             0.0308 |               8.47 |
                220 |             -0.512 |             -0.705 |              0.229 |             0.0308 |               8.46 |
                230 |              -0.64 |             -0.647 |              0.195 |             0.0308 |               8.41 |
                240 |             -0.603 |             -0.619 |              0.253 |             0.0308 |               8.45 |
                250 |             -0.528 |             -0.636 |              0.163 |             0.0308 |               8.46 |
                260 |             -0.492 |             -0.646 |               0.21 |             0.0308 |               8.45 |
                270 |              -0.59 |             -0.676 |              0.223 |             0.0308 |                8.5 |
                280 |             -0.637 |             -0.581 |              0.122 |             0.0308 |               8.59 |
                290 |             -0.526 |             -0.656 |               0.31 |             0.0308 |               8.56 |
                300 |             -0.727 |             -0.712 |               0.16 |             0.0308 |               8.47 |
                310 |             -0.647 |             -0.657 |              0.332 |             0.0308 |               8.44 |
                320 |             -0.606 |             -0.673 |              0.178 |             0.0308 |               8.61 |
                330 |             -0.649 |             -0.616 |               0.21 |             0.0308 |               8.69 |
                340 |             -0.791 |             -0.572 |              0.234 |             0.0308 |               8.81 |
                350 |             -0.702 |             -0.692 |              0.261 |             0.0308 |               8.69 |
                360 |              -0.72 |             -0.601 |              0.307 |             0.0308 |               8.74 |
                370 |             -0.713 |             -0.646 |              0.173 |             0.0308 |               8.67 |
                380 |             -0.762 |             -0.656 |              0.243 |             0.0308 |               8.74 |
                390 |             -0.608 |             -0.655 |              0.308 |             0.0308 |               8.81 |
                400 |              -0.61 |             -0.652 |              0.265 |             0.0308 |               8.78 |
                410 |             -0.658 |             -0.584 |              0.293 |             0.0308 |               8.81 |
                420 |             -0.763 |             -0.643 |               0.29 |             0.0308 |               8.85 |
                430 |             -0.791 |              -0.63 |              0.163 |             0.0308 |                8.8 |
                440 |             -0.701 |             -0.604 |             0.0991 |             0.0308 |               8.83 |
                450 |             -0.672 |              -0.67 |              0.331 |             0.0308 |               8.76 |
                460 |             -0.634 |             -0.581 |              0.363 |             0.0308 |               8.73 |
                470 |             -0.673 |             -0.663 |               0.21 |             0.0308 |               8.81 |
                480 |             -0.695 |             -0.634 |              0.353 |             0.0308 |               8.84 |
                490 |             -0.711 |              -0.57 |              0.353 |             0.0308 |                8.8 |
                500 |             -0.727 |             -0.647 |              0.319 |             0.0308 |               8.78 |
                510 |             -0.788 |             -0.603 |              0.241 |             0.0308 |               8.79 |
                520 |             -0.702 |             -0.667 |              0.233 |             0.0308 |               8.73 |
                530 |             -0.715 |             -0.672 |              0.196 |             0.0308 |               8.72 |
                540 |               -0.8 |             -0.537 |              0.205 |             0.0308 |               8.72 |
                550 |             -0.648 |             -0.601 |              0.225 |             0.0308 |               8.72 |
                560 |             -0.848 |              -0.61 |              0.249 |             0.0308 |               8.76 |
                570 |             -0.731 |              -0.65 |               0.22 |             0.0308 |               8.85 |
                580 |             -0.809 |             -0.572 |              0.204 |             0.0308 |               8.86 |
                590 |             -0.862 |             -0.587 |              0.413 |             0.0308 |               8.76 |
                600 |             -0.729 |             -0.655 |              0.301 |             0.0308 |               8.74 |
                610 |             -0.768 |             -0.576 |                0.2 |             0.0308 |               8.78 |
                620 |             -0.843 |             -0.667 |              0.289 |             0.0308 |               8.74 |
                630 |             -0.691 |             -0.751 |               0.29 |             0.0308 |               8.78 |
                640 |             -0.792 |             -0.605 |              0.257 |             0.0308 |               8.75 |
                650 |             -0.673 |             -0.631 |               0.22 |             0.0308 |               8.74 |
                660 |             -0.802 |             -0.664 |              0.423 |             0.0308 |               8.76 |
                670 |             -0.757 |             -0.638 |              0.207 |             0.0308 |               8.76 |
                680 |             -0.781 |             -0.629 |              0.273 |             0.0308 |                8.8 |
                690 |             -0.681 |             -0.564 |              0.136 |             0.0308 |               8.74 |
                700 |             -0.774 |               -0.6 |              0.301 |             0.0308 |               8.75 |
                710 |             -0.747 |             -0.611 |              0.401 |             0.0308 |               8.87 |
                720 |             -0.713 |             -0.564 |              0.166 |             0.0308 |               8.82 |
                730 |             -0.846 |             -0.584 |              0.191 |             0.0308 |               8.71 |
                740 |             -0.872 |             -0.566 |               0.35 |             0.0308 |                8.9 |
                750 |             -0.746 |             -0.563 |              0.273 |             0.0308 |               8.73 |
                760 |             -0.902 |             -0.633 |              0.458 |             0.0308 |                8.8 |
                770 |             -0.844 |             -0.546 |              0.279 |             0.0308 |               8.73 |
                780 |             -0.757 |             -0.607 |              0.384 |             0.0308 |               8.76 |
                790 |             -0.683 |             -0.651 |              0.304 |             0.0308 |               8.82 |
                800 |             -0.866 |             -0.695 |              0.245 |             0.0308 |               8.84 |
                810 |             -0.668 |             -0.548 |              0.339 |             0.0308 |               8.79 |
                820 |             -0.759 |             -0.534 |               0.29 |             0.0308 |               8.79 |
                830 |             -0.764 |             -0.633 |              0.318 |             0.0308 |               8.81 |
                840 |             -0.775 |             -0.573 |              0.503 |             0.0308 |               8.76 |
                850 |             -0.859 |             -0.603 |               0.29 |             0.0308 |               8.69 |
                860 |             -0.797 |             -0.571 |              0.211 |             0.0308 |               8.68 |
                870 |             -0.879 |             -0.607 |              0.479 |             0.0308 |               8.74 |
                880 |              -0.87 |             -0.576 |               0.33 |             0.0308 |               8.72 |
                890 |             -0.748 |             -0.643 |              0.483 |             0.0308 |               8.72 |
                900 |             -0.805 |             -0.564 |              0.312 |             0.0308 |                8.9 |
                910 |              -0.68 |             -0.551 |              0.313 |             0.0308 |               8.84 |
                920 |             -0.732 |             -0.566 |              0.357 |             0.0308 |               8.73 |
                930 |             -0.885 |             -0.563 |              0.268 |             0.0308 |               8.82 |
                940 |             -0.829 |             -0.658 |               0.44 |             0.0308 |               8.91 |
                950 |             -0.778 |             -0.571 |              0.261 |             0.0308 |               8.78 |
                960 |             -0.742 |             -0.695 |              0.278 |             0.0308 |               8.82 |
                970 |             -0.786 |             -0.649 |              0.342 |             0.0308 |               8.81 |
                980 |             -0.754 |             -0.545 |              0.412 |             0.0308 |                8.8 |
                990 |             -0.763 |             -0.634 |              0.346 |             0.0308 |               8.75 |
Training complete: 
   Data path: /work/qgan/data/train/ang-qml_torch-q4-noiseless-SPSA-aerCPU-rand0.5-seed1 
   Best eval: 0.0307871475815773 
   Total time: 867.6836159229279

Running: /work/qgan/data/train/ang-qml_torch-q4-noiseless-REG-aerCPU-rand0.1-seed0/config.yaml
              Epoch |     Generator cost | Discriminator cost |               Eval |          Best eval |               Time |
Training complete: 
   Data path: /work/qgan/data/train/ang-qml_torch-q4-noiseless-REG-aerCPU-rand0.1-seed0 
   Best eval: -0.0 
   Total time: 1847.6736752986908

Running: /work/qgan/data/train/ang-qml_torch-q4-noiseless-REG-aerCPU-rand1-seed1/config.yaml
Training data file created.
              Epoch |     Generator cost | Discriminator cost |               Eval |          Best eval |               Time |
                  0 |             -0.435 |             -0.704 |              0.195 |              0.195 |               1.16 |
                 10 |             -0.373 |             -0.664 |              0.196 |              0.127 |               11.4 |
                 20 |             -0.599 |             -0.694 |              0.251 |              0.126 |               11.6 |
                 30 |              -0.51 |             -0.704 |              0.411 |             0.0723 |               11.3 |
                 40 |             -0.407 |             -0.774 |              0.283 |             0.0723 |               11.6 |
                 50 |             -0.502 |              -0.78 |              0.255 |             0.0723 |               11.6 |
                 60 |             -0.395 |             -0.763 |              0.304 |             0.0723 |               11.3 |
                 70 |             -0.546 |             -0.804 |              0.315 |             0.0723 |               11.6 |
                 80 |             -0.486 |             -0.784 |               0.26 |             0.0723 |               11.3 |
                 90 |               -0.5 |               -0.8 |              0.275 |             0.0723 |               11.6 |
                100 |             -0.384 |             -0.768 |              0.119 |             0.0723 |               11.6 |
                110 |             -0.389 |             -0.758 |              0.294 |             0.0723 |               11.4 |
                120 |             -0.519 |             -0.709 |              0.164 |             0.0723 |               11.6 |
                130 |             -0.431 |             -0.735 |              0.237 |             0.0723 |               11.3 |
                140 |             -0.656 |             -0.712 |              0.205 |             0.0723 |               11.6 |
                150 |             -0.377 |             -0.657 |              0.238 |             0.0723 |               11.3 |
                160 |             -0.587 |             -0.737 |              0.274 |             0.0723 |               11.6 |
                170 |             -0.592 |             -0.807 |             0.0579 |             0.0579 |               11.5 |
                180 |              -0.54 |             -0.801 |              0.217 |             0.0579 |               11.3 |
                190 |             -0.581 |              -0.73 |               0.19 |             0.0579 |               11.6 |
                200 |             -0.507 |             -0.824 |              0.351 |             0.0579 |               11.4 |
                210 |             -0.498 |             -0.685 |              0.336 |             0.0579 |               11.5 |
                220 |             -0.698 |             -0.664 |              0.207 |             0.0579 |               11.5 |
                230 |             -0.353 |             -0.744 |              0.214 |             0.0579 |               11.3 |
                240 |             -0.289 |              -0.76 |             0.0501 |             0.0501 |               11.6 |
                250 |             -0.525 |             -0.742 |              0.282 |             0.0501 |               11.3 |
                260 |             -0.555 |             -0.774 |              0.291 |             0.0501 |               11.6 |
                270 |             -0.566 |             -0.722 |              0.283 |             0.0501 |               11.3 |
                280 |             -0.408 |             -0.677 |              0.189 |             0.0501 |               11.6 |
                290 |             -0.513 |             -0.731 |             0.0875 |             0.0501 |               11.8 |
                300 |             -0.486 |             -0.757 |              0.255 |             0.0501 |               11.5 |
                310 |             -0.537 |             -0.739 |              0.223 |             0.0501 |               11.8 |
                320 |             -0.499 |             -0.779 |              0.424 |             0.0501 |               11.5 |
                330 |             -0.651 |             -0.702 |              0.348 |             0.0501 |               11.7 |
                340 |             -0.493 |             -0.658 |              0.291 |             0.0501 |               11.6 |
                350 |             -0.591 |             -0.738 |              0.252 |             0.0501 |               11.7 |
                360 |             -0.499 |             -0.742 |              0.141 |             0.0501 |               11.8 |
                370 |             -0.352 |             -0.811 |              0.264 |             0.0501 |               11.4 |
                380 |             -0.464 |             -0.722 |              0.182 |             0.0501 |               11.7 |
                390 |             -0.661 |             -0.753 |              0.243 |             0.0501 |               11.5 |
                400 |             -0.622 |             -0.763 |              0.319 |             0.0501 |               11.7 |
                410 |             -0.451 |             -0.692 |              0.303 |             0.0501 |               11.7 |
                420 |             -0.481 |             -0.822 |               0.23 |             0.0501 |               11.4 |
                430 |             -0.674 |             -0.678 |              0.272 |             0.0501 |               11.6 |
                440 |             -0.531 |             -0.739 |              0.202 |             0.0501 |               11.4 |
                450 |             -0.486 |             -0.731 |              0.194 |             0.0501 |               11.7 |
                460 |             -0.511 |             -0.736 |              0.164 |             0.0501 |               11.4 |
                470 |             -0.504 |             -0.799 |              0.422 |             0.0501 |               11.6 |
                480 |               -0.4 |             -0.715 |              0.264 |             0.0501 |               11.6 |
                490 |             -0.391 |             -0.685 |               0.21 |             0.0501 |               11.4 |
                500 |             -0.566 |             -0.718 |              0.205 |             0.0501 |               11.6 |
                510 |              -0.48 |             -0.764 |              0.334 |             0.0501 |               11.4 |
                520 |             -0.619 |             -0.685 |               0.27 |             0.0501 |               11.7 |
                530 |             -0.387 |             -0.805 |              0.245 |             0.0501 |               11.4 |
                540 |             -0.404 |             -0.781 |              0.198 |             0.0501 |               11.6 |
                550 |             -0.496 |             -0.702 |              0.169 |             0.0501 |               11.6 |
                560 |             -0.616 |             -0.782 |              0.314 |             0.0501 |               11.4 |
                570 |             -0.336 |             -0.757 |              0.235 |             0.0501 |               11.7 |
                580 |             -0.551 |             -0.774 |              0.169 |             0.0501 |               11.4 |
                590 |              -0.43 |             -0.832 |              0.228 |             0.0501 |               11.6 |
                600 |             -0.472 |             -0.758 |              0.281 |             0.0501 |               11.7 |
                610 |             -0.622 |              -0.73 |              0.293 |             0.0501 |               11.4 |
                620 |             -0.197 |             -0.691 |              0.241 |             0.0501 |               11.6 |
                630 |             -0.556 |             -0.633 |              0.362 |             0.0501 |               11.4 |
                640 |             -0.559 |              -0.68 |              0.394 |             0.0501 |               11.6 |
                650 |              -0.55 |               -0.7 |              0.186 |             0.0501 |               11.4 |
                660 |             -0.422 |             -0.682 |              0.199 |             0.0501 |               11.7 |
                670 |             -0.469 |              -0.71 |              0.293 |             0.0501 |               11.6 |
                680 |             -0.729 |             -0.733 |              0.106 |             0.0501 |               11.4 |
                690 |             -0.436 |             -0.697 |              0.343 |             0.0501 |               11.7 |
                700 |             -0.632 |               -0.8 |              0.357 |             0.0501 |               11.5 |
                710 |             -0.545 |             -0.812 |              0.261 |             0.0501 |               11.7 |
                720 |             -0.476 |             -0.823 |              0.356 |             0.0501 |               11.4 |
                730 |             -0.481 |             -0.815 |              0.264 |             0.0501 |               11.8 |
                740 |             -0.345 |             -0.688 |              0.266 |             0.0501 |               11.9 |
                750 |             -0.679 |             -0.827 |              0.219 |             0.0501 |               11.6 |
                760 |             -0.367 |             -0.686 |               0.23 |             0.0501 |               11.7 |
                770 |             -0.559 |             -0.838 |              0.352 |             0.0501 |               11.5 |
                780 |             -0.345 |             -0.797 |               0.24 |             0.0501 |               11.8 |
                790 |             -0.471 |             -0.713 |              0.152 |             0.0501 |               11.8 |
                800 |             -0.608 |             -0.681 |              0.243 |             0.0501 |               11.5 |
                810 |              -0.54 |             -0.721 |              0.322 |             0.0501 |               11.8 |
                820 |             -0.498 |             -0.768 |              0.295 |             0.0501 |               11.5 |
                830 |             -0.403 |             -0.736 |              0.205 |             0.0501 |               11.8 |
                840 |             -0.479 |             -0.771 |              0.156 |             0.0501 |               11.9 |
                850 |             -0.459 |              -0.77 |              0.383 |             0.0501 |               12.1 |
                860 |              -0.32 |             -0.767 |              0.357 |             0.0501 |               12.6 |
                870 |             -0.354 |             -0.807 |              0.156 |             0.0501 |               12.4 |
                880 |             -0.577 |             -0.699 |              0.332 |             0.0501 |               13.3 |
                890 |             -0.321 |             -0.682 |              0.154 |             0.0501 |                 12 |
                900 |             -0.608 |             -0.769 |              0.252 |             0.0501 |               12.7 |
                910 |             -0.408 |             -0.847 |               0.25 |             0.0501 |               12.4 |
                920 |             -0.654 |             -0.818 |              0.126 |             0.0501 |               12.2 |
                930 |              -0.58 |              -0.71 |              0.447 |             0.0501 |               12.6 |
                940 |             -0.427 |             -0.707 |              0.253 |             0.0501 |                 12 |
                950 |             -0.581 |             -0.722 |              0.286 |             0.0501 |               12.2 |
                960 |             -0.447 |             -0.749 |              0.104 |             0.0501 |               11.7 |
                970 |             -0.656 |             -0.833 |              0.264 |             0.0501 |               12.5 |
                980 |             -0.659 |             -0.705 |              0.364 |             0.0501 |               13.1 |
                990 |             -0.449 |             -0.694 |              0.196 |             0.0501 |               12.1 |
Training complete: 
   Data path: /work/qgan/data/train/ang-qml_torch-q4-noiseless-REG-aerCPU-rand1-seed1 
   Best eval: 0.050112415105104446 
   Total time: 1169.1936626434326

Running: /work/qgan/data/train/base-qml_torch-q8-noiseless-PSR-aerCPU-rand0.25-seed0/config.yaml
              Epoch |     Generator cost | Discriminator cost |               Eval |          Best eval |               Time |
Training complete: 
   Data path: /work/qgan/data/train/base-qml_torch-q8-noiseless-PSR-aerCPU-rand0.25-seed0 
   Best eval: 0.4619781407908085 
   Total time: 747.157407283783

Running: /work/qgan/data/train/base-qml_torch-q8-noiseless-PSR-aerCPU-rand0-seed2/config.yaml
              Epoch |     Generator cost | Discriminator cost |               Eval |          Best eval |               Time |
Training complete: 
   Data path: /work/qgan/data/train/base-qml_torch-q8-noiseless-PSR-aerCPU-rand0-seed2 
   Best eval: 1.7288426468844649 
   Total time: 728.0568962097168

Running: /work/qgan/data/train/base-qml_torch-q4-noiseless-REG-aerCPU-rand0.5-seed0/config.yaml
              Epoch |     Generator cost | Discriminator cost |               Eval |          Best eval |               Time |
Training complete: 
   Data path: /work/qgan/data/train/base-qml_torch-q4-noiseless-REG-aerCPU-rand0.5-seed0 
   Best eval: 0.3795076419026248 
   Total time: 82.16608715057373

Running: /work/qgan/data/train/base-qml_torch-q4-noiseless-REG-aerCPU-rand0.1-seed2/config.yaml
              Epoch |     Generator cost | Discriminator cost |               Eval |          Best eval |               Time |
Training complete: 
   Data path: /work/qgan/data/train/base-qml_torch-q4-noiseless-REG-aerCPU-rand0.1-seed2 
   Best eval: 0.036377327634683126 
   Total time: 90.26302433013916

Running: /work/qgan/data/train/amp-qml_torch-q4-noiseless-SPSA-aerCPU-rand1-seed0/config.yaml
Training data file created.
              Epoch |     Generator cost | Discriminator cost |               Eval |          Best eval |               Time |
                  0 |             -0.509 |              -0.42 |             0.0738 |             0.0738 |             0.0728 |
                 10 |             -0.454 |             -0.399 |             0.0539 |             0.0137 |              0.648 |
                 20 |             -0.468 |             -0.493 |             0.0567 |             0.0137 |              0.646 |
                 30 |             -0.484 |               -0.4 |               0.04 |             0.0137 |              0.644 |
                 40 |             -0.453 |             -0.411 |             0.0373 |             0.0137 |              0.659 |
                 50 |             -0.507 |             -0.432 |             0.0514 |             0.0137 |              0.645 |
                 60 |             -0.418 |             -0.514 |             0.0614 |             0.0137 |              0.646 |
                 70 |             -0.517 |             -0.477 |             0.0388 |            0.00799 |              0.648 |
                 80 |             -0.525 |             -0.487 |             0.0343 |            0.00799 |              0.658 |
                 90 |             -0.531 |             -0.419 |              0.047 |            0.00799 |              0.647 |
                100 |             -0.618 |             -0.424 |             0.0466 |            0.00799 |              0.651 |
                110 |             -0.333 |             -0.474 |             0.0376 |            0.00799 |              0.653 |
                120 |             -0.547 |             -0.435 |             0.0121 |            0.00799 |              0.665 |
                130 |             -0.654 |             -0.565 |             0.0227 |            0.00799 |              0.644 |
                140 |             -0.615 |             -0.485 |             0.0688 |            0.00799 |              0.649 |
                150 |             -0.662 |             -0.585 |             0.0358 |            0.00799 |              0.646 |
                160 |             -0.406 |             -0.707 |             0.0364 |            0.00799 |              0.661 |
                170 |             -0.678 |             -0.528 |               0.06 |            0.00799 |              0.654 |
                180 |             -0.604 |             -0.522 |             0.0358 |            0.00799 |               0.65 |
                190 |             -0.223 |             -0.662 |             0.0562 |            0.00799 |              0.647 |
                200 |             -0.416 |             -0.657 |              0.038 |            0.00799 |              0.663 |
                210 |             -0.326 |             -0.509 |             0.0555 |            0.00799 |              0.647 |
                220 |             -0.276 |             -0.625 |             0.0553 |            0.00799 |               0.65 |
                230 |             -0.517 |             -0.589 |              0.042 |            0.00799 |              0.651 |
                240 |             -0.473 |             -0.667 |             0.0486 |            0.00799 |              0.669 |
                250 |             -0.652 |             -0.561 |             0.0592 |            0.00799 |              0.655 |
                260 |             -0.438 |             -0.589 |             0.0471 |            0.00799 |              0.661 |
                270 |             -0.629 |             -0.668 |             0.0549 |            0.00799 |              0.657 |
                280 |             -0.346 |             -0.693 |             0.0652 |            0.00799 |               0.67 |
                290 |             -0.313 |             -0.661 |              0.061 |            0.00799 |               0.66 |
                300 |             -0.491 |             -0.542 |             0.0731 |            0.00799 |              0.658 |
                310 |             -0.402 |             -0.539 |             0.0302 |            0.00799 |              0.668 |
                320 |             -0.505 |              -0.66 |             0.0451 |            0.00799 |              0.637 |
                330 |             -0.527 |             -0.541 |             0.0689 |            0.00799 |              0.644 |
                340 |             -0.586 |             -0.732 |             0.0397 |            0.00799 |              0.652 |
                350 |             -0.558 |             -0.745 |             0.0641 |            0.00799 |              0.662 |
                360 |             -0.622 |             -0.645 |             0.0472 |            0.00799 |              0.672 |
                370 |             -0.682 |             -0.742 |             0.0468 |            0.00799 |               0.66 |
                380 |             -0.755 |             -0.803 |             0.0676 |            0.00799 |              0.656 |
                390 |             -0.497 |             -0.802 |             0.0444 |            0.00799 |              0.667 |
                400 |             -0.429 |             -0.651 |             0.0431 |            0.00799 |              0.667 |
                410 |             -0.516 |             -0.643 |             0.0316 |            0.00799 |              0.661 |
                420 |             -0.339 |             -0.621 |             0.0374 |            0.00799 |              0.664 |
                430 |             -0.667 |             -0.751 |             0.0507 |            0.00799 |              0.666 |
                440 |             -0.549 |             -0.698 |             0.0617 |            0.00799 |              0.662 |
                450 |               -0.9 |             -0.645 |             0.0707 |            0.00799 |              0.654 |
                460 |             -0.426 |             -0.699 |              0.075 |            0.00799 |              0.656 |
                470 |             -0.229 |             -0.657 |             0.0758 |            0.00799 |              0.672 |
                480 |             -0.306 |             -0.849 |             0.0148 |            0.00799 |              0.658 |
                490 |             -0.449 |             -0.803 |             0.0751 |            0.00799 |              0.658 |
                500 |             -0.302 |             -0.661 |             0.0298 |            0.00799 |              0.661 |
                510 |             -0.673 |             -0.639 |             0.0486 |            0.00799 |              0.665 |
                520 |             -0.559 |             -0.644 |              0.039 |            0.00799 |              0.643 |
                530 |             -0.428 |             -0.641 |               0.05 |            0.00799 |              0.655 |
                540 |             -0.493 |             -0.714 |              0.042 |            0.00799 |              0.648 |
                550 |             -0.507 |             -0.704 |             0.0554 |            0.00799 |              0.663 |
                560 |              -0.51 |             -0.802 |             0.0322 |            0.00412 |              0.643 |
                570 |              -0.57 |             -0.671 |             0.0393 |            0.00412 |               0.64 |
                580 |             -0.661 |              -0.74 |             0.0306 |            0.00412 |              0.659 |
                590 |             -0.377 |             -0.697 |             0.0423 |            0.00412 |              0.657 |
                600 |             -0.392 |             -0.717 |             0.0315 |            0.00412 |              0.652 |
                610 |             -0.346 |             -0.658 |             0.0313 |            0.00412 |              0.651 |
                620 |             -0.604 |             -0.768 |              0.043 |            0.00412 |              0.646 |
                630 |             -0.301 |             -0.665 |             0.0521 |            0.00412 |              0.664 |
                640 |             -0.441 |             -0.633 |             0.0392 |            0.00412 |               0.64 |
                650 |             -0.549 |             -0.838 |             0.0384 |            0.00412 |              0.652 |
                660 |             -0.527 |             -0.736 |             0.0167 |            0.00412 |              0.654 |
                670 |             -0.509 |             -0.651 |             0.0406 |            0.00412 |              0.663 |
                680 |             -0.539 |             -0.639 |             0.0374 |            0.00412 |              0.652 |
                690 |             -0.621 |             -0.895 |             0.0399 |            0.00412 |              0.645 |
                700 |             -0.178 |             -0.925 |             0.0505 |            0.00412 |              0.663 |
                710 |             -0.618 |             -0.768 |             0.0731 |            0.00412 |              0.657 |
                720 |             -0.507 |             -0.733 |              0.063 |            0.00412 |              0.617 |
                730 |             -0.365 |             -0.742 |             0.0494 |            0.00412 |              0.657 |
                740 |             -0.572 |             -0.746 |             0.0484 |            0.00412 |              0.645 |
                750 |             -0.361 |             -0.774 |              0.041 |            0.00412 |               0.66 |
                760 |              -0.53 |               -0.6 |             0.0715 |            0.00412 |               0.63 |
                770 |              -0.46 |             -0.705 |             0.0648 |            0.00412 |              0.651 |
                780 |             -0.653 |             -0.628 |             0.0377 |            0.00412 |              0.667 |
                790 |             -0.482 |             -0.734 |             0.0287 |            0.00412 |               0.65 |
                800 |             -0.533 |             -0.581 |             0.0537 |            0.00412 |              0.664 |
                810 |             -0.558 |             -0.619 |             0.0346 |            0.00412 |              0.662 |
                820 |             -0.619 |             -0.606 |             0.0239 |            0.00412 |              0.668 |
                830 |             -0.191 |             -0.861 |             0.0577 |            0.00412 |              0.663 |
                840 |             -0.564 |             -0.752 |             0.0623 |            0.00412 |               0.65 |
                850 |             -0.577 |              -0.77 |             0.0616 |            0.00412 |              0.659 |
                860 |             -0.353 |             -0.732 |             0.0384 |            0.00412 |              0.672 |
                870 |              -0.58 |             -0.649 |             0.0362 |            0.00412 |              0.642 |
                880 |             -0.467 |             -0.783 |              0.051 |            0.00412 |              0.662 |
                890 |             -0.352 |             -0.781 |              0.044 |            0.00412 |              0.649 |
                900 |             -0.784 |             -0.748 |             0.0479 |            0.00412 |              0.672 |
                910 |             -0.608 |              -0.72 |             0.0644 |            0.00412 |              0.652 |
                920 |             -0.428 |             -0.637 |             0.0608 |            0.00412 |              0.646 |
                930 |             -0.655 |             -0.659 |             0.0515 |            0.00412 |              0.657 |
                940 |             -0.435 |             -0.743 |             0.0413 |            0.00412 |              0.664 |
                950 |             -0.467 |             -0.791 |             0.0509 |            0.00412 |              0.659 |
                960 |             -0.401 |              -0.72 |             0.0493 |            0.00412 |               0.66 |
                970 |              -0.77 |              -0.63 |             0.0357 |            0.00412 |              0.656 |
                980 |             -0.483 |             -0.825 |             0.0416 |            0.00412 |               0.67 |
                990 |             -0.492 |             -0.802 |              0.053 |            0.00412 |              0.657 |
Training complete: 
   Data path: /work/qgan/data/train/amp-qml_torch-q4-noiseless-SPSA-aerCPU-rand1-seed0 
   Best eval: 0.004116540618652571 
   Total time: 65.53816604614258

Running: /work/qgan/data/train/amp-qml_torch-q4-noiseless-SPSA-aerCPU-rand0.25-seed2/config.yaml
Training data file created.
              Epoch |     Generator cost | Discriminator cost |               Eval |          Best eval |               Time |
                  0 |             -0.712 |             -0.359 |              0.058 |              0.058 |             0.0698 |
                 10 |             -0.707 |             -0.317 |             0.0536 |             0.0436 |              0.659 |
                 20 |             -0.695 |             -0.344 |             0.0733 |             0.0436 |              0.649 |
                 30 |             -0.677 |             -0.289 |             0.0743 |             0.0436 |              0.644 |
                 40 |             -0.759 |             -0.355 |             0.0636 |             0.0436 |              0.645 |
                 50 |             -0.727 |             -0.359 |             0.0679 |             0.0433 |              0.661 |
                 60 |             -0.755 |             -0.352 |             0.0599 |             0.0433 |              0.644 |
                 70 |              -0.68 |             -0.388 |             0.0552 |             0.0433 |              0.647 |
                 80 |             -0.711 |             -0.375 |             0.0764 |             0.0433 |              0.651 |
                 90 |             -0.771 |             -0.357 |             0.0789 |             0.0433 |              0.658 |
                100 |             -0.805 |             -0.347 |             0.0659 |             0.0409 |              0.645 |
                110 |              -0.79 |              -0.37 |             0.0564 |             0.0409 |              0.645 |
                120 |             -0.839 |             -0.342 |             0.0705 |             0.0409 |              0.647 |
                130 |             -0.815 |             -0.359 |             0.0776 |             0.0409 |              0.655 |
                140 |             -0.852 |             -0.384 |              0.064 |             0.0409 |              0.645 |
                150 |              -0.78 |             -0.372 |             0.0688 |             0.0409 |              0.646 |
                160 |             -0.869 |              -0.38 |             0.0674 |             0.0409 |              0.642 |
                170 |             -0.853 |             -0.384 |             0.0756 |             0.0409 |              0.667 |
                180 |               -0.8 |             -0.376 |             0.0512 |             0.0409 |              0.639 |
                190 |             -0.819 |             -0.424 |             0.0629 |             0.0409 |              0.644 |
                200 |             -0.866 |             -0.391 |              0.075 |             0.0409 |              0.649 |
                210 |             -0.827 |             -0.414 |             0.0443 |             0.0409 |              0.649 |
                220 |             -0.875 |             -0.451 |             0.0749 |             0.0409 |              0.655 |
                230 |             -0.847 |             -0.423 |              0.069 |             0.0409 |              0.656 |
                240 |             -0.805 |             -0.444 |             0.0583 |             0.0409 |              0.655 |
                250 |             -0.861 |             -0.461 |             0.0705 |             0.0409 |              0.654 |
                260 |             -0.802 |             -0.426 |             0.0765 |             0.0409 |              0.649 |
                270 |             -0.727 |             -0.426 |              0.047 |             0.0409 |              0.643 |
                280 |             -0.826 |             -0.448 |             0.0776 |             0.0409 |               0.65 |
                290 |             -0.867 |             -0.476 |             0.0618 |             0.0409 |              0.655 |
                300 |             -0.857 |             -0.481 |             0.0546 |             0.0409 |              0.604 |
                310 |             -0.909 |             -0.455 |             0.0772 |             0.0409 |              0.652 |
                320 |             -0.936 |             -0.555 |             0.0657 |             0.0409 |              0.629 |
                330 |             -0.885 |             -0.489 |             0.0632 |             0.0409 |              0.655 |
                340 |             -0.954 |             -0.461 |             0.0587 |             0.0409 |              0.625 |
                350 |             -0.932 |             -0.526 |             0.0758 |             0.0409 |              0.615 |
                360 |             -0.939 |              -0.49 |             0.0498 |             0.0409 |              0.663 |
                370 |             -0.893 |             -0.564 |             0.0693 |             0.0409 |              0.644 |
                380 |             -0.835 |             -0.549 |             0.0761 |             0.0409 |              0.643 |
                390 |             -0.826 |             -0.536 |             0.0744 |             0.0409 |              0.642 |
                400 |             -0.862 |             -0.524 |             0.0591 |             0.0409 |              0.646 |
                410 |             -0.921 |             -0.551 |             0.0734 |             0.0409 |               0.66 |
                420 |             -0.851 |             -0.574 |             0.0713 |             0.0409 |               0.64 |
                430 |             -0.886 |             -0.533 |             0.0509 |             0.0409 |               0.65 |
                440 |             -0.879 |             -0.534 |              0.073 |             0.0409 |              0.639 |
                450 |             -0.828 |             -0.536 |             0.0763 |             0.0409 |              0.661 |
                460 |             -0.923 |             -0.515 |             0.0464 |             0.0409 |              0.643 |
                470 |             -0.892 |              -0.51 |             0.0551 |             0.0409 |              0.644 |
                480 |             -0.858 |             -0.537 |             0.0544 |             0.0409 |              0.655 |
                490 |             -0.922 |             -0.546 |             0.0555 |             0.0409 |              0.655 |
                500 |             -0.868 |              -0.53 |             0.0725 |             0.0409 |               0.65 |
                510 |             -0.906 |             -0.514 |             0.0737 |             0.0409 |              0.664 |
                520 |             -0.844 |             -0.524 |             0.0663 |             0.0409 |              0.658 |
                530 |             -0.912 |             -0.507 |             0.0682 |             0.0409 |              0.666 |
                540 |             -0.869 |              -0.52 |              0.056 |             0.0409 |              0.647 |
                550 |             -0.909 |             -0.529 |             0.0679 |             0.0409 |              0.654 |
                560 |             -0.869 |             -0.535 |             0.0579 |             0.0409 |              0.658 |
                570 |             -0.876 |             -0.505 |             0.0568 |             0.0409 |              0.659 |
                580 |             -0.907 |              -0.53 |             0.0678 |             0.0409 |               0.66 |
                590 |              -0.94 |             -0.553 |             0.0638 |             0.0409 |              0.651 |
                600 |             -0.815 |             -0.548 |             0.0655 |             0.0409 |              0.667 |
                610 |             -0.849 |             -0.504 |             0.0803 |             0.0409 |              0.669 |
                620 |             -0.802 |             -0.534 |             0.0734 |             0.0409 |              0.658 |
                630 |             -0.912 |             -0.544 |             0.0707 |             0.0409 |              0.656 |
                640 |             -0.894 |             -0.556 |              0.055 |             0.0409 |              0.671 |
                650 |             -0.841 |             -0.506 |             0.0771 |             0.0409 |              0.659 |
                660 |               -0.9 |             -0.525 |             0.0713 |             0.0409 |              0.654 |
                670 |             -0.913 |             -0.501 |             0.0687 |             0.0409 |              0.662 |
                680 |             -0.889 |             -0.532 |              0.063 |             0.0409 |              0.666 |
                690 |             -0.939 |             -0.519 |             0.0754 |             0.0409 |              0.659 |
                700 |             -0.868 |             -0.536 |             0.0693 |             0.0409 |              0.655 |
                710 |             -0.916 |             -0.535 |             0.0552 |             0.0409 |              0.651 |
                720 |             -0.935 |             -0.555 |             0.0631 |             0.0409 |              0.674 |
                730 |             -0.839 |             -0.551 |             0.0571 |             0.0409 |              0.651 |
                740 |              -0.92 |             -0.514 |             0.0695 |             0.0409 |              0.654 |
                750 |             -0.859 |             -0.532 |             0.0669 |             0.0409 |              0.656 |
                760 |             -0.884 |             -0.522 |             0.0684 |             0.0409 |              0.661 |
                770 |             -0.869 |             -0.509 |             0.0628 |             0.0409 |              0.664 |
                780 |             -0.901 |             -0.508 |             0.0712 |             0.0409 |               0.64 |
                790 |             -0.937 |             -0.524 |              0.066 |             0.0409 |              0.661 |
                800 |             -0.904 |              -0.51 |             0.0701 |             0.0409 |               0.66 |
                810 |             -0.929 |             -0.556 |             0.0612 |             0.0409 |              0.631 |
                820 |             -0.904 |             -0.554 |             0.0637 |             0.0409 |              0.656 |
                830 |             -0.867 |             -0.551 |             0.0727 |             0.0409 |              0.654 |
                840 |             -0.888 |              -0.53 |             0.0761 |             0.0409 |              0.643 |
                850 |             -0.879 |             -0.522 |             0.0532 |             0.0409 |              0.626 |
                860 |             -0.883 |             -0.536 |             0.0675 |             0.0409 |              0.639 |
                870 |             -0.888 |             -0.522 |             0.0526 |             0.0409 |              0.663 |
                880 |             -0.789 |             -0.536 |             0.0779 |             0.0409 |              0.585 |
                890 |             -0.841 |             -0.518 |             0.0707 |             0.0409 |              0.651 |
                900 |             -0.837 |             -0.552 |             0.0687 |             0.0409 |              0.625 |
                910 |             -0.879 |              -0.55 |             0.0484 |             0.0409 |              0.649 |
                920 |             -0.852 |             -0.541 |             0.0637 |             0.0409 |              0.655 |
                930 |             -0.778 |              -0.53 |             0.0675 |             0.0409 |              0.645 |
                940 |             -0.878 |             -0.556 |             0.0723 |             0.0409 |              0.667 |
                950 |              -0.87 |             -0.546 |             0.0661 |             0.0409 |              0.662 |
                960 |             -0.789 |             -0.545 |              0.061 |             0.0409 |               0.66 |
                970 |             -0.819 |             -0.524 |             0.0631 |             0.0409 |              0.657 |
                980 |             -0.856 |              -0.53 |             0.0562 |             0.0409 |              0.653 |
                990 |             -0.862 |             -0.552 |             0.0566 |             0.0409 |              0.662 |
Training complete: 
   Data path: /work/qgan/data/train/amp-qml_torch-q4-noiseless-SPSA-aerCPU-rand0.25-seed2 
   Best eval: 0.04092134857225896 
   Total time: 65.06138634681702

Running: /work/qgan/data/train/base-qml_torch-q4-noisy-PSR-aerCPU-rand0-seed1/config.yaml
Training data file created.
              Epoch |     Generator cost | Discriminator cost |               Eval |          Best eval |               Time |
                  0 |             -0.797 |             -0.381 |               3.16 |               3.16 |                275 |
                 10 |              -0.81 |             -0.383 |               3.41 |               3.16 |            2.7e+03 |
                 20 |             -0.846 |             -0.406 |               3.49 |               3.16 |           2.73e+03 |
                 30 |             -0.862 |              -0.42 |               4.04 |               3.16 |           2.74e+03 |
                 40 |             -0.857 |             -0.444 |               5.32 |               3.16 |           2.75e+03 |
                 50 |             -0.844 |             -0.467 |               3.87 |               3.16 |           2.73e+03 |
                 60 |             -0.855 |             -0.481 |               3.75 |               3.16 |           2.76e+03 |
                 70 |             -0.848 |             -0.507 |               4.26 |               3.16 |           2.73e+03 |
                 80 |             -0.829 |             -0.528 |                3.7 |               3.16 |           2.75e+03 |
                 90 |             -0.834 |             -0.529 |               4.29 |               3.16 |           2.71e+03 |
                100 |             -0.848 |             -0.538 |                2.4 |                2.4 |           2.75e+03 |
                110 |             -0.826 |             -0.537 |               1.96 |               1.96 |           2.75e+03 |
