Creating config files for run_000:
Configuration file rewritten. Path: /work/qgan/data/train/ang-qml_torch-q8-noiseless-PSR-aerCPU-rand0-seed0/config.yaml

Creating config files for run_001:
Configuration file rewritten. Path: /work/qgan/data/train/ang-qml_torch-q8-noiseless-PSR-aerCPU-rand0.5-seed1/config.yaml

Creating config files for run_002:
Configuration file rewritten. Path: /work/qgan/data/train/amp-qml_torch-q8-noiseless-PSR-aerCPU-rand0.1-seed0/config.yaml

Creating config files for run_003:
Configuration file rewritten. Path: /work/qgan/data/train/amp-qml_torch-q8-noiseless-PSR-aerCPU-rand1-seed1/config.yaml

Creating config files for run_004:
Configuration file rewritten. Path: /work/qgan/data/train/amp-qml_torch-q8-noiseless-SPSA-aerCPU-rand0.25-seed0/config.yaml

Creating config files for run_005:
Configuration file rewritten. Path: /work/qgan/data/train/amp-qml_torch-q8-noiseless-SPSA-aerCPU-rand0-seed2/config.yaml

Creating config files for run_006:
Configuration file rewritten. Path: /work/qgan/data/train/amp-qml_torch-q8-noiseless-REG-aerCPU-rand0.5-seed0/config.yaml

Creating config files for run_007:
Configuration file rewritten. Path: /work/qgan/data/train/amp-qml_torch-q8-noiseless-REG-aerCPU-rand0.1-seed2/config.yaml

Creating config files for run_008:
Configuration file rewritten. Path: /work/qgan/data/train/ang-qml_torch-q4-noiseless-SPSA-aerCPU-rand1-seed0/config.yaml

Creating config files for run_009:
Configuration file rewritten. Path: /work/qgan/data/train/ang-qml_torch-q4-noiseless-SPSA-aerCPU-rand0.25-seed2/config.yaml

Creating config files for run_010:
Configuration file rewritten. Path: /work/qgan/data/train/ang-qml_torch-q4-noiseless-REG-aerCPU-rand0-seed1/config.yaml

Creating config files for run_011:
Configuration file rewritten. Path: /work/qgan/data/train/ang-qml_torch-q4-noiseless-REG-aerCPU-rand0.5-seed2/config.yaml

Creating config files for run_012:
Configuration file rewritten. Path: /work/qgan/data/train/base-qml_torch-q8-noiseless-PSR-aerCPU-rand0.1-seed1/config.yaml

Creating config files for run_013:
Configuration file rewritten. Path: /work/qgan/data/train/base-qml_torch-q8-noiseless-PSR-aerCPU-rand1-seed2/config.yaml

Creating config files for run_014:
Configuration file rewritten. Path: /work/qgan/data/train/base-qml_torch-q4-noiseless-REG-aerCPU-rand0.25-seed1/config.yaml

Creating config files for run_015:
Configuration file rewritten. Path: /work/qgan/data/train/amp-qml_torch-q4-noiseless-SPSA-aerCPU-rand0-seed0/config.yaml

Creating config files for run_016:
Configuration file rewritten. Path: /work/qgan/data/train/amp-qml_torch-q4-noiseless-SPSA-aerCPU-rand0.5-seed1/config.yaml

Creating config files for run_017:
Configuration file rewritten. Path: /work/qgan/data/train/base-qml_torch-q4-noisy-PSR-aerCPU-rand0.1-seed0/config.yaml

Creating config files for run_018:
Configuration file rewritten. Path: /work/qgan/data/train/base-qml_torch-q4-noisy-PSR-aerCPU-rand1-seed1/config.yaml

Creating config files for run_019:
Configuration file rewritten. Path: /work/qgan/data/train/ang-qml_torch-q4-noisy-PSR-aerCPU-rand0.25-seed0/config.yaml

Creating config files for run_020:
Configuration file rewritten. Path: /work/qgan/data/train/ang-qml_torch-q4-noisy-PSR-aerCPU-rand0-seed2/config.yaml

21 battery configuration files ready.

Running: /work/qgan/data/train/ang-qml_torch-q8-noiseless-PSR-aerCPU-rand0-seed0/config.yaml
              Epoch |     Generator cost | Discriminator cost |               Eval |          Best eval |               Time |
Training complete: 
   Data path: /work/qgan/data/train/ang-qml_torch-q8-noiseless-PSR-aerCPU-rand0-seed0 
   Best eval: 0.012708759866654873 
   Total time: 6039.299723148346

Running: /work/qgan/data/train/ang-qml_torch-q8-noiseless-PSR-aerCPU-rand0.5-seed1/config.yaml
              Epoch |     Generator cost | Discriminator cost |               Eval |          Best eval |               Time |
Training complete: 
   Data path: /work/qgan/data/train/ang-qml_torch-q8-noiseless-PSR-aerCPU-rand0.5-seed1 
   Best eval: 0.09490621834993362 
   Total time: 3511.3911073207855

Running: /work/qgan/data/train/amp-qml_torch-q8-noiseless-PSR-aerCPU-rand0.1-seed0/config.yaml
              Epoch |     Generator cost | Discriminator cost |               Eval |          Best eval |               Time |
Training complete: 
   Data path: /work/qgan/data/train/amp-qml_torch-q8-noiseless-PSR-aerCPU-rand0.1-seed0 
   Best eval: 0.0007805096942473975 
   Total time: 4524.057257652283

Running: /work/qgan/data/train/amp-qml_torch-q8-noiseless-PSR-aerCPU-rand1-seed1/config.yaml
Training data file created.
              Epoch |     Generator cost | Discriminator cost |               Eval |          Best eval |               Time |
                  0 |             -0.548 |             -0.402 |            0.00385 |            0.00385 |               4.65 |
                 10 |             -0.645 |             -0.524 |            0.00233 |            0.00233 |               46.2 |
                 20 |             -0.405 |             -0.564 |            0.00309 |            0.00214 |               47.9 |
                 30 |             -0.612 |             -0.459 |            0.00263 |            0.00214 |                 48 |
                 40 |             -0.432 |             -0.528 |            0.00292 |            0.00214 |               47.6 |
                 50 |             -0.692 |             -0.659 |            0.00312 |            0.00214 |               46.6 |
                 60 |             -0.397 |             -0.623 |            0.00333 |            0.00214 |                 48 |
                 70 |             -0.583 |             -0.686 |            0.00341 |            0.00214 |                 48 |
                 80 |             -0.592 |             -0.775 |            0.00191 |            0.00191 |               48.1 |
                 90 |             -0.497 |             -0.594 |            0.00217 |            0.00191 |               47.7 |
                100 |             -0.485 |             -0.605 |             0.0033 |             0.0018 |               47.7 |
                110 |             -0.684 |              -0.66 |            0.00366 |             0.0018 |               47.9 |
                120 |             -0.421 |              -0.66 |            0.00311 |             0.0018 |               47.6 |
                130 |             -0.335 |             -0.726 |            0.00277 |             0.0018 |               47.2 |
                140 |             -0.434 |             -0.889 |            0.00335 |             0.0018 |               46.2 |
                150 |              -0.59 |             -0.666 |            0.00309 |             0.0018 |                 47 |
                160 |             -0.408 |             -0.633 |            0.00222 |             0.0018 |               47.9 |
                170 |             -0.535 |             -0.744 |            0.00371 |             0.0018 |               48.1 |
                180 |              -0.42 |             -0.678 |            0.00304 |             0.0018 |                 48 |
                190 |             -0.448 |             -0.713 |            0.00314 |             0.0018 |               48.2 |
                200 |             -0.189 |             -0.776 |            0.00324 |             0.0018 |               47.7 |
                210 |              -0.33 |             -0.696 |            0.00288 |             0.0018 |               47.3 |
                220 |             -0.236 |              -0.74 |            0.00288 |             0.0018 |                 47 |
                230 |             -0.716 |             -0.835 |            0.00356 |             0.0018 |                 47 |
                240 |             -0.367 |             -0.663 |            0.00296 |             0.0018 |                 47 |
                250 |             -0.501 |             -0.797 |            0.00278 |             0.0018 |               46.9 |
                260 |             -0.424 |             -0.777 |            0.00292 |             0.0018 |               46.8 |
                270 |             -0.605 |             -0.823 |            0.00328 |             0.0018 |               46.7 |
                280 |             -0.322 |             -0.657 |            0.00322 |             0.0018 |                 47 |
                290 |             -0.337 |             -0.575 |            0.00355 |             0.0018 |               47.1 |
                300 |             -0.455 |             -0.644 |            0.00383 |             0.0018 |               46.8 |
                310 |             -0.471 |              -0.82 |            0.00258 |             0.0018 |               47.1 |
                320 |             -0.517 |             -0.797 |            0.00303 |             0.0018 |               46.7 |
                330 |             -0.403 |             -0.634 |            0.00359 |             0.0018 |               46.9 |
                340 |             -0.542 |             -0.657 |            0.00236 |             0.0018 |               47.1 |
                350 |              -0.15 |             -0.694 |            0.00314 |             0.0018 |               46.9 |
                360 |             -0.696 |             -0.768 |            0.00306 |             0.0018 |               46.9 |
                370 |             -0.488 |             -0.699 |            0.00337 |             0.0018 |               46.8 |
                380 |             -0.434 |             -0.676 |            0.00306 |             0.0018 |               46.7 |
                390 |             -0.494 |              -0.81 |            0.00302 |             0.0018 |               47.1 |
                400 |             -0.246 |             -0.696 |            0.00309 |             0.0018 |               46.9 |
                410 |             -0.419 |             -0.665 |             0.0031 |             0.0018 |               46.9 |
                420 |             -0.597 |             -0.846 |            0.00366 |             0.0018 |                 47 |
                430 |             -0.457 |             -0.713 |            0.00338 |             0.0018 |               47.1 |
                440 |             -0.606 |             -0.838 |            0.00288 |             0.0018 |               46.6 |
                450 |             -0.471 |             -0.743 |            0.00317 |             0.0018 |               47.1 |
                460 |             -0.531 |             -0.718 |            0.00355 |             0.0018 |               46.9 |
                470 |             -0.187 |             -0.729 |            0.00226 |             0.0018 |               46.7 |
                480 |             -0.122 |             -0.751 |            0.00208 |             0.0018 |               47.1 |
                490 |             -0.587 |             -0.683 |            0.00303 |             0.0018 |               46.8 |
                500 |             -0.637 |             -0.869 |            0.00361 |             0.0018 |               46.5 |
                510 |             -0.673 |             -0.724 |            0.00334 |             0.0018 |                 47 |
                520 |             -0.464 |             -0.695 |             0.0023 |             0.0018 |                 47 |
                530 |             -0.384 |             -0.637 |            0.00293 |             0.0018 |               46.9 |
                540 |             -0.418 |             -0.665 |            0.00261 |             0.0018 |               47.2 |
                550 |             -0.391 |             -0.772 |            0.00294 |             0.0018 |               46.9 |
                560 |             -0.769 |             -0.841 |            0.00259 |             0.0018 |               46.9 |
                570 |              -0.27 |              -0.87 |            0.00334 |             0.0018 |                 47 |
                580 |             -0.665 |              -0.72 |            0.00326 |             0.0018 |               46.7 |
                590 |             -0.387 |              -0.87 |            0.00286 |            0.00176 |               47.1 |
                600 |             -0.316 |             -0.804 |            0.00304 |            0.00176 |               46.8 |
                610 |             -0.189 |             -0.705 |            0.00292 |            0.00176 |               46.8 |
                620 |             -0.544 |             -0.683 |            0.00285 |            0.00176 |               46.8 |
                630 |             -0.499 |             -0.732 |            0.00276 |            0.00176 |               46.6 |
                640 |             -0.707 |              -0.74 |             0.0026 |            0.00176 |                 45 |
                650 |             -0.593 |             -0.654 |            0.00285 |            0.00176 |               45.2 |
                660 |             -0.457 |             -0.702 |            0.00284 |            0.00176 |                 46 |
                670 |             -0.407 |             -0.691 |            0.00347 |            0.00176 |               46.9 |
                680 |             -0.458 |             -0.696 |            0.00338 |            0.00176 |               46.8 |
                690 |              -0.31 |             -0.709 |            0.00319 |            0.00176 |               47.1 |
                700 |             -0.433 |               -0.8 |            0.00329 |            0.00176 |               45.3 |
                710 |             -0.696 |             -0.826 |            0.00272 |            0.00176 |               45.2 |
                720 |             -0.528 |             -0.677 |            0.00333 |            0.00176 |               45.2 |
                730 |             -0.512 |             -0.841 |            0.00363 |            0.00176 |               46.3 |
                740 |             -0.369 |             -0.699 |            0.00388 |            0.00176 |               46.9 |
                750 |             -0.727 |             -0.771 |            0.00331 |            0.00176 |               47.2 |
                760 |             -0.396 |             -0.717 |            0.00364 |            0.00176 |               46.1 |
                770 |             -0.434 |             -0.826 |            0.00229 |            0.00176 |               45.4 |
                780 |             -0.498 |             -0.627 |            0.00324 |            0.00176 |               45.1 |
                790 |             -0.266 |             -0.849 |            0.00254 |            0.00176 |               45.8 |
                800 |             -0.675 |             -0.758 |            0.00336 |            0.00176 |                 47 |
                810 |             -0.611 |             -0.725 |            0.00375 |            0.00176 |               46.9 |
                820 |             -0.594 |             -0.767 |            0.00234 |            0.00176 |               45.9 |
                830 |             -0.498 |             -0.623 |            0.00325 |            0.00176 |               45.1 |
                840 |             -0.354 |             -0.662 |            0.00261 |            0.00176 |               44.9 |
                850 |             -0.507 |             -0.645 |            0.00319 |            0.00176 |               45.1 |
                860 |             -0.218 |             -0.628 |            0.00263 |            0.00176 |               45.2 |
                870 |             -0.205 |             -0.636 |            0.00267 |            0.00176 |               45.4 |
                880 |             -0.268 |             -0.825 |            0.00346 |            0.00176 |                 47 |
                890 |             -0.548 |             -0.712 |            0.00332 |            0.00176 |               46.8 |
                900 |             -0.519 |             -0.776 |            0.00285 |            0.00176 |                 45 |
                910 |             -0.256 |             -0.775 |            0.00304 |            0.00176 |               46.2 |
                920 |             -0.684 |             -0.772 |            0.00275 |            0.00176 |               46.9 |
                930 |              -0.52 |             -0.758 |            0.00236 |            0.00176 |               46.5 |
                940 |             -0.444 |             -0.697 |            0.00327 |            0.00176 |                 47 |
                950 |             -0.476 |             -0.738 |            0.00368 |            0.00176 |               46.9 |
                960 |             -0.579 |             -0.683 |            0.00219 |            0.00176 |               46.8 |
                970 |             -0.585 |             -0.786 |            0.00252 |            0.00176 |                 47 |
                980 |             -0.462 |             -0.841 |            0.00333 |            0.00176 |               47.1 |
                990 |             -0.253 |              -0.76 |            0.00332 |            0.00176 |               46.9 |
Training complete: 
   Data path: /work/qgan/data/train/amp-qml_torch-q8-noiseless-PSR-aerCPU-rand1-seed1 
   Best eval: 0.0017648746209807126 
   Total time: 4676.798702001572

Running: /work/qgan/data/train/amp-qml_torch-q8-noiseless-SPSA-aerCPU-rand0.25-seed0/config.yaml
Training data file created.
              Epoch |     Generator cost | Discriminator cost |               Eval |          Best eval |               Time |
                  0 |             -0.481 |             -0.386 |            0.00274 |            0.00274 |              0.167 |
                 10 |             -0.432 |             -0.372 |            0.00288 |            0.00217 |               1.62 |
                 20 |             -0.513 |              -0.44 |            0.00329 |            0.00199 |               1.62 |
                 30 |              -0.51 |             -0.425 |            0.00298 |            0.00182 |               1.62 |
                 40 |             -0.501 |             -0.415 |            0.00248 |            0.00182 |               1.62 |
                 50 |             -0.503 |             -0.423 |            0.00283 |            0.00182 |               1.61 |
                 60 |             -0.573 |             -0.422 |            0.00343 |            0.00182 |               1.62 |
                 70 |             -0.574 |             -0.417 |            0.00324 |            0.00182 |               1.62 |
                 80 |             -0.544 |             -0.347 |            0.00318 |            0.00182 |               1.62 |
                 90 |             -0.657 |             -0.395 |            0.00292 |            0.00182 |               1.62 |
                100 |             -0.646 |             -0.413 |            0.00315 |            0.00182 |               1.62 |
                110 |             -0.653 |             -0.413 |            0.00326 |            0.00182 |               1.62 |
                120 |             -0.688 |             -0.431 |            0.00338 |            0.00182 |               1.62 |
                130 |             -0.538 |             -0.419 |            0.00288 |            0.00182 |               1.63 |
                140 |             -0.563 |              -0.42 |             0.0034 |            0.00182 |               1.63 |
                150 |             -0.736 |             -0.457 |            0.00325 |            0.00182 |               1.63 |
                160 |             -0.698 |             -0.393 |            0.00335 |            0.00182 |               1.62 |
                170 |             -0.602 |              -0.42 |            0.00351 |            0.00182 |               1.62 |
                180 |             -0.678 |             -0.401 |            0.00287 |            0.00182 |               1.62 |
                190 |             -0.662 |             -0.434 |            0.00284 |            0.00182 |               1.62 |
                200 |             -0.658 |             -0.408 |            0.00372 |            0.00182 |               1.62 |
                210 |             -0.751 |             -0.464 |            0.00334 |            0.00182 |               1.63 |
                220 |             -0.674 |             -0.472 |            0.00325 |            0.00182 |               1.62 |
                230 |             -0.643 |             -0.476 |            0.00325 |            0.00182 |               1.63 |
                240 |             -0.635 |             -0.448 |            0.00238 |            0.00182 |               1.63 |
                250 |             -0.788 |             -0.535 |            0.00346 |            0.00182 |               1.63 |
                260 |             -0.738 |             -0.475 |            0.00355 |            0.00182 |               1.62 |
                270 |             -0.751 |             -0.467 |            0.00355 |            0.00182 |               1.63 |
                280 |             -0.834 |             -0.515 |            0.00338 |            0.00182 |               1.63 |
                290 |             -0.782 |              -0.49 |            0.00325 |            0.00182 |               1.62 |
                300 |             -0.822 |             -0.493 |            0.00223 |            0.00182 |               1.62 |
                310 |             -0.777 |             -0.486 |            0.00352 |            0.00182 |               1.63 |
                320 |             -0.765 |             -0.488 |            0.00331 |            0.00182 |               1.63 |
                330 |             -0.793 |             -0.526 |            0.00285 |            0.00182 |               1.62 |
                340 |             -0.812 |             -0.463 |             0.0028 |            0.00182 |               1.63 |
                350 |             -0.799 |             -0.476 |            0.00295 |            0.00182 |               1.63 |
                360 |             -0.764 |              -0.52 |            0.00316 |            0.00182 |               1.63 |
                370 |             -0.862 |             -0.523 |            0.00264 |            0.00182 |               1.62 |
                380 |              -0.83 |             -0.488 |            0.00313 |            0.00182 |               1.62 |
                390 |             -0.783 |             -0.518 |            0.00302 |            0.00182 |               1.62 |
                400 |             -0.854 |             -0.536 |            0.00334 |            0.00182 |               1.62 |
                410 |              -0.79 |             -0.491 |            0.00239 |            0.00182 |               1.63 |
                420 |             -0.827 |             -0.526 |            0.00337 |            0.00182 |               1.62 |
                430 |             -0.873 |             -0.528 |            0.00287 |            0.00182 |               1.62 |
                440 |              -0.84 |             -0.529 |            0.00279 |            0.00182 |               1.63 |
                450 |             -0.831 |             -0.529 |            0.00326 |            0.00182 |               1.62 |
                460 |              -0.73 |             -0.533 |            0.00323 |            0.00171 |               1.62 |
                470 |              -0.84 |             -0.545 |            0.00282 |            0.00171 |               1.63 |
                480 |             -0.861 |             -0.513 |            0.00305 |            0.00171 |               1.63 |
                490 |             -0.871 |             -0.519 |            0.00342 |            0.00171 |               1.63 |
                500 |             -0.855 |             -0.504 |            0.00311 |            0.00171 |               1.63 |
                510 |              -0.84 |             -0.506 |            0.00365 |            0.00171 |               1.63 |
                520 |             -0.864 |             -0.511 |             0.0029 |            0.00171 |               1.62 |
                530 |             -0.801 |             -0.512 |            0.00323 |            0.00171 |               1.62 |
                540 |             -0.828 |             -0.515 |            0.00354 |            0.00171 |               1.62 |
                550 |              -0.82 |             -0.541 |            0.00281 |            0.00171 |               1.63 |
                560 |              -0.84 |             -0.521 |            0.00199 |            0.00171 |               1.63 |
                570 |              -0.81 |             -0.527 |            0.00234 |            0.00171 |               1.63 |
                580 |             -0.853 |             -0.539 |            0.00357 |            0.00171 |               1.62 |
                590 |             -0.847 |             -0.512 |            0.00317 |            0.00171 |               1.63 |
                600 |             -0.847 |             -0.541 |            0.00343 |            0.00171 |               1.62 |
                610 |             -0.833 |             -0.507 |            0.00309 |            0.00171 |               1.62 |
                620 |              -0.82 |             -0.524 |            0.00319 |            0.00171 |               1.63 |
                630 |              -0.82 |             -0.522 |            0.00198 |            0.00171 |               1.63 |
                640 |              -0.84 |             -0.537 |            0.00306 |            0.00171 |               1.63 |
                650 |             -0.854 |             -0.551 |            0.00305 |            0.00171 |               1.64 |
                660 |             -0.839 |             -0.537 |            0.00308 |            0.00171 |               1.63 |
                670 |             -0.845 |             -0.524 |            0.00325 |            0.00171 |               1.63 |
                680 |             -0.863 |             -0.522 |            0.00298 |            0.00171 |               1.63 |
                690 |             -0.839 |             -0.524 |            0.00343 |            0.00171 |               1.63 |
                700 |             -0.873 |             -0.528 |            0.00271 |            0.00171 |               1.63 |
                710 |             -0.867 |             -0.536 |            0.00264 |            0.00171 |               1.63 |
                720 |             -0.798 |             -0.524 |            0.00249 |            0.00171 |               1.63 |
                730 |             -0.859 |             -0.528 |            0.00272 |            0.00171 |               1.63 |
                740 |              -0.81 |             -0.535 |            0.00288 |            0.00171 |               1.63 |
                750 |             -0.865 |             -0.531 |            0.00291 |            0.00171 |               1.63 |
                760 |             -0.821 |             -0.526 |            0.00359 |            0.00171 |               1.63 |
                770 |             -0.859 |             -0.522 |            0.00291 |            0.00171 |               1.63 |
                780 |             -0.848 |             -0.516 |            0.00286 |            0.00171 |               1.63 |
                790 |             -0.844 |             -0.522 |            0.00305 |            0.00171 |               1.63 |
                800 |             -0.825 |             -0.544 |            0.00282 |            0.00171 |               1.63 |
                810 |             -0.866 |             -0.532 |            0.00211 |            0.00171 |               1.63 |
                820 |             -0.813 |             -0.528 |            0.00361 |            0.00171 |               1.63 |
                830 |             -0.852 |             -0.511 |            0.00304 |            0.00171 |               1.63 |
                840 |             -0.892 |             -0.541 |            0.00276 |            0.00171 |               1.63 |
                850 |             -0.835 |             -0.536 |            0.00286 |            0.00171 |               1.64 |
                860 |             -0.895 |             -0.516 |             0.0031 |            0.00171 |               1.63 |
                870 |             -0.855 |             -0.531 |            0.00301 |            0.00171 |               1.63 |
                880 |             -0.901 |             -0.517 |            0.00325 |            0.00171 |               1.62 |
                890 |              -0.86 |             -0.547 |            0.00335 |            0.00171 |               1.63 |
                900 |             -0.844 |             -0.505 |            0.00312 |            0.00171 |               1.62 |
                910 |             -0.853 |             -0.525 |            0.00284 |            0.00171 |               1.63 |
                920 |             -0.847 |              -0.53 |            0.00291 |            0.00171 |               1.63 |
                930 |             -0.859 |             -0.527 |             0.0033 |            0.00171 |               1.81 |
                940 |             -0.855 |             -0.527 |             0.0033 |            0.00171 |               1.62 |
                950 |             -0.838 |             -0.546 |            0.00219 |            0.00171 |               1.62 |
                960 |             -0.867 |              -0.55 |            0.00313 |            0.00171 |               1.62 |
                970 |             -0.843 |             -0.528 |             0.0027 |            0.00171 |               1.62 |
                980 |              -0.83 |             -0.532 |            0.00268 |            0.00171 |               1.63 |
                990 |             -0.852 |             -0.557 |            0.00268 |            0.00171 |               1.62 |
Training complete: 
   Data path: /work/qgan/data/train/amp-qml_torch-q8-noiseless-SPSA-aerCPU-rand0.25-seed0 
   Best eval: 0.001710522049320809 
   Total time: 162.79943323135376

Running: /work/qgan/data/train/amp-qml_torch-q8-noiseless-SPSA-aerCPU-rand0-seed2/config.yaml
              Epoch |     Generator cost | Discriminator cost |               Eval |          Best eval |               Time |
Training complete: 
   Data path: /work/qgan/data/train/amp-qml_torch-q8-noiseless-SPSA-aerCPU-rand0-seed2 
   Best eval: 0.003726346318267025 
   Total time: 147.32976818084717

Running: /work/qgan/data/train/amp-qml_torch-q8-noiseless-REG-aerCPU-rand0.5-seed0/config.yaml
Training data file created.
              Epoch |     Generator cost | Discriminator cost |               Eval |          Best eval |               Time |
                  0 |             -0.396 |             -0.461 |            0.00298 |            0.00298 |               14.4 |
                 10 |             -0.465 |             -0.473 |            0.00337 |            0.00205 |               92.3 |
                 20 |             -0.436 |             -0.489 |            0.00207 |            0.00205 |               90.5 |
                 30 |             -0.584 |             -0.476 |            0.00259 |            0.00205 |               93.7 |
                 40 |             -0.549 |             -0.495 |            0.00308 |            0.00205 |               95.2 |
                 50 |             -0.641 |             -0.479 |            0.00273 |            0.00174 |                 96 |
                 60 |             -0.593 |             -0.495 |            0.00338 |            0.00174 |               95.6 |
                 70 |             -0.693 |             -0.479 |            0.00337 |            0.00174 |               94.2 |
                 80 |             -0.647 |             -0.567 |            0.00378 |            0.00174 |               94.2 |
                 90 |             -0.686 |             -0.555 |            0.00354 |            0.00174 |               93.1 |
                100 |             -0.664 |             -0.555 |            0.00302 |            0.00174 |               93.2 |
                110 |             -0.736 |             -0.578 |            0.00252 |            0.00174 |               94.4 |
                120 |              -0.82 |             -0.536 |            0.00206 |            0.00174 |               91.5 |
                130 |             -0.719 |             -0.557 |              0.003 |            0.00174 |                 93 |
                140 |              -0.75 |             -0.584 |            0.00209 |            0.00174 |               92.8 |
                150 |              -0.63 |             -0.559 |            0.00366 |            0.00174 |                 93 |
                160 |             -0.693 |             -0.571 |            0.00317 |            0.00174 |               94.8 |
                170 |             -0.691 |             -0.638 |            0.00308 |            0.00174 |               94.4 |
                180 |             -0.816 |             -0.572 |            0.00293 |            0.00174 |               93.6 |
                190 |             -0.751 |             -0.562 |            0.00289 |            0.00174 |               93.6 |
                200 |             -0.738 |              -0.56 |            0.00358 |            0.00174 |               94.7 |
                210 |             -0.764 |             -0.568 |            0.00245 |            0.00145 |               94.6 |
                220 |             -0.832 |             -0.548 |            0.00352 |            0.00145 |               93.9 |
                230 |             -0.822 |             -0.567 |            0.00274 |            0.00145 |               93.2 |
                240 |             -0.651 |             -0.631 |            0.00298 |            0.00145 |               93.6 |
                250 |             -0.739 |             -0.627 |            0.00274 |            0.00145 |               94.7 |
                260 |             -0.834 |               -0.6 |            0.00284 |            0.00145 |               94.8 |
                270 |             -0.813 |             -0.564 |            0.00282 |            0.00145 |               93.8 |
                280 |             -0.769 |             -0.567 |            0.00298 |            0.00145 |               94.8 |
                290 |             -0.785 |             -0.594 |            0.00368 |            0.00145 |               94.8 |
                300 |             -0.731 |             -0.582 |            0.00362 |            0.00145 |                 95 |
                310 |             -0.943 |              -0.52 |            0.00325 |            0.00145 |               92.1 |
                320 |             -0.799 |             -0.576 |            0.00261 |            0.00145 |               94.2 |
                330 |             -0.681 |             -0.547 |            0.00312 |            0.00145 |               93.9 |
                340 |             -0.847 |             -0.553 |            0.00359 |            0.00145 |               95.2 |
                350 |             -0.897 |             -0.625 |            0.00257 |            0.00145 |               93.7 |
                360 |             -0.623 |             -0.547 |            0.00282 |            0.00145 |               94.2 |
                370 |             -0.828 |             -0.591 |            0.00334 |            0.00145 |               94.4 |
                380 |             -0.718 |             -0.568 |            0.00309 |            0.00145 |               94.5 |
                390 |             -0.866 |             -0.613 |            0.00238 |            0.00145 |               93.6 |
                400 |             -0.862 |             -0.616 |            0.00286 |            0.00145 |               94.4 |
                410 |             -0.781 |             -0.583 |            0.00338 |            0.00145 |               93.3 |
                420 |             -0.847 |              -0.68 |            0.00291 |            0.00145 |               93.6 |
                430 |             -0.814 |             -0.596 |            0.00342 |            0.00145 |               94.5 |
                440 |             -0.791 |             -0.676 |            0.00359 |            0.00145 |               94.5 |
                450 |             -0.816 |             -0.663 |            0.00262 |            0.00145 |                 97 |
                460 |             -0.615 |             -0.591 |            0.00341 |            0.00145 |               94.5 |
                470 |             -0.829 |             -0.639 |            0.00353 |            0.00145 |               93.3 |
                480 |             -0.863 |             -0.547 |            0.00363 |            0.00145 |               95.6 |
                490 |             -0.832 |             -0.566 |            0.00265 |            0.00145 |                 93 |
                500 |             -0.684 |             -0.618 |            0.00271 |            0.00145 |               94.4 |
                510 |             -0.811 |              -0.62 |             0.0027 |            0.00145 |               94.6 |
                520 |             -0.824 |             -0.617 |            0.00318 |            0.00145 |               94.9 |
                530 |             -0.682 |             -0.618 |            0.00347 |            0.00145 |               94.5 |
                540 |              -0.72 |             -0.656 |            0.00313 |            0.00145 |               94.8 |
                550 |             -0.676 |             -0.653 |            0.00293 |            0.00145 |               95.7 |
                560 |             -0.813 |             -0.665 |            0.00355 |            0.00145 |               95.4 |
                570 |             -0.682 |             -0.656 |              0.003 |            0.00145 |               93.4 |
                580 |             -0.632 |             -0.629 |            0.00332 |            0.00145 |                 94 |
                590 |             -0.688 |             -0.668 |            0.00277 |            0.00145 |                 94 |
                600 |             -0.627 |             -0.672 |            0.00283 |            0.00145 |                 93 |
                610 |              -0.69 |             -0.683 |            0.00282 |            0.00145 |               92.2 |
                620 |             -0.599 |             -0.696 |            0.00253 |            0.00145 |               93.8 |
                630 |             -0.656 |             -0.695 |            0.00334 |            0.00145 |               94.8 |
                640 |             -0.598 |             -0.661 |             0.0032 |            0.00145 |               94.4 |
                650 |             -0.579 |             -0.706 |            0.00276 |            0.00145 |               92.9 |
                660 |             -0.676 |             -0.677 |            0.00173 |            0.00145 |               94.2 |
                670 |             -0.635 |             -0.679 |            0.00254 |            0.00145 |               91.9 |
                680 |             -0.704 |             -0.657 |            0.00231 |            0.00128 |               94.4 |
                690 |             -0.659 |             -0.686 |            0.00222 |            0.00128 |               93.3 |
                700 |             -0.854 |             -0.619 |            0.00218 |            0.00128 |               92.3 |
                710 |             -0.767 |             -0.653 |            0.00166 |            0.00128 |               94.7 |
                720 |             -0.671 |             -0.691 |            0.00219 |            0.00128 |               94.4 |
                730 |             -0.637 |             -0.662 |            0.00225 |            0.00128 |               96.3 |
                740 |             -0.738 |             -0.654 |            0.00228 |            0.00128 |               95.2 |
                750 |             -0.666 |             -0.668 |            0.00188 |            0.00128 |               93.6 |
                760 |             -0.683 |             -0.584 |            0.00184 |            0.00128 |               95.3 |
                770 |             -0.649 |             -0.643 |            0.00209 |            0.00128 |                 94 |
                780 |             -0.716 |              -0.63 |            0.00252 |            0.00128 |               95.5 |
                790 |             -0.744 |             -0.603 |            0.00218 |            0.00128 |               96.2 |
                800 |             -0.711 |             -0.644 |            0.00205 |            0.00128 |               94.8 |
                810 |             -0.683 |             -0.662 |            0.00183 |            0.00128 |               95.4 |
                820 |             -0.704 |             -0.667 |            0.00231 |            0.00128 |               95.9 |
                830 |             -0.653 |             -0.654 |            0.00226 |            0.00128 |               95.3 |
                840 |             -0.617 |             -0.665 |            0.00245 |            0.00128 |               94.8 |
                850 |             -0.689 |             -0.664 |            0.00201 |            0.00128 |               94.5 |
                860 |             -0.732 |             -0.675 |            0.00214 |            0.00128 |               94.8 |
                870 |             -0.678 |             -0.678 |            0.00242 |            0.00128 |               95.5 |
                880 |             -0.596 |             -0.696 |            0.00221 |            0.00128 |               94.4 |
                890 |             -0.599 |             -0.707 |            0.00161 |            0.00128 |               93.7 |
                900 |             -0.686 |             -0.656 |            0.00211 |            0.00128 |               94.2 |
                910 |             -0.571 |             -0.633 |            0.00218 |            0.00128 |               94.2 |
                920 |             -0.591 |             -0.661 |            0.00241 |            0.00128 |               95.4 |
                930 |             -0.585 |             -0.641 |            0.00229 |            0.00128 |               94.3 |
                940 |             -0.586 |              -0.73 |             0.0025 |            0.00128 |               94.6 |
                950 |             -0.641 |             -0.718 |            0.00196 |            0.00128 |               93.6 |
                960 |              -0.59 |             -0.675 |            0.00175 |            0.00128 |               95.1 |
                970 |             -0.551 |             -0.683 |            0.00229 |            0.00128 |               95.5 |
                980 |             -0.608 |             -0.672 |            0.00179 |            0.00128 |               96.8 |
                990 |             -0.579 |             -0.718 |            0.00254 |            0.00128 |               95.7 |
Training complete: 
   Data path: /work/qgan/data/train/amp-qml_torch-q8-noiseless-REG-aerCPU-rand0.5-seed0 
   Best eval: 0.0012797720750353158 
   Total time: 9434.932091474533

Running: /work/qgan/data/train/amp-qml_torch-q8-noiseless-REG-aerCPU-rand0.1-seed2/config.yaml
              Epoch |     Generator cost | Discriminator cost |               Eval |          Best eval |               Time |
Training complete: 
   Data path: /work/qgan/data/train/amp-qml_torch-q8-noiseless-REG-aerCPU-rand0.1-seed2 
   Best eval: 0.0011282467361440137 
   Total time: 9236.678248643875

Running: /work/qgan/data/train/ang-qml_torch-q4-noiseless-SPSA-aerCPU-rand1-seed0/config.yaml
Training data file created.
              Epoch |     Generator cost | Discriminator cost |               Eval |          Best eval |               Time |
                  0 |             -0.465 |             -0.531 |              0.189 |              0.189 |              0.896 |
                 10 |             -0.448 |             -0.508 |              0.203 |              0.135 |               8.28 |
                 20 |             -0.421 |             -0.551 |              0.295 |              0.135 |                8.3 |
                 30 |             -0.702 |             -0.539 |              0.416 |              0.135 |                8.3 |
                 40 |             -0.445 |             -0.591 |              0.298 |              0.135 |                8.3 |
                 50 |             -0.446 |             -0.619 |               0.32 |              0.135 |               8.31 |
                 60 |             -0.384 |             -0.546 |              0.329 |              0.135 |               8.38 |
                 70 |             -0.419 |             -0.636 |              0.199 |              0.135 |               8.81 |
                 80 |             -0.347 |             -0.612 |              0.239 |              0.135 |               8.67 |
                 90 |             -0.618 |             -0.561 |              0.318 |             0.0749 |               8.59 |
                100 |             -0.563 |             -0.699 |              0.206 |             0.0749 |               8.53 |
                110 |             -0.492 |             -0.607 |              0.209 |             0.0749 |               8.57 |
                120 |             -0.449 |             -0.648 |              0.139 |             0.0749 |               8.87 |
                130 |             -0.561 |             -0.623 |              0.414 |             0.0749 |               8.62 |
                140 |             -0.606 |             -0.701 |              0.161 |             0.0749 |               8.53 |
                150 |             -0.476 |             -0.667 |              0.192 |             0.0741 |               8.42 |
                160 |             -0.447 |             -0.639 |              0.128 |             0.0741 |               8.44 |
                170 |             -0.505 |             -0.696 |               0.26 |             0.0741 |               8.97 |
                180 |             -0.376 |             -0.745 |              0.309 |             0.0741 |               8.39 |
                190 |             -0.583 |             -0.797 |              0.127 |             0.0741 |               8.43 |
                200 |             -0.571 |              -0.57 |              0.172 |             0.0741 |               8.36 |
                210 |               -0.4 |             -0.663 |              0.278 |             0.0741 |               8.41 |
                220 |             -0.582 |             -0.688 |              0.237 |             0.0741 |               8.44 |
                230 |             -0.382 |             -0.765 |               0.23 |             0.0741 |               8.44 |
                240 |             -0.524 |             -0.725 |              0.391 |             0.0741 |               8.38 |
                250 |             -0.486 |             -0.661 |              0.133 |             0.0741 |               8.47 |
                260 |             -0.492 |             -0.679 |              0.176 |             0.0741 |                8.4 |
                270 |             -0.584 |             -0.655 |              0.194 |             0.0741 |               8.43 |
                280 |             -0.545 |             -0.681 |               0.12 |             0.0741 |               8.45 |
                290 |             -0.556 |             -0.642 |              0.251 |             0.0741 |                8.5 |
                300 |             -0.622 |             -0.894 |              0.317 |             0.0741 |               8.37 |
                310 |             -0.643 |             -0.728 |              0.232 |             0.0741 |               8.42 |
                320 |             -0.698 |             -0.732 |              0.281 |             0.0741 |               8.38 |
                330 |             -0.867 |             -0.626 |              0.255 |             0.0741 |               8.43 |
                340 |             -0.563 |             -0.765 |                0.3 |             0.0741 |                8.4 |
                350 |             -0.484 |             -0.692 |              0.156 |             0.0741 |               8.46 |
                360 |             -0.459 |             -0.851 |              0.171 |             0.0741 |               8.49 |
                370 |             -0.538 |             -0.814 |              0.328 |             0.0741 |               8.44 |
                380 |             -0.566 |             -0.638 |              0.154 |             0.0741 |               8.49 |
                390 |             -0.423 |             -0.714 |              0.192 |             0.0741 |               8.41 |
                400 |             -0.293 |             -0.754 |              0.312 |             0.0741 |               8.38 |
                410 |             -0.588 |              -0.67 |              0.234 |             0.0741 |                8.4 |
                420 |             -0.284 |             -0.753 |              0.457 |             0.0741 |               8.36 |
                430 |             -0.392 |             -0.768 |              0.163 |             0.0741 |               8.34 |
                440 |              -0.35 |             -0.812 |              0.285 |             0.0741 |               8.45 |
                450 |             -0.437 |             -0.712 |              0.311 |             0.0741 |               8.44 |
                460 |              -0.42 |             -0.751 |              0.191 |             0.0741 |               8.36 |
                470 |             -0.449 |             -0.652 |              0.241 |             0.0741 |               8.34 |
                480 |             -0.579 |             -0.769 |              0.235 |             0.0741 |               8.34 |
                490 |             -0.642 |             -0.738 |              0.208 |             0.0741 |                8.4 |
                500 |             -0.413 |             -0.794 |              0.213 |             0.0741 |               8.33 |
                510 |              -0.55 |             -0.831 |              0.258 |             0.0741 |               8.34 |
                520 |             -0.553 |             -0.665 |              0.304 |             0.0741 |               8.36 |
                530 |             -0.541 |             -0.827 |              0.293 |             0.0473 |               8.44 |
                540 |             -0.357 |             -0.777 |              0.237 |             0.0473 |               8.34 |
                550 |             -0.543 |             -0.639 |              0.197 |             0.0473 |               8.36 |
                560 |             -0.336 |             -0.712 |              0.165 |             0.0473 |               8.37 |
                570 |             -0.623 |             -0.819 |              0.161 |             0.0473 |               8.33 |
                580 |             -0.518 |             -0.704 |              0.242 |             0.0473 |               8.37 |
                590 |             -0.632 |             -0.837 |               0.14 |             0.0473 |               8.32 |
                600 |             -0.435 |             -0.752 |              0.309 |             0.0473 |               8.42 |
                610 |             -0.466 |             -0.651 |              0.267 |             0.0473 |               8.44 |
                620 |             -0.504 |             -0.641 |               0.22 |             0.0473 |               8.39 |
                630 |             -0.556 |              -0.66 |              0.213 |             0.0473 |               8.35 |
                640 |             -0.566 |             -0.802 |              0.283 |             0.0473 |               8.38 |
                650 |             -0.452 |             -0.851 |              0.101 |             0.0473 |               8.32 |
                660 |             -0.262 |             -0.747 |              0.307 |             0.0473 |               8.35 |
                670 |             -0.313 |             -0.654 |              0.057 |             0.0473 |               8.45 |
                680 |             -0.465 |             -0.779 |              0.245 |             0.0473 |               8.49 |
                690 |             -0.231 |             -0.825 |              0.231 |             0.0473 |               8.34 |
                700 |             -0.464 |             -0.634 |              0.234 |             0.0473 |               8.33 |
                710 |             -0.431 |             -0.565 |              0.235 |             0.0473 |               8.41 |
                720 |             -0.297 |             -0.553 |              0.405 |             0.0473 |               8.27 |
                730 |             -0.697 |              -0.77 |               0.28 |             0.0473 |               8.31 |
                740 |             -0.395 |             -0.708 |              0.279 |             0.0473 |                8.3 |
                750 |             -0.688 |             -0.625 |              0.311 |             0.0473 |               8.35 |
                760 |             -0.647 |             -0.841 |              0.262 |             0.0473 |               8.29 |
                770 |             -0.556 |             -0.807 |               0.29 |             0.0473 |               8.22 |
                780 |             -0.599 |             -0.709 |              0.364 |             0.0473 |               8.45 |
                790 |             -0.462 |             -0.656 |              0.171 |             0.0473 |               8.33 |
                800 |             -0.577 |             -0.746 |              0.357 |             0.0473 |               8.26 |
                810 |              -0.52 |             -0.872 |              0.232 |             0.0338 |               8.29 |
                820 |             -0.359 |             -0.772 |              0.334 |             0.0338 |                8.3 |
                830 |             -0.317 |             -0.779 |              0.251 |             0.0338 |               8.47 |
                840 |             -0.664 |             -0.805 |              0.237 |             0.0338 |               8.24 |
                850 |             -0.469 |             -0.903 |              0.218 |             0.0338 |               8.25 |
                860 |             -0.607 |             -0.742 |              0.192 |             0.0338 |               8.36 |
                870 |             -0.441 |             -0.719 |              0.268 |             0.0338 |                8.4 |
                880 |             -0.607 |             -0.773 |              0.237 |             0.0338 |               8.38 |
                890 |             -0.266 |             -0.713 |               0.28 |             0.0338 |               8.29 |
                900 |             -0.433 |             -0.829 |              0.119 |             0.0338 |               8.31 |
                910 |              -0.55 |              -0.66 |              0.169 |             0.0338 |               8.27 |
                920 |             -0.381 |             -0.663 |              0.341 |             0.0338 |               8.36 |
                930 |             -0.657 |              -0.81 |              0.342 |             0.0338 |               8.34 |
                940 |             -0.694 |             -0.744 |              0.231 |             0.0338 |               8.44 |
                950 |             -0.516 |              -0.83 |             0.0664 |             0.0338 |               8.36 |
                960 |             -0.634 |             -0.804 |              0.258 |             0.0338 |               8.27 |
                970 |             -0.512 |             -0.831 |              0.367 |             0.0338 |               8.28 |
                980 |             -0.586 |             -0.683 |              0.166 |             0.0338 |               8.29 |
                990 |             -0.435 |             -0.686 |              0.218 |             0.0338 |               8.32 |
Training complete: 
   Data path: /work/qgan/data/train/ang-qml_torch-q4-noiseless-SPSA-aerCPU-rand1-seed0 
   Best eval: 0.03384513407945633 
   Total time: 839.6632242202759

Running: /work/qgan/data/train/ang-qml_torch-q4-noiseless-SPSA-aerCPU-rand0.25-seed2/config.yaml
Training data file created.
              Epoch |     Generator cost | Discriminator cost |               Eval |          Best eval |               Time |
                  0 |             -0.679 |             -0.639 |            0.00188 |            0.00188 |              0.832 |
                 10 |             -0.677 |             -0.627 |            0.00342 |                 -0 |               8.29 |
                 20 |             -0.654 |              -0.57 |           0.000368 |                 -0 |               8.28 |
                 30 |             -0.584 |              -0.52 |             0.0117 |                 -0 |               8.29 |
                 40 |             -0.758 |             -0.554 |            0.00413 |                 -0 |               8.47 |
                 50 |              -0.82 |             -0.585 |            0.00248 |                 -0 |                8.3 |
                 60 |             -0.726 |             -0.568 |            0.00464 |                 -0 |               8.29 |
                 70 |             -0.754 |             -0.569 |            0.00717 |                 -0 |               8.36 |
                 80 |             -0.799 |             -0.604 |             0.0281 |                 -0 |               8.32 |
                 90 |             -0.707 |             -0.614 |             0.0104 |                 -0 |                8.3 |
                100 |             -0.794 |             -0.593 |             0.0123 |                 -0 |               8.31 |
                110 |             -0.694 |             -0.554 |            0.00721 |                 -0 |               8.44 |
                120 |             -0.707 |              -0.59 |            0.00593 |                 -0 |               8.38 |
                130 |             -0.739 |             -0.606 |           2.82e-05 |                 -0 |               8.45 |
                140 |              -0.69 |             -0.578 |               0.01 |                 -0 |               8.52 |
                150 |             -0.759 |             -0.586 |             0.0174 |                 -0 |               8.46 |
                160 |             -0.806 |             -0.565 |             0.0119 |                 -0 |               8.41 |
                170 |             -0.704 |             -0.552 |             0.0102 |                 -0 |               8.47 |
                180 |             -0.797 |             -0.615 |             0.0121 |                 -0 |                8.4 |
                190 |              -0.79 |             -0.576 |             0.0137 |                 -0 |               8.38 |
                200 |              -0.82 |             -0.549 |            0.00885 |                 -0 |               8.39 |
                210 |             -0.834 |             -0.597 |              0.011 |                 -0 |               8.44 |
                220 |             -0.811 |             -0.639 |             0.0118 |                 -0 |               8.52 |
                230 |             -0.809 |             -0.575 |             0.0118 |                 -0 |               8.45 |
                240 |             -0.823 |             -0.573 |            0.00924 |                 -0 |               8.43 |
                250 |             -0.906 |             -0.608 |             0.0142 |                 -0 |               8.48 |
                260 |             -0.792 |             -0.578 |             0.0101 |                 -0 |               8.38 |
                270 |             -0.817 |             -0.591 |             0.0089 |                 -0 |               8.38 |
                280 |             -0.736 |             -0.562 |             0.0105 |                 -0 |               8.41 |
                290 |             -0.763 |             -0.587 |            0.00673 |                 -0 |               8.46 |
                300 |             -0.793 |             -0.585 |             0.0149 |                 -0 |               8.41 |
                310 |             -0.858 |             -0.608 |            0.00924 |                 -0 |               8.39 |
                320 |             -0.862 |             -0.585 |            0.00519 |                 -0 |               8.41 |
                330 |             -0.856 |             -0.613 |            0.00675 |                 -0 |               8.49 |
                340 |             -0.914 |             -0.551 |            0.00985 |                 -0 |               8.35 |
                350 |              -0.79 |             -0.559 |            0.00151 |                 -0 |               8.69 |
                360 |             -0.727 |             -0.581 |             0.0056 |                 -0 |               8.36 |
                370 |             -0.851 |             -0.548 |             0.0164 |                 -0 |               8.41 |
                380 |             -0.853 |             -0.587 |             0.0262 |                 -0 |               8.54 |
                390 |             -0.843 |             -0.538 |            0.00708 |                 -0 |               8.35 |
                400 |             -0.885 |             -0.548 |            0.00275 |                 -0 |               8.45 |
                410 |             -0.863 |             -0.589 |            0.00189 |                 -0 |               8.37 |
                420 |             -0.842 |             -0.582 |           0.000733 |                 -0 |               8.39 |
                430 |             -0.902 |             -0.552 |            0.00607 |                 -0 |                8.3 |
                440 |             -0.808 |             -0.568 |            0.00273 |                 -0 |               8.27 |
                450 |             -0.793 |             -0.615 |            0.00186 |                 -0 |               8.49 |
                460 |             -0.854 |             -0.576 |            0.00291 |                 -0 |               8.48 |
                470 |             -0.842 |             -0.587 |                 -0 |                 -0 |                8.4 |
                480 |             -0.827 |             -0.565 |           0.000206 |                 -0 |               8.46 |
                490 |             -0.794 |             -0.549 |            0.00141 |                 -0 |                8.4 |
                500 |             -0.827 |             -0.554 |            0.00637 |                 -0 |               8.36 |
                510 |             -0.846 |             -0.596 |            0.00276 |                 -0 |               8.38 |
                520 |             -0.822 |             -0.571 |            0.00468 |                 -0 |               8.46 |
                530 |             -0.885 |             -0.567 |             0.0008 |                 -0 |               8.35 |
                540 |             -0.933 |             -0.574 |           0.000752 |                 -0 |               8.33 |
                550 |             -0.856 |             -0.561 |            0.00148 |                 -0 |               8.42 |
                560 |             -0.873 |              -0.56 |             0.0121 |                 -0 |                8.5 |
                570 |             -0.852 |             -0.562 |           0.000957 |                 -0 |                8.4 |
                580 |             -0.828 |             -0.546 |           0.000489 |                 -0 |               8.38 |
                590 |             -0.852 |             -0.543 |             0.0039 |                 -0 |               8.33 |
                600 |             -0.845 |             -0.564 |            0.00425 |                 -0 |               8.32 |
                610 |             -0.869 |             -0.557 |            0.00333 |                 -0 |               8.35 |
                620 |             -0.817 |             -0.561 |            0.00931 |                 -0 |               8.35 |
                630 |             -0.881 |             -0.547 |            0.00374 |                 -0 |               8.43 |
                640 |             -0.859 |              -0.57 |            0.00998 |                 -0 |               8.43 |
                650 |             -0.852 |             -0.582 |           0.000182 |                 -0 |               8.31 |
                660 |               -0.8 |              -0.56 |             0.0111 |                 -0 |               8.36 |
                670 |             -0.818 |             -0.549 |            0.00702 |                 -0 |               8.34 |
                680 |             -0.827 |             -0.586 |            0.00679 |                 -0 |               8.36 |
                690 |             -0.833 |             -0.585 |            0.00307 |                 -0 |               8.35 |
                700 |             -0.889 |             -0.576 |             0.0043 |                 -0 |               8.31 |
                710 |             -0.783 |             -0.538 |            0.00141 |                 -0 |               8.39 |
                720 |             -0.778 |             -0.542 |             0.0024 |                 -0 |               8.44 |
                730 |             -0.801 |              -0.57 |            0.00104 |                 -0 |               8.35 |
                740 |             -0.911 |             -0.573 |            0.00226 |                 -0 |                8.4 |
                750 |             -0.841 |             -0.587 |             0.0199 |                 -0 |               8.41 |
                760 |             -0.858 |             -0.553 |            0.00132 |                 -0 |               8.37 |
                770 |             -0.869 |             -0.573 |            0.00459 |                 -0 |               8.38 |
                780 |             -0.821 |              -0.54 |             0.0122 |                 -0 |               8.27 |
                790 |             -0.835 |             -0.534 |            0.00203 |                 -0 |               8.33 |
                800 |             -0.862 |             -0.539 |                 -0 |                 -0 |               8.23 |
                810 |             -0.817 |             -0.544 |           0.000817 |                 -0 |               8.26 |
                820 |             -0.909 |             -0.526 |           2.16e-05 |                 -0 |               8.31 |
                830 |             -0.834 |             -0.558 |             0.0142 |                 -0 |               8.18 |
                840 |             -0.841 |             -0.566 |            0.00948 |                 -0 |               8.25 |
                850 |             -0.833 |             -0.549 |            0.00828 |                 -0 |               8.33 |
                860 |             -0.865 |             -0.599 |            0.00687 |                 -0 |               8.27 |
                870 |             -0.845 |             -0.575 |            0.00153 |                 -0 |               8.22 |
                880 |             -0.879 |               -0.6 |             0.0049 |                 -0 |                8.4 |
                890 |             -0.827 |             -0.588 |            0.00382 |                 -0 |               8.34 |
                900 |             -0.849 |             -0.578 |            0.00353 |                 -0 |               8.29 |
                910 |             -0.785 |             -0.549 |            0.00754 |                 -0 |               8.41 |
                920 |             -0.818 |             -0.554 |             0.0068 |                 -0 |               8.32 |
                930 |             -0.781 |             -0.556 |             0.0148 |                 -0 |               8.27 |
                940 |             -0.821 |             -0.547 |             0.0038 |                 -0 |               8.27 |
                950 |             -0.773 |             -0.565 |             0.0209 |                 -0 |               8.28 |
                960 |             -0.872 |              -0.57 |              0.019 |                 -0 |               8.31 |
                970 |             -0.866 |             -0.557 |               0.02 |                 -0 |               8.32 |
                980 |             -0.886 |             -0.569 |             0.0195 |                 -0 |               8.29 |
                990 |             -0.852 |             -0.557 |             0.0114 |                 -0 |               8.46 |
Training complete: 
   Data path: /work/qgan/data/train/ang-qml_torch-q4-noiseless-SPSA-aerCPU-rand0.25-seed2 
   Best eval: -0.0 
   Total time: 837.3185493946075

Running: /work/qgan/data/train/ang-qml_torch-q4-noiseless-REG-aerCPU-rand0-seed1/config.yaml
              Epoch |     Generator cost | Discriminator cost |               Eval |          Best eval |               Time |
Training complete: 
   Data path: /work/qgan/data/train/ang-qml_torch-q4-noiseless-REG-aerCPU-rand0-seed1 
   Best eval: -0.0 
   Total time: 1843.1195912361145

Running: /work/qgan/data/train/ang-qml_torch-q4-noiseless-REG-aerCPU-rand0.5-seed2/config.yaml
Training data file created.
              Epoch |     Generator cost | Discriminator cost |               Eval |          Best eval |               Time |
                  0 |             -0.442 |             -0.694 |             0.0624 |             0.0624 |               1.14 |
                 10 |             -0.454 |             -0.676 |              0.249 |             0.0624 |               11.2 |
                 20 |             -0.501 |             -0.687 |             0.0429 |             0.0429 |               11.1 |
                 30 |             -0.678 |             -0.653 |              0.197 |             0.0429 |               10.9 |
                 40 |             -0.498 |              -0.66 |              0.099 |              0.035 |               11.1 |
                 50 |             -0.559 |             -0.649 |               0.19 |              0.035 |               10.9 |
                 60 |              -0.53 |             -0.667 |             0.0703 |              0.035 |               11.2 |
                 70 |              -0.55 |             -0.658 |              0.159 |              0.035 |               11.4 |
                 80 |             -0.689 |             -0.716 |              0.216 |              0.035 |               10.9 |
                 90 |             -0.541 |             -0.654 |              0.106 |              0.035 |               11.1 |
                100 |             -0.696 |             -0.599 |              0.182 |              0.035 |               10.8 |
                110 |             -0.666 |             -0.598 |             0.0964 |              0.035 |                 11 |
                120 |             -0.648 |             -0.591 |              0.164 |              0.035 |               10.7 |
                130 |             -0.663 |             -0.578 |             0.0878 |              0.035 |                 11 |
                140 |             -0.838 |             -0.594 |               0.18 |              0.035 |               11.1 |
                150 |             -0.747 |             -0.584 |               0.12 |              0.035 |               10.7 |
                160 |             -0.754 |             -0.638 |             0.0801 |              0.035 |               10.9 |
                170 |             -0.788 |             -0.604 |              0.163 |              0.035 |               10.7 |
                180 |             -0.832 |             -0.646 |              0.179 |              0.035 |               11.1 |
                190 |             -0.699 |             -0.634 |              0.193 |              0.035 |               10.7 |
                200 |             -0.681 |              -0.62 |              0.165 |              0.035 |                 11 |
                210 |              -0.77 |             -0.593 |             0.0954 |              0.035 |               10.8 |
                220 |             -0.843 |             -0.603 |              0.176 |              0.035 |               10.6 |
                230 |             -0.792 |             -0.573 |              0.161 |              0.035 |               11.1 |
                240 |             -0.759 |             -0.606 |              0.166 |              0.035 |               10.7 |
                250 |             -0.783 |             -0.606 |              0.176 |              0.035 |               10.9 |
                260 |             -0.817 |             -0.593 |             0.0731 |              0.035 |                 11 |
                270 |             -0.827 |             -0.578 |              0.109 |              0.035 |               10.7 |
                280 |             -0.684 |             -0.585 |             0.0957 |              0.035 |                 11 |
                290 |             -0.817 |             -0.603 |             0.0916 |              0.035 |               10.7 |
                300 |             -0.792 |             -0.577 |              0.189 |              0.035 |                 11 |
                310 |             -0.764 |             -0.641 |              0.155 |              0.035 |               10.8 |
                320 |             -0.751 |              -0.58 |              0.186 |              0.035 |                 11 |
                330 |             -0.763 |             -0.588 |              0.184 |              0.035 |               10.9 |
                340 |             -0.802 |             -0.581 |              0.149 |              0.035 |               10.8 |
                350 |             -0.873 |             -0.633 |              0.114 |              0.035 |                 11 |
                360 |             -0.724 |             -0.606 |              0.144 |              0.035 |               10.7 |
                370 |             -0.784 |             -0.594 |               0.17 |              0.035 |               11.1 |
                380 |              -0.76 |             -0.569 |              0.219 |              0.035 |               10.7 |
                390 |             -0.713 |             -0.548 |              0.132 |              0.035 |               10.9 |
                400 |             -0.737 |             -0.558 |              0.197 |              0.035 |               11.1 |
                410 |             -0.762 |             -0.559 |              0.208 |              0.035 |               10.9 |
                420 |             -0.666 |             -0.592 |              0.185 |              0.035 |                 11 |
                430 |             -0.704 |             -0.635 |              0.178 |              0.035 |               10.7 |
                440 |             -0.734 |             -0.586 |              0.185 |              0.035 |                 11 |
                450 |             -0.829 |             -0.618 |              0.173 |              0.035 |               10.6 |
                460 |             -0.792 |             -0.559 |              0.144 |              0.035 |               10.7 |
                470 |             -0.826 |             -0.617 |              0.141 |              0.035 |               10.9 |
                480 |              -0.74 |             -0.632 |                0.1 |              0.035 |               10.5 |
                490 |             -0.809 |             -0.605 |              0.128 |              0.035 |               10.8 |
                500 |              -0.75 |             -0.591 |              0.192 |              0.035 |               10.5 |
                510 |             -0.735 |             -0.603 |              0.319 |              0.035 |               10.7 |
                520 |             -0.774 |             -0.567 |              0.139 |              0.035 |                 11 |
                530 |             -0.861 |             -0.615 |              0.135 |              0.035 |               10.7 |
                540 |             -0.901 |             -0.599 |              0.147 |              0.035 |                 11 |
                550 |             -0.771 |             -0.587 |              0.108 |              0.035 |               10.5 |
                560 |              -0.79 |             -0.616 |              0.262 |              0.035 |               10.8 |
                570 |             -0.765 |             -0.581 |              0.159 |              0.035 |               10.7 |
                580 |             -0.782 |             -0.589 |              0.108 |              0.035 |               10.9 |
                590 |             -0.773 |              -0.56 |              0.173 |              0.035 |               10.8 |
                600 |             -0.693 |             -0.571 |              0.196 |              0.035 |               10.6 |
                610 |             -0.821 |             -0.595 |              0.161 |              0.035 |               10.9 |
                620 |             -0.799 |             -0.611 |              0.124 |              0.035 |               10.5 |
                630 |             -0.823 |             -0.571 |              0.206 |              0.035 |               10.9 |
                640 |             -0.745 |             -0.583 |              0.215 |              0.035 |               10.6 |
                650 |             -0.759 |             -0.643 |              0.153 |              0.035 |               10.8 |
                660 |             -0.721 |             -0.623 |              0.159 |              0.035 |               10.7 |
                670 |             -0.785 |             -0.673 |              0.298 |              0.035 |               10.8 |
                680 |             -0.912 |             -0.654 |              0.208 |              0.035 |               10.9 |
                690 |             -0.722 |             -0.585 |               0.28 |              0.035 |               10.7 |
                700 |             -0.884 |             -0.651 |               0.18 |              0.035 |               10.9 |
                710 |             -0.624 |             -0.602 |              0.263 |              0.035 |               10.7 |
                720 |             -0.575 |             -0.601 |               0.22 |              0.035 |                 11 |
                730 |             -0.747 |             -0.619 |              0.149 |              0.035 |               10.7 |
                740 |              -0.91 |             -0.605 |              0.189 |              0.035 |               10.5 |
                750 |             -0.677 |              -0.62 |             0.0404 |              0.035 |               10.9 |
                760 |             -0.745 |             -0.586 |              0.108 |              0.035 |               10.6 |
                770 |             -0.763 |             -0.595 |              0.191 |              0.035 |               10.8 |
                780 |             -0.674 |             -0.628 |              0.236 |              0.035 |               10.9 |
                790 |             -0.712 |             -0.595 |             0.0557 |              0.035 |               10.6 |
                800 |              -0.68 |             -0.593 |              0.221 |              0.035 |                 11 |
                810 |             -0.739 |             -0.571 |             0.0993 |              0.035 |               10.8 |
                820 |             -0.814 |             -0.605 |              0.152 |              0.035 |               10.9 |
                830 |             -0.727 |             -0.651 |              0.283 |              0.035 |               10.3 |
                840 |              -0.79 |             -0.607 |              0.165 |              0.035 |               10.6 |
                850 |             -0.647 |             -0.601 |              0.115 |              0.035 |               10.7 |
                860 |             -0.797 |             -0.619 |              0.232 |              0.035 |               10.3 |
                870 |              -0.75 |             -0.588 |                0.1 |              0.035 |               10.5 |
                880 |             -0.872 |             -0.663 |              0.164 |              0.035 |               10.3 |
                890 |             -0.741 |             -0.567 |              0.246 |              0.035 |               10.6 |
                900 |              -0.78 |             -0.596 |              0.105 |             0.0241 |               10.3 |
                910 |             -0.687 |             -0.578 |              0.101 |             0.0241 |               10.5 |
                920 |             -0.833 |             -0.596 |               0.14 |             0.0241 |               10.6 |
                930 |             -0.707 |             -0.619 |               0.17 |             0.0241 |               10.3 |
                940 |             -0.743 |             -0.601 |               0.18 |             0.0241 |               10.6 |
                950 |             -0.666 |             -0.587 |              0.297 |             0.0241 |               10.4 |
                960 |             -0.688 |             -0.599 |              0.254 |             0.0241 |               10.5 |
                970 |              -0.83 |             -0.612 |              0.157 |             0.0241 |               10.8 |
                980 |             -0.849 |             -0.641 |               0.21 |             0.0241 |               10.4 |
                990 |             -0.741 |             -0.658 |              0.145 |             0.0241 |               10.6 |
Training complete: 
   Data path: /work/qgan/data/train/ang-qml_torch-q4-noiseless-REG-aerCPU-rand0.5-seed2 
   Best eval: 0.024145765230059624 
   Total time: 1078.4706628322601

Running: /work/qgan/data/train/base-qml_torch-q8-noiseless-PSR-aerCPU-rand0.1-seed1/config.yaml
              Epoch |     Generator cost | Discriminator cost |               Eval |          Best eval |               Time |
Training complete: 
   Data path: /work/qgan/data/train/base-qml_torch-q8-noiseless-PSR-aerCPU-rand0.1-seed1 
   Best eval: 0.3987385211036858 
   Total time: 748.1434607505798

Running: /work/qgan/data/train/base-qml_torch-q8-noiseless-PSR-aerCPU-rand1-seed2/config.yaml
              Epoch |     Generator cost | Discriminator cost |               Eval |          Best eval |               Time |
Training complete: 
   Data path: /work/qgan/data/train/base-qml_torch-q8-noiseless-PSR-aerCPU-rand1-seed2 
   Best eval: 1.2678080684031214 
   Total time: 748.3410151004791

Running: /work/qgan/data/train/base-qml_torch-q4-noiseless-REG-aerCPU-rand0.25-seed1/config.yaml
              Epoch |     Generator cost | Discriminator cost |               Eval |          Best eval |               Time |
Training complete: 
   Data path: /work/qgan/data/train/base-qml_torch-q4-noiseless-REG-aerCPU-rand0.25-seed1 
   Best eval: 0.012693229686294188 
   Total time: 82.61270499229431

Running: /work/qgan/data/train/amp-qml_torch-q4-noiseless-SPSA-aerCPU-rand0-seed0/config.yaml
              Epoch |     Generator cost | Discriminator cost |               Eval |          Best eval |               Time |
Training complete: 
   Data path: /work/qgan/data/train/amp-qml_torch-q4-noiseless-SPSA-aerCPU-rand0-seed0 
   Best eval: 0.06767882773612545 
   Total time: 52.27668023109436

Running: /work/qgan/data/train/amp-qml_torch-q4-noiseless-SPSA-aerCPU-rand0.5-seed1/config.yaml
Training data file created.
              Epoch |     Generator cost | Discriminator cost |               Eval |          Best eval |               Time |
                  0 |             -0.708 |             -0.468 |             0.0392 |             0.0392 |             0.0614 |
                 10 |             -0.498 |             -0.413 |              0.057 |             0.0373 |               0.64 |
                 20 |              -0.56 |             -0.413 |             0.0425 |             0.0288 |              0.672 |
                 30 |             -0.574 |              -0.38 |             0.0345 |             0.0108 |              0.653 |
                 40 |              -0.59 |             -0.407 |             0.0658 |             0.0108 |              0.635 |
                 50 |             -0.621 |             -0.449 |             0.0437 |             0.0108 |              0.642 |
                 60 |             -0.588 |             -0.412 |             0.0769 |             0.0108 |              0.675 |
                 70 |             -0.622 |             -0.437 |             0.0675 |             0.0108 |              0.616 |
                 80 |             -0.603 |              -0.42 |              0.064 |             0.0108 |              0.646 |
                 90 |             -0.556 |             -0.392 |             0.0472 |             0.0108 |              0.666 |
                100 |             -0.619 |              -0.43 |             0.0531 |             0.0108 |              0.644 |
                110 |             -0.542 |             -0.494 |             0.0721 |             0.0108 |              0.656 |
                120 |             -0.639 |              -0.42 |             0.0593 |             0.0108 |              0.626 |
                130 |             -0.796 |             -0.429 |             0.0666 |             0.0108 |              0.669 |
                140 |             -0.621 |             -0.432 |             0.0597 |             0.0108 |              0.672 |
                150 |             -0.577 |             -0.404 |             0.0736 |             0.0108 |               0.62 |
                160 |             -0.668 |             -0.439 |             0.0459 |             0.0108 |              0.627 |
                170 |             -0.721 |             -0.375 |             0.0606 |             0.0108 |              0.671 |
                180 |             -0.688 |             -0.414 |             0.0388 |             0.0108 |              0.624 |
                190 |             -0.588 |             -0.455 |             0.0488 |             0.0108 |               0.65 |
                200 |             -0.731 |             -0.403 |             0.0391 |             0.0108 |              0.637 |
                210 |             -0.663 |              -0.44 |             0.0388 |             0.0108 |              0.673 |
                220 |             -0.784 |             -0.446 |             0.0385 |             0.0108 |               0.66 |
                230 |             -0.756 |             -0.404 |             0.0573 |            0.00856 |              0.631 |
                240 |              -0.63 |             -0.418 |             0.0738 |            0.00856 |              0.627 |
                250 |             -0.669 |             -0.483 |             0.0425 |            0.00856 |              0.675 |
                260 |             -0.828 |             -0.482 |             0.0633 |            0.00856 |              0.653 |
                270 |             -0.903 |             -0.491 |              0.031 |            0.00856 |              0.624 |
                280 |             -0.661 |             -0.423 |             0.0547 |            0.00856 |              0.665 |
                290 |             -0.877 |             -0.533 |             0.0446 |            0.00856 |              0.669 |
                300 |             -0.774 |             -0.395 |             0.0522 |            0.00856 |              0.632 |
                310 |             -0.862 |             -0.402 |             0.0617 |            0.00856 |              0.599 |
                320 |              -0.77 |             -0.458 |             0.0117 |            0.00856 |              0.593 |
                330 |             -0.741 |             -0.454 |             0.0534 |            0.00856 |              0.633 |
                340 |             -0.751 |             -0.464 |             0.0595 |            0.00856 |              0.585 |
                350 |             -0.772 |             -0.525 |             0.0794 |            0.00856 |              0.632 |
                360 |             -0.737 |             -0.476 |             0.0743 |            0.00856 |              0.599 |
                370 |              -0.81 |             -0.427 |             0.0497 |            0.00856 |              0.632 |
                380 |             -0.676 |             -0.499 |             0.0479 |            0.00856 |              0.598 |
                390 |             -0.736 |             -0.527 |             0.0598 |            0.00856 |              0.611 |
                400 |             -0.657 |             -0.514 |             0.0734 |            0.00856 |              0.622 |
                410 |             -0.865 |             -0.526 |             0.0628 |            0.00856 |              0.605 |
                420 |             -0.717 |             -0.589 |             0.0422 |            0.00856 |              0.611 |
                430 |             -0.816 |             -0.546 |             0.0579 |            0.00856 |              0.604 |
                440 |             -0.788 |             -0.524 |             0.0746 |            0.00856 |              0.577 |
                450 |             -0.824 |             -0.537 |             0.0691 |            0.00856 |              0.636 |
                460 |             -0.734 |               -0.5 |             0.0608 |            0.00856 |              0.621 |
                470 |             -0.746 |             -0.595 |             0.0614 |            0.00856 |              0.626 |
                480 |             -0.802 |             -0.507 |             0.0415 |            0.00856 |              0.584 |
                490 |              -0.73 |             -0.654 |             0.0372 |            0.00856 |              0.627 |
                500 |             -0.633 |             -0.544 |             0.0563 |            0.00856 |              0.617 |
                510 |             -0.732 |             -0.583 |             0.0675 |            0.00856 |              0.597 |
                520 |             -0.672 |             -0.629 |             0.0573 |            0.00856 |              0.609 |
                530 |             -0.627 |             -0.656 |             0.0701 |            0.00856 |               0.61 |
                540 |              -0.74 |             -0.571 |             0.0448 |            0.00856 |              0.632 |
                550 |             -0.558 |              -0.63 |             0.0637 |            0.00856 |              0.578 |
                560 |             -0.729 |             -0.657 |             0.0795 |            0.00856 |              0.626 |
                570 |             -0.586 |             -0.636 |             0.0633 |            0.00856 |               0.63 |
                580 |             -0.653 |             -0.609 |             0.0721 |            0.00856 |               0.62 |
                590 |             -0.663 |             -0.602 |             0.0363 |            0.00856 |              0.633 |
                600 |             -0.639 |             -0.687 |             0.0627 |            0.00856 |              0.577 |
                610 |             -0.713 |             -0.549 |             0.0622 |            0.00856 |              0.627 |
                620 |             -0.745 |             -0.584 |             0.0334 |            0.00856 |              0.624 |
                630 |             -0.761 |             -0.625 |              0.039 |            0.00856 |                0.6 |
                640 |             -0.621 |              -0.65 |              0.038 |            0.00856 |              0.556 |
                650 |             -0.661 |             -0.566 |             0.0618 |            0.00856 |              0.632 |
                660 |              -0.62 |             -0.706 |             0.0224 |            0.00856 |              0.574 |
                670 |             -0.641 |             -0.594 |             0.0485 |            0.00856 |              0.635 |
                680 |             -0.663 |             -0.631 |             0.0517 |            0.00856 |               0.58 |
                690 |             -0.544 |             -0.575 |             0.0502 |            0.00856 |               0.63 |
                700 |             -0.653 |             -0.568 |             0.0571 |            0.00856 |              0.617 |
                710 |             -0.612 |             -0.567 |             0.0518 |            0.00856 |              0.618 |
                720 |             -0.709 |              -0.64 |             0.0499 |            0.00856 |              0.614 |
                730 |             -0.723 |             -0.685 |              0.036 |            0.00856 |              0.614 |
                740 |             -0.507 |             -0.646 |             0.0675 |            0.00856 |              0.615 |
                750 |             -0.767 |             -0.664 |             0.0325 |            0.00856 |              0.633 |
                760 |             -0.647 |             -0.584 |             0.0405 |            0.00856 |              0.577 |
                770 |             -0.652 |             -0.642 |             0.0626 |            0.00856 |              0.626 |
                780 |             -0.689 |             -0.582 |            0.00392 |            0.00392 |              0.598 |
                790 |             -0.641 |             -0.608 |              0.043 |            0.00392 |              0.625 |
                800 |             -0.687 |             -0.643 |             0.0359 |            0.00392 |              0.626 |
                810 |             -0.648 |             -0.581 |             0.0302 |            0.00392 |              0.632 |
                820 |             -0.707 |             -0.667 |             0.0742 |            0.00392 |              0.593 |
                830 |             -0.665 |             -0.592 |             0.0497 |            0.00392 |              0.633 |
                840 |             -0.739 |             -0.616 |             0.0611 |            0.00392 |              0.572 |
                850 |             -0.602 |             -0.573 |             0.0643 |            0.00392 |               0.63 |
                860 |             -0.597 |             -0.593 |               0.03 |            0.00392 |              0.586 |
                870 |             -0.596 |             -0.599 |             0.0423 |            0.00392 |              0.627 |
                880 |              -0.63 |             -0.549 |             0.0616 |            0.00392 |              0.571 |
                890 |             -0.699 |             -0.564 |             0.0321 |            0.00392 |              0.635 |
                900 |             -0.557 |             -0.548 |             0.0521 |            0.00392 |              0.594 |
                910 |             -0.659 |             -0.619 |             0.0299 |            0.00392 |              0.597 |
                920 |              -0.75 |             -0.616 |              0.042 |            0.00392 |              0.617 |
                930 |             -0.682 |             -0.654 |              0.055 |            0.00392 |              0.608 |
                940 |             -0.822 |             -0.592 |             0.0395 |            0.00392 |              0.618 |
                950 |             -0.749 |             -0.591 |             0.0385 |            0.00392 |              0.625 |
                960 |             -0.729 |             -0.582 |               0.06 |            0.00392 |              0.634 |
                970 |               -0.8 |             -0.546 |              0.035 |            0.00392 |              0.628 |
                980 |             -0.688 |             -0.578 |             0.0382 |            0.00392 |              0.599 |
                990 |             -0.631 |             -0.588 |             0.0547 |            0.00392 |              0.639 |
Training complete: 
   Data path: /work/qgan/data/train/amp-qml_torch-q4-noiseless-SPSA-aerCPU-rand0.5-seed1 
   Best eval: 0.0039167220474635505 
   Total time: 62.20486283302307

Running: /work/qgan/data/train/base-qml_torch-q4-noisy-PSR-aerCPU-rand0.1-seed0/config.yaml
Training data file created.
              Epoch |     Generator cost | Discriminator cost |               Eval |          Best eval |               Time |
                  0 |             -0.722 |             -0.417 |                2.5 |                2.5 |                257 |
                 10 |             -0.715 |             -0.388 |               3.33 |               1.76 |           2.67e+03 |
                 20 |             -0.815 |             -0.345 |               2.43 |               1.51 |           2.67e+03 |
                 30 |             -0.882 |             -0.337 |               2.85 |               1.51 |           2.71e+03 |
                 40 |             -0.789 |             -0.286 |               3.74 |               1.51 |           2.66e+03 |
                 50 |             -0.936 |               -0.3 |                2.4 |               1.51 |           2.71e+03 |
                 60 |             -0.846 |             -0.312 |               4.17 |               1.51 |           2.69e+03 |
                 70 |              -0.85 |             -0.273 |               2.99 |               1.51 |            2.7e+03 |
                 80 |             -0.956 |             -0.311 |               2.77 |               1.51 |           2.74e+03 |
                 90 |             -0.879 |             -0.353 |               3.03 |               1.51 |           2.74e+03 |
                100 |             -0.921 |             -0.368 |               2.82 |               1.51 |           2.73e+03 |
                110 |             -0.909 |             -0.387 |               2.31 |               1.51 |           2.75e+03 |
                120 |             -0.851 |             -0.423 |               1.93 |               1.51 |            2.7e+03 |
                130 |             -0.919 |             -0.453 |               1.98 |               1.51 |            2.7e+03 |

Interrupter: will stop after the current epoch. Press Ctrl+C again to force quit.
Interrupter: Graceful exit triggered. Breaking loop.
Training complete: 
   Data path: /work/qgan/data/train/base-qml_torch-q4-noisy-PSR-aerCPU-rand0.1-seed0 
   Best eval: 1.5065401582943556 
   Total time: 37629.07367062569
Interrupter: battery execution stopped.
18 battery run(s) succeeded.
