Creating config files for qml_torch_noiseless:
Configuration file written. Path: /work/qgan_v4/data/train/base-qml_torch-q4-noiseless-PSR-aerCPU-rand0-seed0/config.yaml
Configuration file written. Path: /work/qgan_v4/data/train/base-qml_torch-q4-noiseless-PSR-aerCPU-rand0.1-seed0/config.yaml
Configuration file written. Path: /work/qgan_v4/data/train/base-qml_torch-q4-noiseless-PSR-aerCPU-rand0-seed1/config.yaml
Configuration file written. Path: /work/qgan_v4/data/train/base-qml_torch-q4-noiseless-PSR-aerCPU-rand0.1-seed1/config.yaml
Configuration file written. Path: /work/qgan_v4/data/train/base-qml_torch-q4-noiseless-PSR-aerCPU-rand0-seed2/config.yaml
Configuration file written. Path: /work/qgan_v4/data/train/base-qml_torch-q4-noiseless-PSR-aerCPU-rand0.1-seed2/config.yaml
Configuration file written. Path: /work/qgan_v4/data/train/base-qml_torch-q4-noiseless-SPSA-aerCPU-rand0-seed0/config.yaml
Configuration file written. Path: /work/qgan_v4/data/train/base-qml_torch-q4-noiseless-SPSA-aerCPU-rand0.1-seed0/config.yaml
Configuration file written. Path: /work/qgan_v4/data/train/base-qml_torch-q4-noiseless-SPSA-aerCPU-rand0-seed1/config.yaml
Configuration file written. Path: /work/qgan_v4/data/train/base-qml_torch-q4-noiseless-SPSA-aerCPU-rand0.1-seed1/config.yaml
Configuration file written. Path: /work/qgan_v4/data/train/base-qml_torch-q4-noiseless-SPSA-aerCPU-rand0-seed2/config.yaml
Configuration file written. Path: /work/qgan_v4/data/train/base-qml_torch-q4-noiseless-SPSA-aerCPU-rand0.1-seed2/config.yaml
Configuration file written. Path: /work/qgan_v4/data/train/base-qml_torch-q4-noiseless-REG-aerCPU-rand0-seed0/config.yaml
Configuration file written. Path: /work/qgan_v4/data/train/base-qml_torch-q4-noiseless-REG-aerCPU-rand0.1-seed0/config.yaml
Configuration file written. Path: /work/qgan_v4/data/train/base-qml_torch-q4-noiseless-REG-aerCPU-rand0-seed1/config.yaml
Configuration file written. Path: /work/qgan_v4/data/train/base-qml_torch-q4-noiseless-REG-aerCPU-rand0.1-seed1/config.yaml
Configuration file written. Path: /work/qgan_v4/data/train/base-qml_torch-q4-noiseless-REG-aerCPU-rand0-seed2/config.yaml
Configuration file written. Path: /work/qgan_v4/data/train/base-qml_torch-q4-noiseless-REG-aerCPU-rand0.1-seed2/config.yaml
Configuration file written. Path: /work/qgan_v4/data/train/ang-qml_torch-q4-noiseless-PSR-aerCPU-rand0-seed0/config.yaml
Configuration file written. Path: /work/qgan_v4/data/train/ang-qml_torch-q4-noiseless-PSR-aerCPU-rand0.1-seed0/config.yaml
Configuration file written. Path: /work/qgan_v4/data/train/ang-qml_torch-q4-noiseless-PSR-aerCPU-rand0-seed1/config.yaml
Configuration file written. Path: /work/qgan_v4/data/train/ang-qml_torch-q4-noiseless-PSR-aerCPU-rand0.1-seed1/config.yaml
Configuration file written. Path: /work/qgan_v4/data/train/ang-qml_torch-q4-noiseless-PSR-aerCPU-rand0-seed2/config.yaml
Configuration file written. Path: /work/qgan_v4/data/train/ang-qml_torch-q4-noiseless-PSR-aerCPU-rand0.1-seed2/config.yaml
Configuration file written. Path: /work/qgan_v4/data/train/ang-qml_torch-q4-noiseless-SPSA-aerCPU-rand0-seed0/config.yaml
Configuration file written. Path: /work/qgan_v4/data/train/ang-qml_torch-q4-noiseless-SPSA-aerCPU-rand0.1-seed0/config.yaml
Configuration file written. Path: /work/qgan_v4/data/train/ang-qml_torch-q4-noiseless-SPSA-aerCPU-rand0-seed1/config.yaml
Configuration file written. Path: /work/qgan_v4/data/train/ang-qml_torch-q4-noiseless-SPSA-aerCPU-rand0.1-seed1/config.yaml
Configuration file written. Path: /work/qgan_v4/data/train/ang-qml_torch-q4-noiseless-SPSA-aerCPU-rand0-seed2/config.yaml
Configuration file written. Path: /work/qgan_v4/data/train/ang-qml_torch-q4-noiseless-SPSA-aerCPU-rand0.1-seed2/config.yaml
Configuration file written. Path: /work/qgan_v4/data/train/ang-qml_torch-q4-noiseless-REG-aerCPU-rand0-seed0/config.yaml
Configuration file written. Path: /work/qgan_v4/data/train/ang-qml_torch-q4-noiseless-REG-aerCPU-rand0.1-seed0/config.yaml
Configuration file written. Path: /work/qgan_v4/data/train/ang-qml_torch-q4-noiseless-REG-aerCPU-rand0-seed1/config.yaml
Configuration file written. Path: /work/qgan_v4/data/train/ang-qml_torch-q4-noiseless-REG-aerCPU-rand0.1-seed1/config.yaml
Configuration file written. Path: /work/qgan_v4/data/train/ang-qml_torch-q4-noiseless-REG-aerCPU-rand0-seed2/config.yaml
Configuration file written. Path: /work/qgan_v4/data/train/ang-qml_torch-q4-noiseless-REG-aerCPU-rand0.1-seed2/config.yaml
Configuration file written. Path: /work/qgan_v4/data/train/amp-qml_torch-q4-noiseless-PSR-aerCPU-rand0-seed0/config.yaml
Configuration file written. Path: /work/qgan_v4/data/train/amp-qml_torch-q4-noiseless-PSR-aerCPU-rand0.1-seed0/config.yaml
Configuration file written. Path: /work/qgan_v4/data/train/amp-qml_torch-q4-noiseless-PSR-aerCPU-rand0-seed1/config.yaml
Configuration file written. Path: /work/qgan_v4/data/train/amp-qml_torch-q4-noiseless-PSR-aerCPU-rand0.1-seed1/config.yaml
Configuration file written. Path: /work/qgan_v4/data/train/amp-qml_torch-q4-noiseless-PSR-aerCPU-rand0-seed2/config.yaml
Configuration file written. Path: /work/qgan_v4/data/train/amp-qml_torch-q4-noiseless-PSR-aerCPU-rand0.1-seed2/config.yaml
Configuration file written. Path: /work/qgan_v4/data/train/amp-qml_torch-q4-noiseless-SPSA-aerCPU-rand0-seed0/config.yaml
Configuration file written. Path: /work/qgan_v4/data/train/amp-qml_torch-q4-noiseless-SPSA-aerCPU-rand0.1-seed0/config.yaml
Configuration file written. Path: /work/qgan_v4/data/train/amp-qml_torch-q4-noiseless-SPSA-aerCPU-rand0-seed1/config.yaml
Configuration file written. Path: /work/qgan_v4/data/train/amp-qml_torch-q4-noiseless-SPSA-aerCPU-rand0.1-seed1/config.yaml
Configuration file written. Path: /work/qgan_v4/data/train/amp-qml_torch-q4-noiseless-SPSA-aerCPU-rand0-seed2/config.yaml
Configuration file written. Path: /work/qgan_v4/data/train/amp-qml_torch-q4-noiseless-SPSA-aerCPU-rand0.1-seed2/config.yaml
Configuration file written. Path: /work/qgan_v4/data/train/amp-qml_torch-q4-noiseless-REG-aerCPU-rand0-seed0/config.yaml
Configuration file written. Path: /work/qgan_v4/data/train/amp-qml_torch-q4-noiseless-REG-aerCPU-rand0.1-seed0/config.yaml
Configuration file written. Path: /work/qgan_v4/data/train/amp-qml_torch-q4-noiseless-REG-aerCPU-rand0-seed1/config.yaml
Configuration file written. Path: /work/qgan_v4/data/train/amp-qml_torch-q4-noiseless-REG-aerCPU-rand0.1-seed1/config.yaml
Configuration file written. Path: /work/qgan_v4/data/train/amp-qml_torch-q4-noiseless-REG-aerCPU-rand0-seed2/config.yaml
Configuration file written. Path: /work/qgan_v4/data/train/amp-qml_torch-q4-noiseless-REG-aerCPU-rand0.1-seed2/config.yaml

Creating config files for qml_torch_noisy:
Configuration file written. Path: /work/qgan_v4/data/train/base-qml_torch-q4-noisy-PSR-aerCPU-rand0-seed0/config.yaml
Configuration file written. Path: /work/qgan_v4/data/train/base-qml_torch-q4-noisy-PSR-aerCPU-rand0.1-seed0/config.yaml
Configuration file written. Path: /work/qgan_v4/data/train/base-qml_torch-q4-noisy-PSR-aerCPU-rand0-seed1/config.yaml
Configuration file written. Path: /work/qgan_v4/data/train/base-qml_torch-q4-noisy-PSR-aerCPU-rand0.1-seed1/config.yaml
Configuration file written. Path: /work/qgan_v4/data/train/base-qml_torch-q4-noisy-PSR-aerCPU-rand0-seed2/config.yaml
Configuration file written. Path: /work/qgan_v4/data/train/base-qml_torch-q4-noisy-PSR-aerCPU-rand0.1-seed2/config.yaml
Configuration file written. Path: /work/qgan_v4/data/train/base-qml_torch-q4-noisy-SPSA-aerCPU-rand0-seed0/config.yaml
Configuration file written. Path: /work/qgan_v4/data/train/base-qml_torch-q4-noisy-SPSA-aerCPU-rand0.1-seed0/config.yaml
Configuration file written. Path: /work/qgan_v4/data/train/base-qml_torch-q4-noisy-SPSA-aerCPU-rand0-seed1/config.yaml
Configuration file written. Path: /work/qgan_v4/data/train/base-qml_torch-q4-noisy-SPSA-aerCPU-rand0.1-seed1/config.yaml
Configuration file written. Path: /work/qgan_v4/data/train/base-qml_torch-q4-noisy-SPSA-aerCPU-rand0-seed2/config.yaml
Configuration file written. Path: /work/qgan_v4/data/train/base-qml_torch-q4-noisy-SPSA-aerCPU-rand0.1-seed2/config.yaml
Configuration file written. Path: /work/qgan_v4/data/train/ang-qml_torch-q4-noisy-PSR-aerCPU-rand0-seed0/config.yaml
Configuration file written. Path: /work/qgan_v4/data/train/ang-qml_torch-q4-noisy-PSR-aerCPU-rand0.1-seed0/config.yaml
Configuration file written. Path: /work/qgan_v4/data/train/ang-qml_torch-q4-noisy-PSR-aerCPU-rand0-seed1/config.yaml
Configuration file written. Path: /work/qgan_v4/data/train/ang-qml_torch-q4-noisy-PSR-aerCPU-rand0.1-seed1/config.yaml
Configuration file written. Path: /work/qgan_v4/data/train/ang-qml_torch-q4-noisy-PSR-aerCPU-rand0-seed2/config.yaml
Configuration file written. Path: /work/qgan_v4/data/train/ang-qml_torch-q4-noisy-PSR-aerCPU-rand0.1-seed2/config.yaml
Configuration file written. Path: /work/qgan_v4/data/train/ang-qml_torch-q4-noisy-SPSA-aerCPU-rand0-seed0/config.yaml
Configuration file written. Path: /work/qgan_v4/data/train/ang-qml_torch-q4-noisy-SPSA-aerCPU-rand0.1-seed0/config.yaml
Configuration file written. Path: /work/qgan_v4/data/train/ang-qml_torch-q4-noisy-SPSA-aerCPU-rand0-seed1/config.yaml
Configuration file written. Path: /work/qgan_v4/data/train/ang-qml_torch-q4-noisy-SPSA-aerCPU-rand0.1-seed1/config.yaml
Configuration file written. Path: /work/qgan_v4/data/train/ang-qml_torch-q4-noisy-SPSA-aerCPU-rand0-seed2/config.yaml
Configuration file written. Path: /work/qgan_v4/data/train/ang-qml_torch-q4-noisy-SPSA-aerCPU-rand0.1-seed2/config.yaml
Configuration file written. Path: /work/qgan_v4/data/train/amp-qml_torch-q4-noisy-PSR-aerCPU-rand0-seed0/config.yaml
Configuration file written. Path: /work/qgan_v4/data/train/amp-qml_torch-q4-noisy-PSR-aerCPU-rand0.1-seed0/config.yaml
Configuration file written. Path: /work/qgan_v4/data/train/amp-qml_torch-q4-noisy-PSR-aerCPU-rand0-seed1/config.yaml
Configuration file written. Path: /work/qgan_v4/data/train/amp-qml_torch-q4-noisy-PSR-aerCPU-rand0.1-seed1/config.yaml
Configuration file written. Path: /work/qgan_v4/data/train/amp-qml_torch-q4-noisy-PSR-aerCPU-rand0-seed2/config.yaml
Configuration file written. Path: /work/qgan_v4/data/train/amp-qml_torch-q4-noisy-PSR-aerCPU-rand0.1-seed2/config.yaml
Configuration file written. Path: /work/qgan_v4/data/train/amp-qml_torch-q4-noisy-SPSA-aerCPU-rand0-seed0/config.yaml
Configuration file written. Path: /work/qgan_v4/data/train/amp-qml_torch-q4-noisy-SPSA-aerCPU-rand0.1-seed0/config.yaml
Configuration file written. Path: /work/qgan_v4/data/train/amp-qml_torch-q4-noisy-SPSA-aerCPU-rand0-seed1/config.yaml
Configuration file written. Path: /work/qgan_v4/data/train/amp-qml_torch-q4-noisy-SPSA-aerCPU-rand0.1-seed1/config.yaml
Configuration file written. Path: /work/qgan_v4/data/train/amp-qml_torch-q4-noisy-SPSA-aerCPU-rand0-seed2/config.yaml
Configuration file written. Path: /work/qgan_v4/data/train/amp-qml_torch-q4-noisy-SPSA-aerCPU-rand0.1-seed2/config.yaml

90 battery configuration files ready.

Running: /work/qgan_v4/data/train/base-qml_torch-q4-noiseless-PSR-aerCPU-rand0-seed0/config.yaml
Training data file created.
              Epoch |     Generator cost | Discriminator cost |               Eval |          Best eval |               Time |
                  0 |             -0.916 |             -0.267 |               4.11 |               4.11 |              0.263 |
                 10 |             -0.924 |             -0.281 |               3.42 |               3.42 |                2.3 |
                 20 |             -0.913 |             -0.274 |                3.4 |               3.37 |               2.28 |
                 30 |             -0.928 |             -0.239 |               3.21 |               3.21 |               2.29 |
                 40 |             -0.989 |             -0.258 |               2.89 |               2.89 |               2.29 |
                 50 |             -0.987 |             -0.295 |               2.63 |               2.63 |               2.29 |
                 60 |             -0.963 |             -0.326 |               2.15 |               2.15 |               2.29 |
                 70 |             -0.971 |             -0.347 |               2.01 |               2.01 |               2.29 |
                 80 |             -0.922 |              -0.41 |               1.95 |               1.94 |               2.29 |
                 90 |             -0.976 |              -0.41 |               2.16 |               1.94 |               2.29 |
                100 |             -0.907 |             -0.443 |               2.67 |               1.94 |               2.29 |
                110 |             -0.871 |             -0.471 |               3.02 |               1.94 |                2.3 |
                120 |             -0.856 |             -0.503 |               3.27 |               1.94 |                2.3 |
                130 |              -0.82 |             -0.495 |               2.49 |               1.94 |               2.29 |
                140 |             -0.831 |             -0.511 |                1.9 |                1.9 |               2.29 |
                150 |             -0.853 |             -0.497 |               1.48 |               1.48 |               2.29 |
                160 |             -0.861 |             -0.533 |               1.21 |               1.21 |                2.3 |
                170 |               -0.9 |              -0.51 |               1.09 |               1.09 |                2.3 |
                180 |              -0.94 |             -0.486 |               1.08 |               1.07 |                2.3 |
                190 |             -0.937 |             -0.487 |               1.12 |               1.07 |                2.3 |
                200 |             -0.949 |             -0.469 |               1.18 |               1.07 |                2.3 |
                210 |              -0.95 |             -0.499 |               1.29 |               1.07 |               2.29 |
                220 |             -0.971 |              -0.49 |               1.48 |               1.07 |                2.3 |
                230 |             -0.954 |             -0.485 |               1.84 |               1.07 |                2.3 |
                240 |             -0.929 |             -0.488 |               2.18 |               1.07 |               2.47 |
                250 |             -0.922 |             -0.506 |               2.06 |               1.07 |               2.29 |
                260 |             -0.943 |             -0.494 |               2.19 |               1.07 |                2.3 |
                270 |             -0.911 |             -0.492 |               2.59 |               1.07 |               2.29 |
                280 |              -0.92 |             -0.535 |               2.51 |               1.07 |               2.29 |
                290 |             -0.862 |             -0.545 |               2.37 |               1.07 |                2.3 |
                300 |              -0.84 |             -0.564 |               2.51 |               1.07 |                2.3 |
                310 |              -0.78 |             -0.573 |                2.6 |               1.07 |                2.3 |
                320 |             -0.744 |             -0.616 |               2.39 |               1.07 |                2.3 |
                330 |             -0.737 |             -0.596 |               2.27 |               1.07 |                2.3 |
                340 |             -0.729 |             -0.613 |               1.62 |               1.07 |                2.3 |
                350 |             -0.788 |             -0.584 |               1.34 |               1.07 |                2.3 |
                360 |             -0.769 |             -0.545 |               1.41 |               1.07 |               2.31 |
                370 |             -0.863 |              -0.55 |               1.03 |               1.03 |                2.3 |
                380 |             -0.872 |             -0.531 |              0.681 |              0.681 |                2.3 |
                390 |             -0.887 |             -0.538 |              0.496 |              0.496 |                2.3 |
                400 |             -0.906 |             -0.511 |               0.39 |               0.39 |               2.31 |
                410 |              -0.92 |             -0.516 |              0.318 |              0.318 |                2.3 |
                420 |             -0.929 |             -0.514 |              0.266 |              0.266 |                2.3 |
                430 |             -0.957 |             -0.505 |              0.222 |              0.222 |                2.3 |
                440 |             -0.941 |             -0.523 |              0.188 |              0.188 |                2.3 |
                450 |             -0.948 |             -0.514 |              0.161 |              0.161 |               2.31 |
                460 |             -0.963 |              -0.52 |              0.141 |              0.141 |               2.31 |
                470 |             -0.967 |             -0.495 |              0.123 |              0.123 |               2.31 |
                480 |             -0.967 |             -0.505 |              0.106 |              0.106 |               2.31 |
                490 |             -0.955 |              -0.51 |             0.0878 |             0.0878 |               2.31 |
                500 |             -0.973 |             -0.498 |             0.0732 |             0.0732 |               2.31 |
                510 |             -0.959 |             -0.502 |             0.0598 |             0.0598 |                2.3 |
                520 |                 -1 |             -0.511 |             0.0498 |             0.0498 |               2.31 |
                530 |             -0.978 |             -0.496 |             0.0432 |             0.0432 |               2.32 |
                540 |             -0.995 |             -0.482 |             0.0378 |             0.0378 |               2.31 |
                550 |              -1.02 |             -0.526 |             0.0335 |             0.0335 |               2.32 |
                560 |             -0.959 |             -0.507 |             0.0316 |             0.0316 |               2.31 |
                570 |             -0.997 |             -0.501 |             0.0301 |               0.03 |               2.31 |
                580 |              -1.01 |             -0.522 |             0.0311 |               0.03 |               2.49 |
                590 |             -0.977 |             -0.505 |             0.0324 |               0.03 |                2.3 |
                600 |              -1.01 |             -0.479 |             0.0324 |               0.03 |               2.29 |
                610 |             -0.986 |             -0.485 |             0.0317 |               0.03 |                2.3 |
                620 |             -0.974 |             -0.495 |             0.0343 |               0.03 |                2.3 |
                630 |             -0.976 |             -0.484 |             0.0391 |               0.03 |                2.3 |
                640 |             -0.949 |             -0.487 |             0.0443 |               0.03 |               2.29 |
                650 |             -0.934 |              -0.53 |             0.0495 |               0.03 |               2.29 |
                660 |             -0.942 |             -0.525 |             0.0564 |               0.03 |                2.3 |
                670 |             -0.883 |             -0.545 |             0.0703 |               0.03 |                2.3 |
                680 |             -0.764 |             -0.591 |             0.0899 |               0.03 |                2.3 |
                690 |             -0.638 |             -0.669 |              0.113 |               0.03 |                2.3 |
                700 |             -0.429 |             -0.735 |               0.15 |               0.03 |                2.3 |
                710 |             -0.295 |             -0.834 |              0.278 |               0.03 |                2.3 |
                720 |             -0.312 |             -0.816 |              0.838 |               0.03 |               2.31 |
                730 |             -0.528 |             -0.722 |                2.6 |               0.03 |                2.3 |
                740 |             -0.701 |             -0.628 |               2.67 |               0.03 |                2.3 |
                750 |             -0.795 |             -0.553 |               2.26 |               0.03 |                2.3 |
                760 |             -0.796 |             -0.545 |               1.86 |               0.03 |                2.3 |
                770 |             -0.767 |             -0.594 |               1.79 |               0.03 |               2.31 |
                780 |             -0.725 |             -0.614 |               1.99 |               0.03 |                2.3 |
                790 |             -0.597 |             -0.651 |               2.27 |               0.03 |                2.3 |
                800 |             -0.543 |             -0.667 |               2.47 |               0.03 |               2.31 |
                810 |             -0.573 |             -0.645 |               2.71 |               0.03 |               2.31 |
                820 |              -0.66 |             -0.592 |               4.39 |               0.03 |                2.3 |
                830 |             -0.769 |             -0.543 |               3.84 |               0.03 |               2.31 |
                840 |             -0.812 |             -0.527 |               3.69 |               0.03 |               2.31 |
                850 |             -0.779 |             -0.545 |                3.7 |               0.03 |               2.31 |
                860 |             -0.801 |             -0.583 |               3.23 |               0.03 |                2.3 |
                870 |             -0.773 |             -0.585 |               2.74 |               0.03 |               2.31 |
                880 |              -0.75 |              -0.61 |               2.27 |               0.03 |               2.31 |
                890 |             -0.711 |             -0.644 |               1.83 |               0.03 |               2.31 |
                900 |              -0.66 |             -0.652 |               1.45 |               0.03 |                2.3 |
                910 |             -0.652 |             -0.637 |               1.14 |               0.03 |               2.31 |
                920 |             -0.697 |             -0.615 |              0.943 |               0.03 |                2.3 |
                930 |             -0.662 |             -0.627 |              0.844 |               0.03 |               2.31 |
                940 |             -0.659 |             -0.618 |              0.849 |               0.03 |                2.3 |
                950 |             -0.683 |             -0.599 |              0.949 |               0.03 |               2.31 |
                960 |             -0.664 |             -0.594 |               1.16 |               0.03 |               2.32 |
                970 |             -0.683 |             -0.597 |               1.65 |               0.03 |               2.31 |
                980 |             -0.685 |             -0.557 |               2.08 |               0.03 |               2.31 |
                990 |             -0.719 |             -0.559 |               2.43 |               0.03 |                2.3 |
Training complete: 
   Data path: /work/qgan_v4/data/train/base-qml_torch-q4-noiseless-PSR-aerCPU-rand0-seed0 
   Best eval: 0.030029362583253144 
   Total time: 230.682599067688

Running: /work/qgan_v4/data/train/base-qml_torch-q4-noiseless-PSR-aerCPU-rand0.1-seed0/config.yaml
Training data file created.
              Epoch |     Generator cost | Discriminator cost |               Eval |          Best eval |               Time |
                  0 |              -0.73 |             -0.429 |               2.56 |               2.56 |              0.246 |
                 10 |             -0.722 |             -0.393 |               2.87 |                1.7 |               2.35 |
                 20 |              -0.84 |             -0.342 |               2.14 |               1.37 |               2.34 |
                 30 |             -0.891 |              -0.33 |               2.55 |               1.37 |               2.34 |
                 40 |             -0.816 |             -0.308 |               3.63 |               1.37 |               2.34 |
                 50 |             -0.945 |             -0.291 |                2.1 |               1.37 |               2.35 |
                 60 |             -0.871 |             -0.281 |               3.31 |               1.37 |               2.35 |
                 70 |             -0.841 |             -0.263 |               2.86 |               1.37 |               2.34 |
                 80 |             -0.978 |             -0.313 |               2.49 |               1.37 |               2.34 |
                 90 |             -0.862 |             -0.342 |               3.52 |               1.37 |               2.35 |
                100 |              -0.93 |             -0.344 |               3.67 |               1.37 |               2.35 |
                110 |             -0.903 |             -0.376 |               2.29 |               1.37 |               2.35 |
                120 |             -0.821 |             -0.407 |                1.9 |               1.37 |               2.35 |
                130 |             -0.932 |             -0.428 |               2.04 |               1.37 |               2.35 |
                140 |             -0.861 |             -0.475 |               2.31 |               1.37 |               2.35 |
                150 |             -0.805 |             -0.483 |               3.08 |               1.37 |               2.35 |
                160 |             -0.841 |             -0.527 |                2.1 |               1.34 |               2.35 |
                170 |             -0.838 |             -0.524 |                1.4 |               1.13 |               2.34 |
                180 |             -0.809 |             -0.559 |              0.803 |              0.803 |               2.36 |
                190 |             -0.855 |             -0.541 |               1.45 |              0.803 |               2.36 |
                200 |             -0.841 |             -0.526 |               1.38 |              0.771 |               2.35 |
                210 |             -0.838 |             -0.534 |               1.06 |              0.771 |               2.35 |
                220 |              -0.78 |             -0.513 |               1.62 |              0.771 |               2.36 |
                230 |             -0.825 |             -0.537 |               1.22 |              0.771 |               2.36 |
                240 |             -0.843 |              -0.54 |                1.2 |              0.771 |               2.36 |
                250 |             -0.808 |             -0.516 |               1.14 |              0.771 |               2.36 |
                260 |              -0.83 |             -0.528 |               1.23 |              0.771 |               2.36 |
                270 |             -0.819 |             -0.541 |               1.39 |              0.771 |               2.36 |
                280 |             -0.817 |              -0.56 |               1.94 |              0.771 |               2.36 |
                290 |              -0.85 |              -0.54 |               1.22 |              0.771 |               2.36 |
                300 |             -0.781 |             -0.568 |               1.15 |              0.771 |               2.35 |
                310 |             -0.822 |             -0.555 |                1.2 |              0.771 |               2.36 |
                320 |             -0.771 |             -0.522 |                1.2 |              0.771 |               2.37 |
                330 |             -0.835 |             -0.532 |               1.19 |              0.771 |               2.52 |
                340 |              -0.87 |             -0.534 |               1.63 |              0.771 |               2.35 |
                350 |             -0.832 |             -0.557 |              0.911 |              0.771 |               2.33 |
                360 |             -0.837 |              -0.53 |               1.29 |              0.771 |               2.35 |
                370 |             -0.846 |             -0.504 |              0.768 |              0.768 |               2.35 |
                380 |             -0.944 |             -0.507 |               0.99 |              0.768 |               2.35 |
                390 |             -0.996 |             -0.503 |               1.56 |              0.768 |               2.34 |
                400 |             -0.931 |             -0.531 |               1.03 |              0.768 |               2.35 |
                410 |             -0.921 |             -0.563 |               1.73 |              0.768 |               2.36 |
                420 |             -0.908 |             -0.568 |               1.46 |              0.768 |               2.35 |
                430 |             -0.848 |             -0.547 |               1.78 |              0.768 |               2.35 |
                440 |             -0.852 |             -0.551 |               1.07 |              0.768 |               2.35 |
                450 |             -0.785 |              -0.59 |               1.47 |              0.768 |               2.35 |
                460 |             -0.715 |              -0.58 |               1.18 |              0.768 |               2.36 |
                470 |              -0.73 |             -0.576 |              0.938 |              0.768 |               2.36 |
                480 |             -0.737 |              -0.59 |               1.35 |              0.768 |               2.34 |
                490 |             -0.771 |             -0.585 |              0.572 |              0.572 |               2.37 |
                500 |             -0.797 |             -0.538 |              0.483 |              0.483 |               2.36 |
                510 |              -0.83 |             -0.533 |              0.283 |              0.283 |               2.36 |
                520 |             -0.928 |             -0.535 |              0.149 |              0.112 |               2.36 |
                530 |             -0.946 |             -0.525 |             0.0584 |             0.0584 |               2.35 |
                540 |             -0.908 |             -0.469 |             0.0935 |              0.056 |               2.35 |
                550 |             -0.922 |              -0.47 |              0.197 |             0.0286 |               2.36 |
                560 |             -0.948 |             -0.486 |              0.128 |             0.0286 |               2.35 |
                570 |             -0.953 |               -0.5 |              0.119 |             0.0286 |               2.36 |
                580 |              -0.95 |              -0.52 |              0.114 |             0.0286 |               2.35 |
                590 |              -0.97 |             -0.492 |              0.197 |             0.0286 |               2.36 |
                600 |             -0.989 |             -0.511 |               0.27 |             0.0286 |               2.36 |
                610 |              -0.95 |             -0.508 |              0.101 |             0.0286 |               2.36 |
                620 |             -0.983 |             -0.498 |             0.0773 |             0.0286 |               2.35 |
                630 |             -0.967 |             -0.504 |              0.218 |             0.0286 |               2.35 |
                640 |             -0.963 |             -0.522 |             0.0863 |             0.0226 |               2.35 |
                650 |             -0.995 |             -0.524 |              0.043 |             0.0226 |               2.35 |
                660 |             -0.962 |             -0.502 |              0.272 |             0.0226 |               2.36 |
                670 |             -0.983 |             -0.512 |             0.0905 |             0.0226 |               2.35 |
                680 |             -0.954 |             -0.503 |              0.186 |             0.0226 |               2.36 |
                690 |             -0.962 |             -0.505 |              0.173 |             0.0226 |               2.36 |
                700 |             -0.943 |             -0.491 |             0.0269 |             0.0226 |               2.36 |
                710 |             -0.964 |               -0.5 |              0.133 |             0.0226 |               2.35 |
                720 |             -0.968 |               -0.5 |             0.0601 |             0.0226 |               2.36 |
                730 |             -0.981 |              -0.51 |             0.0648 |             0.0226 |               2.36 |
                740 |             -0.982 |             -0.499 |              0.146 |             0.0226 |               2.36 |
                750 |             -0.991 |              -0.52 |             0.0733 |             0.0226 |               2.53 |
                760 |             -0.991 |             -0.519 |               0.05 |             0.0226 |               2.34 |
                770 |             -0.987 |             -0.511 |              0.153 |             0.0226 |               2.35 |
                780 |              -1.01 |             -0.507 |             0.0531 |             0.0226 |               2.35 |
                790 |              -0.99 |             -0.507 |              0.186 |             0.0226 |               2.35 |
                800 |             -0.965 |               -0.5 |              0.227 |             0.0145 |               2.35 |
                810 |             -0.947 |               -0.5 |             0.0651 |             0.0145 |               2.34 |
                820 |             -0.967 |             -0.525 |             0.0749 |             0.0145 |               2.35 |
                830 |             -0.947 |             -0.508 |             0.0824 |             0.0145 |               2.35 |
                840 |              -1.01 |              -0.51 |             0.0816 |             0.0145 |               2.35 |
                850 |             -0.979 |             -0.503 |              0.147 |             0.0145 |               2.35 |
                860 |             -0.962 |             -0.493 |              0.259 |             0.0145 |               2.35 |
                870 |                 -1 |             -0.509 |              0.124 |             0.0145 |               2.36 |
                880 |             -0.972 |             -0.495 |              0.182 |             0.0145 |               2.35 |
                890 |             -0.987 |             -0.513 |               0.22 |             0.0145 |               2.34 |
                900 |              -0.97 |             -0.518 |              0.038 |             0.0144 |               2.35 |
                910 |             -0.989 |             -0.517 |              0.139 |             0.0144 |               2.36 |
                920 |             -0.947 |              -0.51 |             0.0521 |             0.0144 |               2.36 |
                930 |             -0.994 |             -0.518 |             0.0458 |             0.0144 |               2.36 |
                940 |              -1.01 |             -0.522 |              0.206 |             0.0144 |               2.35 |
                950 |             -0.967 |             -0.501 |             0.0995 |             0.0144 |               2.36 |
                960 |             -0.966 |             -0.498 |             0.0427 |             0.0144 |               2.36 |
                970 |             -0.966 |             -0.515 |              0.209 |             0.0144 |               2.36 |
                980 |                 -1 |              -0.49 |             0.0425 |             0.0144 |               2.36 |
                990 |             -0.996 |             -0.517 |              0.132 |             0.0144 |               2.36 |
Training complete: 
   Data path: /work/qgan_v4/data/train/base-qml_torch-q4-noiseless-PSR-aerCPU-rand0.1-seed0 
   Best eval: 0.010651926471313883 
   Total time: 235.62977027893066

Running: /work/qgan_v4/data/train/base-qml_torch-q4-noiseless-PSR-aerCPU-rand0-seed1/config.yaml
Training data file created.
              Epoch |     Generator cost | Discriminator cost |               Eval |          Best eval |               Time |
                  0 |             -0.799 |             -0.403 |               3.16 |               3.16 |              0.242 |
                 10 |             -0.833 |             -0.385 |               3.41 |               3.16 |               2.32 |
                 20 |             -0.854 |             -0.401 |               3.48 |               3.16 |               2.31 |
                 30 |             -0.898 |             -0.425 |               3.98 |               3.16 |               2.31 |
                 40 |             -0.889 |             -0.446 |               4.99 |               3.16 |               2.32 |
                 50 |             -0.849 |             -0.454 |               3.66 |               3.16 |               2.31 |
                 60 |             -0.855 |             -0.475 |               3.27 |               3.16 |               2.31 |
                 70 |             -0.871 |             -0.487 |               3.21 |               3.16 |               2.31 |
                 80 |             -0.856 |             -0.509 |               4.03 |               3.16 |               2.31 |
                 90 |             -0.836 |             -0.505 |               3.39 |               3.16 |               2.31 |
                100 |             -0.841 |             -0.519 |               3.13 |               3.13 |               2.31 |
                110 |             -0.832 |             -0.537 |               2.16 |               2.16 |               2.49 |
                120 |             -0.843 |              -0.53 |               1.76 |               1.76 |               2.29 |
                130 |             -0.828 |              -0.54 |               1.61 |               1.61 |               2.31 |
                140 |             -0.871 |             -0.536 |                1.7 |               1.61 |               2.31 |
                150 |             -0.844 |             -0.537 |               1.66 |               1.61 |               2.31 |
                160 |             -0.836 |             -0.537 |               1.34 |               1.34 |                2.3 |
                170 |             -0.816 |             -0.547 |                1.2 |                1.2 |               2.31 |
                180 |             -0.823 |             -0.544 |               1.14 |               1.14 |               2.31 |
                190 |             -0.806 |             -0.548 |               1.11 |               1.11 |               2.31 |
                200 |             -0.811 |             -0.566 |                1.1 |                1.1 |                2.3 |
                210 |             -0.805 |             -0.539 |               1.12 |                1.1 |               2.31 |
                220 |             -0.774 |             -0.554 |                1.1 |                1.1 |               2.31 |
                230 |             -0.762 |             -0.567 |               1.05 |               1.05 |               2.31 |
                240 |             -0.793 |             -0.553 |              0.983 |              0.983 |                2.3 |
                250 |             -0.788 |             -0.526 |               1.06 |              0.978 |               2.32 |
                260 |             -0.843 |             -0.523 |               1.12 |              0.978 |               2.31 |
                270 |             -0.853 |             -0.522 |              0.748 |              0.748 |               2.31 |
                280 |             -0.874 |             -0.515 |              0.651 |              0.651 |               2.31 |
                290 |              -0.84 |             -0.523 |              0.631 |              0.631 |               2.31 |
                300 |             -0.864 |             -0.502 |              0.542 |              0.542 |               2.32 |
                310 |             -0.893 |             -0.504 |              0.392 |              0.392 |               2.31 |
                320 |             -0.898 |             -0.495 |              0.264 |              0.264 |               2.32 |
                330 |             -0.899 |             -0.524 |              0.179 |              0.179 |               2.31 |
                340 |             -0.945 |             -0.505 |              0.117 |              0.117 |               2.31 |
                350 |             -0.921 |              -0.51 |             0.0728 |             0.0728 |               2.31 |
                360 |             -0.959 |             -0.492 |              0.043 |              0.043 |               2.31 |
                370 |             -0.932 |             -0.492 |             0.0263 |             0.0263 |               2.31 |
                380 |             -0.935 |             -0.481 |             0.0244 |             0.0236 |               2.31 |
                390 |             -0.971 |             -0.501 |             0.0309 |             0.0236 |               2.32 |
                400 |             -0.956 |             -0.497 |             0.0421 |             0.0236 |               2.32 |
                410 |             -0.951 |             -0.485 |             0.0571 |             0.0236 |               2.31 |
                420 |              -0.97 |             -0.487 |             0.0757 |             0.0236 |               2.31 |
                430 |             -0.972 |             -0.495 |             0.0968 |             0.0236 |               2.31 |
                440 |              -0.97 |             -0.483 |               0.12 |             0.0236 |               2.31 |
                450 |             -0.958 |             -0.504 |              0.146 |             0.0236 |               2.49 |
                460 |             -0.986 |             -0.506 |              0.168 |             0.0236 |               2.29 |
                470 |             -0.973 |             -0.504 |              0.184 |             0.0236 |               2.29 |
                480 |                 -1 |             -0.479 |              0.198 |             0.0236 |               2.31 |
                490 |              -1.01 |             -0.492 |              0.208 |             0.0236 |               2.31 |
                500 |             -0.993 |             -0.487 |              0.216 |             0.0236 |               2.31 |
                510 |              -0.97 |             -0.505 |               0.22 |             0.0236 |                2.3 |
                520 |             -0.981 |              -0.49 |              0.214 |             0.0236 |               2.31 |
                530 |             -0.985 |             -0.511 |              0.208 |             0.0236 |               2.31 |
                540 |              -0.98 |             -0.502 |               0.21 |             0.0236 |               2.31 |
                550 |             -0.978 |             -0.493 |              0.212 |             0.0236 |               2.31 |
                560 |             -0.978 |             -0.512 |              0.219 |             0.0236 |               2.32 |
                570 |             -0.964 |             -0.498 |              0.216 |             0.0236 |               2.31 |
                580 |             -0.979 |             -0.489 |              0.218 |             0.0236 |               2.31 |
                590 |              -1.01 |             -0.516 |              0.225 |             0.0236 |               2.31 |
                600 |             -0.969 |             -0.495 |              0.229 |             0.0236 |               2.32 |
                610 |             -0.999 |             -0.503 |              0.224 |             0.0236 |               2.32 |
                620 |             -0.987 |              -0.51 |              0.211 |             0.0236 |               2.31 |
                630 |              -0.97 |             -0.513 |              0.199 |             0.0236 |               2.31 |
                640 |             -0.995 |             -0.504 |              0.194 |             0.0236 |               2.31 |
                650 |             -0.967 |             -0.506 |              0.196 |             0.0236 |               2.31 |
                660 |              -1.02 |             -0.496 |              0.196 |             0.0236 |               2.31 |
                670 |              -0.97 |             -0.509 |              0.181 |             0.0236 |               2.31 |
                680 |             -0.982 |             -0.501 |              0.177 |             0.0236 |               2.31 |
                690 |             -0.975 |             -0.497 |              0.176 |             0.0236 |               2.32 |
                700 |              -0.96 |             -0.497 |              0.179 |             0.0236 |               2.31 |
                710 |             -0.994 |               -0.5 |              0.174 |             0.0236 |               2.31 |
                720 |             -0.981 |             -0.513 |              0.173 |             0.0236 |               2.32 |
                730 |             -0.976 |             -0.512 |              0.176 |             0.0236 |               2.31 |
                740 |             -0.998 |             -0.511 |              0.186 |             0.0236 |               2.31 |
                750 |             -0.969 |             -0.503 |              0.187 |             0.0236 |               2.31 |
                760 |                 -1 |             -0.509 |               0.18 |             0.0236 |               2.31 |
                770 |             -0.999 |             -0.503 |               0.18 |             0.0236 |               2.32 |
                780 |             -0.955 |              -0.49 |              0.188 |             0.0236 |               2.32 |
                790 |             -0.983 |             -0.519 |              0.188 |             0.0236 |               2.31 |
                800 |              -1.01 |             -0.516 |              0.186 |             0.0236 |               2.31 |
                810 |             -0.998 |              -0.51 |              0.189 |             0.0236 |               2.31 |
                820 |             -0.995 |             -0.492 |              0.187 |             0.0236 |               2.31 |
                830 |             -0.976 |             -0.482 |              0.181 |             0.0236 |               2.32 |
                840 |             -0.971 |             -0.481 |              0.175 |             0.0236 |               2.31 |
                850 |             -0.994 |             -0.504 |               0.17 |             0.0236 |               2.32 |
                860 |             -0.959 |             -0.502 |              0.184 |             0.0236 |               2.32 |
                870 |             -0.973 |             -0.489 |              0.197 |             0.0236 |               2.32 |
                880 |             -0.975 |             -0.499 |              0.198 |             0.0236 |               2.48 |
                890 |             -0.987 |             -0.498 |              0.197 |             0.0236 |               2.29 |
                900 |             -0.959 |             -0.504 |              0.191 |             0.0236 |                2.3 |
                910 |                 -1 |             -0.485 |              0.187 |             0.0236 |                2.3 |
                920 |             -0.936 |             -0.497 |              0.187 |             0.0236 |                2.3 |
                930 |             -0.968 |             -0.494 |              0.184 |             0.0236 |               2.29 |
                940 |             -0.975 |             -0.502 |              0.175 |             0.0236 |               2.31 |
                950 |             -0.965 |             -0.511 |              0.175 |             0.0236 |                2.3 |
                960 |              -0.95 |             -0.494 |              0.183 |             0.0236 |                2.3 |
                970 |             -0.963 |             -0.506 |               0.18 |             0.0236 |               2.31 |
                980 |             -0.959 |             -0.494 |              0.165 |             0.0236 |                2.3 |
                990 |             -0.952 |             -0.494 |              0.167 |             0.0236 |                2.3 |
Training complete: 
   Data path: /work/qgan_v4/data/train/base-qml_torch-q4-noiseless-PSR-aerCPU-rand0-seed1 
   Best eval: 0.02356149992205936 
   Total time: 231.49863386154175

Running: /work/qgan_v4/data/train/base-qml_torch-q4-noiseless-PSR-aerCPU-rand0.1-seed1/config.yaml
Training data file created.
              Epoch |     Generator cost | Discriminator cost |               Eval |          Best eval |               Time |
                  0 |             -0.763 |             -0.364 |                2.6 |                2.6 |              0.247 |
                 10 |             -0.777 |             -0.402 |               3.03 |               2.45 |               2.35 |
                 20 |             -0.825 |             -0.416 |               2.59 |               2.39 |               2.35 |
                 30 |             -0.834 |             -0.426 |               3.08 |               2.38 |               2.36 |
                 40 |             -0.799 |             -0.385 |               2.87 |               2.38 |               2.36 |
                 50 |             -0.894 |              -0.43 |               2.64 |               2.38 |               2.34 |
                 60 |             -0.907 |             -0.457 |               2.66 |               2.38 |               2.36 |
                 70 |             -0.896 |             -0.473 |               3.33 |               2.38 |               2.36 |
                 80 |             -0.882 |             -0.476 |               3.37 |               2.12 |               2.35 |
                 90 |             -0.875 |             -0.495 |               3.29 |               2.12 |               2.36 |
                100 |             -0.869 |             -0.518 |               2.22 |               2.12 |               2.35 |
                110 |             -0.864 |             -0.504 |                3.2 |               2.12 |               2.36 |
                120 |             -0.862 |             -0.549 |               4.09 |               2.12 |               2.36 |
                130 |             -0.835 |             -0.533 |               3.48 |               2.12 |               2.36 |
                140 |             -0.826 |             -0.586 |               2.43 |               1.85 |               2.35 |
                150 |             -0.826 |             -0.544 |               2.96 |               1.78 |               2.37 |
                160 |             -0.732 |              -0.57 |               3.92 |               1.69 |               2.36 |
                170 |             -0.769 |             -0.526 |               1.82 |               1.69 |               2.35 |
                180 |              -0.75 |             -0.543 |               2.89 |               1.69 |               2.36 |
                190 |              -0.81 |             -0.509 |               2.32 |               1.69 |               2.35 |
                200 |             -0.812 |             -0.518 |               2.35 |               1.58 |               2.36 |
                210 |             -0.846 |             -0.491 |               1.63 |               1.19 |               2.36 |
                220 |             -0.858 |             -0.529 |               1.41 |               1.19 |               2.36 |
                230 |             -0.861 |             -0.537 |               1.57 |               1.19 |               2.36 |
                240 |             -0.841 |             -0.525 |               1.44 |               1.19 |               2.35 |
                250 |             -0.829 |             -0.515 |               1.38 |               1.19 |               2.36 |
                260 |              -0.87 |             -0.548 |               1.27 |               1.19 |               2.36 |
                270 |             -0.871 |             -0.526 |               1.47 |               1.16 |               2.54 |
                280 |             -0.809 |              -0.51 |               1.41 |               1.16 |               2.34 |
                290 |             -0.842 |             -0.546 |               2.02 |               1.16 |               2.35 |
                300 |             -0.822 |             -0.538 |               1.58 |               1.16 |               2.35 |
                310 |             -0.836 |             -0.541 |               1.71 |               1.16 |               2.35 |
                320 |             -0.843 |              -0.56 |               2.82 |               1.16 |               2.35 |
                330 |             -0.788 |              -0.59 |               1.96 |               1.16 |               2.36 |
                340 |             -0.774 |             -0.594 |               1.98 |               1.16 |               2.36 |
                350 |             -0.776 |             -0.629 |               2.13 |               1.16 |               2.35 |
                360 |              -0.71 |             -0.588 |                2.9 |               1.16 |               2.36 |
                370 |             -0.809 |             -0.557 |               3.61 |               1.16 |               2.35 |
                380 |             -0.832 |             -0.533 |               3.38 |               1.16 |               2.36 |
                390 |             -0.869 |             -0.581 |               4.04 |               1.16 |               2.36 |
                400 |             -0.832 |              -0.59 |               2.98 |               1.16 |               2.36 |
                410 |             -0.863 |             -0.548 |               2.38 |               1.16 |               2.36 |
                420 |             -0.847 |              -0.58 |               1.98 |               1.16 |               2.37 |
                430 |             -0.889 |             -0.548 |               2.38 |               1.16 |               2.36 |
                440 |             -0.878 |             -0.553 |               1.88 |               1.16 |               2.36 |
                450 |             -0.881 |              -0.55 |               2.83 |               1.16 |               2.36 |
                460 |             -0.892 |             -0.538 |                2.2 |               1.16 |               2.36 |
                470 |             -0.914 |             -0.533 |                2.7 |               1.16 |               2.36 |
                480 |             -0.879 |             -0.511 |               2.02 |               1.16 |               2.37 |
                490 |             -0.924 |             -0.515 |               1.87 |               1.16 |               2.37 |
                500 |             -0.921 |             -0.532 |               1.71 |               1.16 |               2.37 |
                510 |             -0.937 |             -0.531 |               1.83 |               1.16 |               2.37 |
                520 |             -0.938 |             -0.524 |               1.58 |               1.16 |               2.37 |
                530 |             -0.949 |             -0.524 |               1.37 |               1.16 |               2.37 |
                540 |             -0.934 |              -0.51 |               1.48 |               1.16 |               2.37 |
                550 |              -0.91 |             -0.509 |               1.05 |               1.05 |               2.37 |
                560 |             -0.913 |             -0.546 |               1.61 |               1.05 |               2.37 |
                570 |             -0.999 |              -0.51 |               2.36 |              0.861 |               2.37 |
                580 |             -0.986 |             -0.517 |               1.75 |              0.796 |               2.37 |
                590 |             -0.965 |             -0.509 |               1.05 |              0.796 |               2.37 |
                600 |             -0.985 |             -0.498 |              0.851 |              0.716 |               2.36 |
                610 |             -0.971 |             -0.495 |              0.637 |              0.637 |               2.38 |
                620 |             -0.921 |             -0.513 |              0.637 |              0.637 |               2.55 |
                630 |             -0.967 |             -0.512 |              0.886 |              0.569 |               2.35 |
                640 |             -0.966 |             -0.528 |               1.39 |              0.569 |               2.35 |
                650 |             -0.934 |             -0.529 |               0.71 |              0.569 |               2.35 |
                660 |             -0.969 |             -0.516 |               1.19 |              0.569 |               2.36 |
                670 |             -0.959 |             -0.523 |              0.711 |              0.569 |               2.35 |
                680 |             -0.979 |              -0.52 |               1.15 |              0.569 |               2.35 |
                690 |             -0.956 |              -0.52 |              0.696 |              0.569 |               2.36 |
                700 |             -0.973 |             -0.522 |              0.679 |              0.569 |               2.35 |
                710 |             -0.916 |               -0.5 |              0.608 |              0.569 |               2.36 |
                720 |             -0.944 |             -0.524 |              0.576 |              0.549 |               2.35 |
                730 |             -0.957 |             -0.521 |               1.45 |              0.549 |               2.36 |
                740 |             -0.986 |             -0.484 |              0.663 |              0.546 |               2.35 |
                750 |             -0.917 |             -0.484 |              0.814 |              0.546 |               2.37 |
                760 |                 -1 |             -0.519 |               1.12 |              0.546 |               2.37 |
                770 |             -0.938 |             -0.511 |              0.737 |              0.546 |               2.36 |
                780 |             -0.973 |             -0.525 |              0.956 |              0.546 |               2.36 |
                790 |              -1.01 |             -0.509 |              0.835 |              0.504 |               2.36 |
                800 |             -0.966 |             -0.507 |              0.964 |              0.504 |               2.36 |
                810 |             -0.966 |             -0.512 |               1.03 |              0.504 |               2.36 |
                820 |             -0.985 |             -0.524 |              0.536 |              0.504 |               2.36 |
                830 |             -0.965 |             -0.497 |               0.69 |              0.504 |               2.35 |
                840 |              -0.93 |             -0.496 |              0.876 |              0.504 |               2.36 |
                850 |             -0.885 |             -0.514 |              0.591 |              0.504 |               2.36 |
                860 |              -0.92 |             -0.518 |              0.702 |              0.504 |               2.36 |
                870 |             -0.931 |             -0.494 |               1.37 |              0.504 |               2.34 |
                880 |             -0.878 |             -0.485 |                0.7 |              0.445 |               2.37 |
                890 |             -0.883 |             -0.505 |              0.538 |              0.445 |               2.36 |
                900 |              -0.93 |              -0.53 |              0.776 |              0.445 |               2.36 |
                910 |             -0.903 |             -0.484 |              0.439 |              0.404 |               2.37 |
                920 |             -0.919 |             -0.502 |              0.782 |              0.364 |               2.36 |
                930 |             -0.936 |             -0.485 |              0.464 |               0.35 |               2.37 |
                940 |             -0.968 |             -0.517 |              0.429 |               0.35 |               2.36 |
                950 |             -0.974 |             -0.518 |               1.16 |               0.35 |               2.37 |
                960 |             -0.956 |             -0.475 |              0.522 |               0.35 |               2.35 |
                970 |             -0.968 |             -0.526 |              0.857 |              0.345 |               2.37 |
                980 |             -0.933 |             -0.509 |              0.963 |              0.281 |               2.37 |
                990 |             -0.965 |             -0.528 |              0.652 |              0.281 |               2.36 |
Training complete: 
   Data path: /work/qgan_v4/data/train/base-qml_torch-q4-noiseless-PSR-aerCPU-rand0.1-seed1 
   Best eval: 0.2814810084153481 
   Total time: 236.3329255580902

Running: /work/qgan_v4/data/train/base-qml_torch-q4-noiseless-PSR-aerCPU-rand0-seed2/config.yaml
Training data file created.
              Epoch |     Generator cost | Discriminator cost |               Eval |          Best eval |               Time |
                  0 |             -0.962 |             -0.251 |               5.22 |               5.22 |              0.243 |
                 10 |             -0.962 |             -0.256 |               3.66 |               3.66 |               2.49 |
                 20 |             -0.952 |             -0.273 |               3.14 |               3.14 |               2.29 |
                 30 |             -0.937 |             -0.283 |               4.33 |               3.12 |                2.3 |
                 40 |             -0.941 |             -0.306 |               2.85 |               2.85 |                2.3 |
                 50 |             -0.928 |             -0.336 |                3.3 |               2.84 |               2.29 |
                 60 |             -0.898 |             -0.353 |               2.44 |               2.44 |               2.31 |
                 70 |             -0.918 |             -0.382 |               2.34 |               2.34 |               2.31 |
                 80 |             -0.864 |             -0.429 |               2.48 |               2.34 |                2.3 |
                 90 |             -0.854 |             -0.446 |                  3 |               2.34 |               2.31 |
                100 |              -0.89 |             -0.459 |               2.84 |               2.34 |                2.3 |
                110 |             -0.867 |             -0.468 |                2.6 |               2.34 |               2.31 |
                120 |              -0.87 |             -0.495 |               2.36 |               2.34 |               2.31 |
                130 |             -0.863 |             -0.494 |               2.26 |               2.26 |               2.31 |
                140 |             -0.847 |             -0.531 |               2.21 |               2.21 |                2.3 |
                150 |             -0.858 |             -0.516 |               2.24 |               2.21 |               2.32 |
                160 |             -0.799 |             -0.528 |               2.38 |               2.21 |               2.31 |
                170 |             -0.811 |             -0.556 |               2.92 |               2.21 |               2.31 |
                180 |             -0.793 |             -0.544 |               2.07 |               2.07 |               2.31 |
                190 |               -0.8 |             -0.531 |               1.45 |               1.45 |               2.31 |
                200 |             -0.858 |              -0.56 |               1.07 |               1.07 |               2.31 |
                210 |             -0.834 |             -0.536 |              0.817 |              0.817 |               2.31 |
                220 |             -0.839 |             -0.527 |              0.649 |              0.649 |               2.31 |
                230 |             -0.897 |             -0.533 |              0.556 |              0.556 |               2.31 |
                240 |             -0.905 |             -0.509 |              0.493 |              0.493 |               2.31 |
                250 |             -0.919 |             -0.528 |               0.44 |               0.44 |               2.32 |
                260 |             -0.904 |             -0.516 |              0.376 |              0.376 |               2.31 |
                270 |             -0.921 |             -0.504 |              0.312 |              0.312 |               2.31 |
                280 |              -0.89 |             -0.505 |              0.264 |              0.264 |               2.32 |
                290 |             -0.944 |             -0.508 |              0.219 |              0.219 |               2.31 |
                300 |             -0.927 |             -0.498 |              0.184 |              0.184 |               2.32 |
                310 |             -0.924 |             -0.491 |              0.154 |              0.154 |                2.3 |
                320 |             -0.921 |             -0.473 |              0.126 |              0.126 |               2.31 |
                330 |             -0.925 |             -0.491 |              0.098 |              0.098 |               2.31 |
                340 |             -0.936 |             -0.485 |             0.0707 |             0.0707 |               2.31 |
                350 |             -0.908 |              -0.51 |             0.0506 |             0.0506 |               2.31 |
                360 |              -0.93 |             -0.526 |             0.0411 |             0.0411 |               2.32 |
                370 |             -0.942 |             -0.485 |               0.04 |             0.0398 |               2.31 |
                380 |              -0.95 |             -0.507 |             0.0395 |             0.0395 |               2.31 |
                390 |             -0.948 |             -0.482 |             0.0374 |             0.0374 |               2.31 |
                400 |             -0.951 |             -0.486 |             0.0331 |             0.0331 |               2.31 |
                410 |             -0.944 |             -0.463 |             0.0301 |             0.0301 |               2.31 |
                420 |             -0.931 |             -0.471 |             0.0321 |             0.0301 |               2.31 |
                430 |             -0.936 |             -0.516 |             0.0366 |             0.0301 |               2.31 |
                440 |             -0.952 |             -0.491 |             0.0414 |             0.0301 |                2.5 |
                450 |             -0.915 |             -0.518 |             0.0464 |             0.0301 |                2.3 |
                460 |              -0.94 |              -0.48 |             0.0487 |             0.0301 |               2.29 |
                470 |             -0.899 |             -0.493 |             0.0446 |             0.0301 |                2.3 |
                480 |             -0.946 |             -0.505 |             0.0403 |             0.0301 |               2.29 |
                490 |             -0.923 |             -0.499 |             0.0423 |             0.0301 |                2.3 |
                500 |             -0.962 |             -0.497 |             0.0452 |             0.0301 |                2.3 |
                510 |             -0.905 |             -0.509 |             0.0394 |             0.0301 |                2.3 |
                520 |             -0.959 |             -0.494 |             0.0259 |             0.0259 |                2.3 |
                530 |             -0.938 |             -0.499 |             0.0321 |             0.0249 |               2.31 |
                540 |             -0.933 |             -0.499 |             0.0579 |             0.0249 |                2.3 |
                550 |             -0.953 |             -0.501 |              0.079 |             0.0249 |                2.3 |
                560 |             -0.918 |             -0.522 |             0.0743 |             0.0249 |               2.31 |
                570 |             -0.938 |             -0.528 |             0.0546 |             0.0249 |                2.3 |
                580 |             -0.908 |             -0.492 |             0.0347 |             0.0249 |                2.3 |
                590 |              -0.89 |             -0.487 |             0.0343 |             0.0249 |               2.31 |
                600 |             -0.933 |             -0.487 |             0.0736 |             0.0249 |                2.3 |
                610 |             -0.968 |             -0.492 |              0.138 |             0.0249 |               2.32 |
                620 |             -0.963 |             -0.497 |              0.169 |             0.0249 |               2.31 |
                630 |             -0.953 |             -0.492 |              0.141 |             0.0249 |               2.31 |
                640 |             -0.934 |             -0.517 |             0.0795 |             0.0249 |               2.31 |
                650 |              -0.95 |             -0.502 |             0.0278 |             0.0249 |               2.31 |
                660 |              -0.92 |             -0.494 |             0.0267 |             0.0192 |               2.31 |
                670 |             -0.999 |             -0.486 |             0.0837 |             0.0192 |               2.31 |
                680 |             -0.925 |             -0.499 |              0.161 |             0.0192 |               2.31 |
                690 |             -0.979 |             -0.501 |              0.193 |             0.0192 |               2.31 |
                700 |             -0.937 |             -0.495 |              0.168 |             0.0192 |               2.31 |
                710 |             -0.944 |               -0.5 |              0.134 |             0.0192 |               2.31 |
                720 |             -0.947 |             -0.498 |              0.101 |             0.0192 |                2.3 |
                730 |             -0.946 |             -0.499 |             0.0648 |             0.0192 |               2.32 |
                740 |             -0.943 |             -0.499 |             0.0338 |             0.0192 |               2.31 |
                750 |             -0.969 |             -0.509 |             0.0266 |             0.0192 |               2.31 |
                760 |             -0.958 |             -0.484 |             0.0353 |             0.0192 |               2.31 |
                770 |              -1.01 |             -0.495 |             0.0451 |             0.0192 |               2.32 |
                780 |             -0.967 |             -0.514 |              0.043 |             0.0192 |               2.31 |
                790 |             -0.973 |             -0.501 |             0.0269 |             0.0192 |               2.32 |
                800 |             -0.963 |             -0.508 |             0.0137 |             0.0137 |               2.48 |
                810 |             -0.995 |             -0.494 |             0.0114 |             0.0108 |               2.31 |
                820 |             -0.958 |              -0.51 |              0.017 |             0.0108 |                2.3 |
                830 |             -0.994 |               -0.5 |             0.0209 |             0.0108 |               2.29 |
                840 |             -0.993 |             -0.502 |             0.0199 |             0.0108 |               2.31 |
                850 |             -0.997 |             -0.506 |             0.0151 |             0.0108 |               2.29 |
                860 |             -0.976 |               -0.5 |             0.0123 |             0.0108 |                2.3 |
                870 |                 -1 |             -0.496 |             0.0133 |             0.0108 |                2.3 |
                880 |             -0.971 |             -0.504 |             0.0154 |             0.0108 |               2.31 |
                890 |             -0.977 |             -0.486 |              0.014 |             0.0108 |               2.29 |
                900 |             -0.985 |             -0.502 |            0.00955 |            0.00955 |               2.31 |
                910 |             -0.997 |             -0.495 |            0.00625 |            0.00625 |                2.3 |
                920 |             -0.966 |             -0.502 |            0.00963 |            0.00624 |               2.31 |
                930 |              -0.96 |             -0.499 |             0.0194 |            0.00624 |                2.3 |
                940 |             -0.998 |             -0.498 |             0.0239 |            0.00624 |               2.32 |
                950 |             -0.986 |              -0.51 |             0.0211 |            0.00624 |                2.3 |
                960 |             -0.976 |               -0.5 |             0.0148 |            0.00624 |               2.31 |
                970 |                 -1 |             -0.502 |            0.00806 |            0.00624 |                2.3 |
                980 |              -0.97 |              -0.51 |            0.00853 |            0.00624 |               2.31 |
                990 |             -0.968 |             -0.503 |             0.0127 |            0.00624 |                2.3 |
Training complete: 
   Data path: /work/qgan_v4/data/train/base-qml_torch-q4-noiseless-PSR-aerCPU-rand0-seed2 
   Best eval: 0.006243420604958055 
   Total time: 231.23085641860962

Running: /work/qgan_v4/data/train/base-qml_torch-q4-noiseless-PSR-aerCPU-rand0.1-seed2/config.yaml
Training data file created.
              Epoch |     Generator cost | Discriminator cost |               Eval |          Best eval |               Time |
                  0 |             -0.963 |             -0.247 |               4.51 |               4.51 |              0.248 |
                 10 |             -0.878 |             -0.243 |               3.75 |               2.31 |               2.35 |
                 20 |             -0.968 |             -0.274 |                  3 |               2.31 |               2.36 |
                 30 |             -0.972 |             -0.266 |               2.75 |               2.31 |               2.35 |
                 40 |             -0.907 |             -0.267 |               3.39 |               2.31 |               2.36 |
                 50 |             -0.937 |             -0.286 |               3.54 |               2.31 |               2.35 |
                 60 |             -0.943 |             -0.314 |               4.14 |               2.31 |               2.37 |
                 70 |             -0.909 |             -0.336 |               2.95 |               2.31 |               2.35 |
                 80 |             -0.927 |             -0.364 |                4.4 |               2.31 |               2.37 |
                 90 |              -0.85 |             -0.388 |               3.97 |               2.31 |               2.35 |
                100 |             -0.848 |             -0.446 |               3.37 |               2.26 |               2.37 |
                110 |             -0.838 |             -0.451 |               2.48 |               2.26 |               2.36 |
                120 |             -0.815 |             -0.499 |               1.35 |               1.35 |               2.37 |
                130 |             -0.821 |             -0.543 |               3.33 |               1.35 |               2.36 |
                140 |             -0.859 |              -0.51 |               1.58 |               1.35 |               2.38 |
                150 |             -0.834 |             -0.519 |               2.18 |               1.35 |               2.36 |
                160 |             -0.849 |             -0.524 |                3.2 |               1.27 |               2.37 |
                170 |             -0.822 |              -0.53 |                1.7 |               1.27 |               2.37 |
                180 |             -0.858 |             -0.502 |                3.1 |               1.27 |               2.55 |
                190 |             -0.815 |             -0.527 |               2.82 |               1.27 |               2.36 |
                200 |             -0.846 |             -0.528 |               1.77 |               1.27 |               2.35 |
                210 |             -0.854 |             -0.553 |               2.06 |               1.27 |               2.36 |
                220 |             -0.762 |             -0.534 |               1.55 |               1.27 |               2.35 |
                230 |             -0.815 |             -0.558 |               1.95 |               1.27 |               2.35 |
                240 |             -0.799 |             -0.588 |               1.85 |               1.27 |               2.35 |
                250 |             -0.812 |             -0.567 |               2.24 |               1.23 |               2.36 |
                260 |             -0.742 |              -0.56 |               1.45 |               1.02 |               2.35 |
                270 |             -0.729 |             -0.541 |                  2 |              0.833 |               2.35 |
                280 |             -0.689 |             -0.554 |               1.27 |              0.719 |               2.36 |
                290 |             -0.802 |             -0.567 |               1.15 |              0.693 |               2.36 |
                300 |              -0.67 |             -0.561 |              0.904 |              0.607 |               2.36 |
                310 |             -0.671 |             -0.549 |              0.526 |              0.526 |               2.35 |
                320 |             -0.729 |             -0.533 |               1.21 |              0.424 |               2.37 |
                330 |             -0.619 |             -0.563 |              0.549 |              0.349 |               2.36 |
                340 |             -0.571 |              -0.53 |              0.911 |              0.339 |               2.37 |
                350 |             -0.655 |             -0.553 |              0.306 |              0.291 |               2.36 |
                360 |             -0.591 |             -0.526 |              0.616 |              0.246 |               2.36 |
                370 |             -0.597 |             -0.547 |              0.542 |              0.215 |               2.37 |
                380 |             -0.619 |             -0.535 |              0.527 |              0.215 |               2.37 |
                390 |             -0.608 |             -0.502 |              0.509 |              0.215 |               2.36 |
                400 |             -0.588 |             -0.505 |              0.723 |              0.215 |               2.36 |
                410 |             -0.727 |             -0.539 |               1.16 |              0.215 |               2.37 |
                420 |             -0.647 |             -0.542 |               1.71 |              0.215 |               2.37 |
                430 |             -0.746 |             -0.572 |              0.628 |              0.215 |               2.37 |
                440 |              -0.79 |             -0.519 |              0.486 |              0.215 |               2.36 |
                450 |             -0.891 |             -0.485 |              0.542 |              0.215 |               2.37 |
                460 |             -0.905 |              -0.48 |              0.676 |              0.215 |               2.37 |
                470 |             -0.928 |             -0.507 |              0.524 |              0.215 |               2.37 |
                480 |             -0.914 |             -0.536 |               1.37 |              0.215 |               2.37 |
                490 |             -0.868 |             -0.517 |              0.627 |              0.215 |               2.36 |
                500 |             -0.956 |              -0.53 |              0.956 |              0.215 |               2.37 |
                510 |             -0.969 |              -0.52 |              0.836 |              0.215 |               2.37 |
                520 |             -0.961 |             -0.523 |              0.533 |              0.215 |               2.36 |
                530 |             -0.906 |             -0.535 |              0.445 |              0.215 |               2.36 |
                540 |             -0.899 |             -0.506 |                0.4 |              0.215 |               2.38 |
                550 |             -0.913 |             -0.522 |              0.444 |              0.215 |               2.37 |
                560 |             -0.925 |             -0.493 |              0.688 |              0.215 |               2.36 |
                570 |             -0.937 |             -0.524 |              0.397 |              0.215 |               2.36 |
                580 |             -0.934 |             -0.521 |              0.408 |              0.215 |               2.37 |
                590 |             -0.888 |             -0.508 |              0.638 |              0.215 |               2.54 |
                600 |             -0.914 |             -0.513 |              0.334 |              0.215 |               2.35 |
                610 |             -0.905 |              -0.54 |              0.417 |              0.215 |               2.36 |
                620 |             -0.838 |             -0.527 |               0.44 |              0.215 |               2.35 |
                630 |             -0.863 |             -0.548 |              0.308 |              0.215 |               2.35 |
                640 |             -0.799 |             -0.528 |              0.296 |              0.215 |               2.36 |
                650 |             -0.808 |             -0.546 |              0.317 |              0.215 |               2.35 |
                660 |             -0.818 |              -0.54 |              0.385 |              0.215 |               2.36 |
                670 |             -0.811 |             -0.532 |              0.204 |               0.19 |               2.36 |
                680 |             -0.732 |              -0.54 |              0.159 |              0.159 |               2.36 |
                690 |              -0.77 |             -0.522 |              0.201 |              0.158 |               2.36 |
                700 |             -0.709 |             -0.541 |              0.246 |              0.158 |               2.36 |
                710 |             -0.707 |              -0.55 |              0.243 |              0.155 |               2.36 |
                720 |             -0.622 |             -0.578 |              0.314 |              0.141 |               2.37 |
                730 |             -0.561 |             -0.585 |              0.416 |              0.141 |               2.36 |
                740 |             -0.504 |             -0.627 |              0.296 |              0.141 |               2.37 |
                750 |             -0.443 |             -0.687 |              0.412 |              0.141 |               2.36 |
                760 |             -0.414 |             -0.702 |              0.816 |              0.141 |               2.37 |
                770 |             -0.462 |             -0.732 |               1.09 |              0.141 |               2.37 |
                780 |             -0.509 |             -0.747 |               2.31 |              0.141 |               2.36 |
                790 |             -0.513 |             -0.699 |               2.19 |              0.141 |               2.36 |
                800 |             -0.661 |              -0.65 |               2.33 |              0.141 |               2.37 |
                810 |             -0.641 |             -0.613 |               2.38 |              0.141 |               2.36 |
                820 |             -0.603 |              -0.65 |                2.6 |              0.141 |               2.37 |
                830 |             -0.486 |             -0.689 |               2.23 |              0.141 |               2.36 |
                840 |             -0.344 |             -0.775 |                2.6 |              0.141 |               2.37 |
                850 |             -0.267 |             -0.848 |               2.51 |              0.141 |               2.37 |
                860 |             -0.247 |             -0.845 |               2.23 |              0.141 |               2.36 |
                870 |             -0.368 |             -0.831 |               2.66 |              0.141 |               2.38 |
                880 |             -0.446 |             -0.703 |               1.55 |              0.141 |               2.37 |
                890 |             -0.583 |             -0.704 |                1.2 |              0.141 |               2.37 |
                900 |             -0.688 |             -0.661 |               1.46 |              0.141 |               2.37 |
                910 |             -0.783 |             -0.599 |               2.22 |              0.141 |               2.37 |
                920 |             -0.808 |             -0.573 |               1.55 |              0.141 |               2.37 |
                930 |             -0.806 |             -0.577 |               1.75 |              0.141 |               2.38 |
                940 |             -0.908 |             -0.529 |               1.38 |              0.141 |               2.53 |
                950 |              -0.92 |              -0.52 |               1.36 |              0.141 |               2.36 |
                960 |             -0.947 |             -0.521 |               1.01 |              0.141 |               2.36 |
                970 |             -0.941 |             -0.505 |              0.971 |              0.141 |               2.36 |
                980 |             -0.969 |             -0.501 |               1.75 |              0.141 |               2.35 |
                990 |             -0.963 |             -0.495 |               1.13 |              0.141 |               2.36 |
Training complete: 
   Data path: /work/qgan_v4/data/train/base-qml_torch-q4-noiseless-PSR-aerCPU-rand0.1-seed2 
   Best eval: 0.14058245714272666 
   Total time: 236.78479719161987

Running: /work/qgan_v4/data/train/base-qml_torch-q4-noiseless-SPSA-aerCPU-rand0-seed0/config.yaml
Training data file created.
              Epoch |     Generator cost | Discriminator cost |               Eval |          Best eval |               Time |
                  0 |             -0.933 |             -0.274 |               3.59 |               3.59 |             0.0179 |
                 10 |              -0.89 |             -0.289 |                3.5 |               3.37 |              0.174 |
                 20 |             -0.911 |             -0.265 |                3.2 |                3.2 |              0.171 |
                 30 |             -0.911 |             -0.248 |               2.93 |               2.93 |              0.171 |
                 40 |             -0.919 |             -0.246 |               2.75 |               2.75 |              0.173 |
                 50 |             -0.902 |             -0.253 |               2.62 |               2.62 |              0.171 |
                 60 |             -0.946 |             -0.253 |               2.69 |               2.62 |              0.175 |
                 70 |             -0.917 |              -0.26 |               2.82 |               2.62 |              0.175 |
                 80 |             -0.899 |              -0.26 |               2.88 |               2.62 |              0.176 |
                 90 |             -0.947 |             -0.252 |               2.96 |               2.62 |              0.177 |
                100 |             -0.939 |             -0.243 |               2.84 |               2.62 |               0.17 |
                110 |             -0.939 |             -0.257 |               2.76 |               2.62 |               0.17 |
                120 |             -0.958 |             -0.247 |               2.66 |               2.62 |              0.171 |
                130 |             -0.981 |             -0.255 |               2.62 |               2.62 |              0.171 |
                140 |             -0.988 |             -0.237 |               2.59 |               2.59 |              0.169 |
                150 |             -0.951 |             -0.231 |               2.59 |               2.57 |               0.17 |
                160 |             -0.977 |             -0.238 |               2.71 |               2.57 |              0.171 |
                170 |             -0.955 |             -0.247 |               2.78 |               2.57 |              0.169 |
                180 |             -0.958 |             -0.253 |               2.74 |               2.57 |              0.174 |
                190 |             -0.974 |             -0.255 |                2.7 |               2.57 |              0.179 |
                200 |             -0.954 |             -0.246 |               2.65 |               2.57 |              0.179 |
                210 |             -0.962 |             -0.272 |               2.65 |               2.57 |              0.179 |
                220 |             -0.945 |             -0.274 |               2.64 |               2.57 |              0.171 |
                230 |             -0.971 |              -0.26 |               2.71 |               2.57 |               0.17 |
                240 |             -0.967 |             -0.259 |               2.67 |               2.57 |               0.17 |
                250 |             -0.951 |             -0.269 |               2.68 |               2.57 |              0.172 |
                260 |             -0.966 |             -0.248 |               2.68 |               2.57 |              0.169 |
                270 |             -0.972 |             -0.263 |               2.66 |               2.57 |              0.172 |
                280 |             -0.972 |             -0.254 |               2.67 |               2.57 |              0.176 |
                290 |             -0.984 |             -0.278 |               2.72 |               2.57 |              0.175 |
                300 |             -0.966 |             -0.272 |               2.84 |               2.57 |              0.175 |
                310 |             -0.989 |             -0.261 |               3.26 |               2.57 |              0.172 |
                320 |             -0.964 |              -0.27 |                3.6 |               2.57 |              0.171 |
                330 |             -0.974 |              -0.26 |                3.2 |               2.57 |              0.171 |
                340 |             -0.945 |             -0.289 |               3.21 |               2.57 |              0.171 |
                350 |              -1.01 |             -0.291 |               3.29 |               2.57 |              0.171 |
                360 |             -0.949 |             -0.279 |               2.75 |               2.57 |              0.169 |
                370 |             -0.953 |             -0.262 |               2.45 |               2.45 |               0.17 |
                380 |                 -1 |             -0.292 |               2.43 |                2.4 |               0.17 |
                390 |             -0.966 |              -0.29 |               2.42 |                2.4 |              0.169 |
                400 |             -0.977 |             -0.287 |               2.48 |                2.4 |              0.178 |
                410 |             -0.974 |             -0.283 |               2.69 |                2.4 |              0.179 |
                420 |             -0.963 |             -0.305 |               3.15 |                2.4 |              0.178 |
                430 |             -0.946 |             -0.313 |               2.99 |                2.4 |              0.176 |
                440 |             -0.917 |              -0.29 |               2.77 |                2.4 |               0.17 |
                450 |              -0.99 |             -0.329 |               2.64 |                2.4 |              0.171 |
                460 |             -0.973 |             -0.318 |               2.51 |                2.4 |              0.171 |
                470 |             -0.984 |             -0.318 |               2.37 |               2.37 |              0.172 |
                480 |             -0.975 |             -0.324 |               2.36 |               2.36 |               0.17 |
                490 |             -0.978 |             -0.316 |               2.33 |               2.33 |              0.175 |
                500 |             -0.957 |             -0.308 |               2.38 |               2.32 |              0.179 |
                510 |             -0.988 |             -0.338 |               2.42 |               2.32 |              0.179 |
                520 |             -0.977 |              -0.33 |                2.4 |               2.32 |              0.179 |
                530 |             -0.964 |             -0.325 |               2.42 |               2.32 |              0.172 |
                540 |             -0.976 |             -0.345 |               2.46 |               2.32 |              0.171 |
                550 |             -0.962 |             -0.332 |               2.49 |               2.32 |               0.17 |
                560 |             -0.969 |              -0.35 |               2.48 |               2.32 |               0.17 |
                570 |             -0.963 |             -0.374 |                2.4 |               2.32 |              0.173 |
                580 |             -0.947 |             -0.345 |               2.53 |               2.32 |              0.175 |
                590 |             -0.934 |             -0.367 |               2.54 |               2.32 |              0.176 |
                600 |             -0.947 |             -0.342 |               2.61 |               2.32 |              0.178 |
                610 |             -0.981 |             -0.369 |               2.95 |               2.32 |              0.171 |
                620 |             -0.972 |             -0.339 |               2.67 |               2.32 |              0.171 |
                630 |             -0.973 |             -0.364 |               2.55 |               2.32 |              0.172 |
                640 |             -0.979 |             -0.372 |               2.61 |               2.32 |              0.172 |
                650 |             -0.976 |             -0.365 |               2.53 |               2.32 |               0.17 |
                660 |             -0.946 |             -0.378 |               2.47 |               2.32 |              0.172 |
                670 |             -0.959 |             -0.375 |               2.39 |               2.32 |              0.172 |
                680 |             -0.968 |             -0.372 |                2.3 |                2.3 |              0.171 |
                690 |             -0.984 |             -0.391 |                2.2 |                2.2 |              0.174 |
                700 |             -0.985 |             -0.389 |               2.17 |               2.17 |              0.181 |
                710 |             -0.988 |             -0.396 |               2.21 |               2.17 |               0.18 |
                720 |              -0.98 |             -0.393 |               2.22 |               2.17 |               0.18 |
                730 |              -0.99 |              -0.41 |               2.15 |               2.15 |              0.171 |
                740 |             -0.983 |             -0.411 |               2.12 |               2.12 |              0.172 |
                750 |             -0.982 |             -0.411 |               2.16 |               2.12 |              0.171 |
                760 |             -0.958 |             -0.407 |               2.18 |               2.12 |              0.172 |
                770 |             -0.984 |             -0.411 |               2.23 |               2.12 |              0.172 |
                780 |             -0.969 |             -0.408 |               2.33 |               2.12 |              0.176 |
                790 |             -0.988 |              -0.42 |               2.43 |               2.12 |              0.177 |
                800 |             -0.956 |             -0.435 |               2.48 |               2.12 |              0.176 |
                810 |             -0.976 |             -0.417 |               2.51 |               2.12 |              0.174 |
                820 |             -0.955 |             -0.427 |               2.49 |               2.12 |               0.17 |
                830 |             -0.976 |             -0.427 |                2.5 |               2.12 |              0.172 |
                840 |             -0.961 |              -0.44 |               2.51 |               2.12 |              0.173 |
                850 |             -0.959 |             -0.425 |               2.51 |               2.12 |              0.171 |
                860 |             -0.965 |             -0.433 |               2.59 |               2.12 |              0.171 |
                870 |                 -1 |             -0.436 |               2.66 |               2.12 |              0.173 |
                880 |             -0.993 |             -0.451 |               2.67 |               2.12 |               0.17 |
                890 |             -0.964 |             -0.454 |               2.79 |               2.12 |              0.169 |
                900 |             -0.984 |             -0.446 |                  3 |               2.12 |              0.181 |
                910 |             -0.979 |              -0.44 |                  4 |               2.12 |               0.18 |
                920 |             -0.978 |             -0.455 |               3.22 |               2.12 |               0.18 |
                930 |             -0.971 |             -0.469 |               3.25 |               2.12 |              0.177 |
                940 |             -0.928 |             -0.474 |               3.24 |               2.12 |              0.171 |
                950 |             -0.955 |             -0.444 |               3.26 |               2.12 |               0.17 |
                960 |             -0.962 |             -0.481 |               3.41 |               2.12 |              0.172 |
                970 |             -0.964 |             -0.456 |               3.45 |               2.12 |              0.171 |
                980 |             -0.964 |             -0.478 |               3.52 |               2.12 |              0.172 |
                990 |             -0.977 |             -0.475 |               3.64 |               2.12 |              0.176 |
Training complete: 
   Data path: /work/qgan_v4/data/train/base-qml_torch-q4-noiseless-SPSA-aerCPU-rand0-seed0 
   Best eval: 2.1219741718974454 
   Total time: 17.322895765304565

Running: /work/qgan_v4/data/train/base-qml_torch-q4-noiseless-SPSA-aerCPU-rand0.1-seed0/config.yaml
Training data file created.
              Epoch |     Generator cost | Discriminator cost |               Eval |          Best eval |               Time |
                  0 |             -0.736 |             -0.422 |               2.36 |               2.36 |             0.0202 |
                 10 |             -0.714 |             -0.393 |               3.66 |               1.98 |              0.182 |
                 20 |             -0.763 |             -0.352 |               2.58 |               1.83 |              0.176 |
                 30 |             -0.868 |             -0.371 |                3.7 |               1.83 |              0.178 |
                 40 |             -0.713 |             -0.287 |               3.02 |               1.45 |              0.177 |
                 50 |               -0.8 |             -0.322 |               2.02 |                1.2 |              0.177 |
                 60 |             -0.691 |             -0.347 |               2.85 |                1.2 |              0.177 |
                 70 |             -0.702 |             -0.357 |               2.07 |                1.2 |              0.178 |
                 80 |             -0.794 |             -0.369 |               1.93 |                1.2 |              0.176 |
                 90 |             -0.671 |             -0.298 |               2.68 |                1.2 |              0.175 |
                100 |             -0.833 |             -0.366 |               2.69 |                1.2 |              0.186 |
                110 |             -0.744 |              -0.28 |               2.42 |                1.2 |              0.186 |
                120 |             -0.771 |             -0.334 |               4.47 |                1.2 |              0.185 |
                130 |             -0.707 |             -0.368 |               3.57 |                1.2 |               0.18 |
                140 |             -0.842 |               -0.3 |               3.04 |                1.2 |              0.177 |
                150 |             -0.878 |             -0.282 |               2.62 |                1.2 |              0.176 |
                160 |             -0.892 |             -0.326 |               2.92 |                1.2 |              0.179 |
                170 |             -0.677 |             -0.324 |                2.3 |                1.2 |              0.177 |
                180 |             -0.818 |             -0.349 |               2.59 |                1.2 |              0.176 |
                190 |             -0.779 |             -0.321 |               1.72 |                1.2 |              0.186 |
                200 |             -0.813 |             -0.313 |               2.12 |                1.2 |              0.185 |
                210 |             -0.908 |             -0.366 |               1.75 |                1.2 |              0.186 |
                220 |             -0.842 |             -0.254 |               3.72 |                1.2 |               0.18 |
                230 |             -0.882 |             -0.242 |               1.63 |                1.2 |              0.176 |
                240 |             -0.858 |             -0.292 |               2.86 |                1.2 |              0.179 |
                250 |             -0.938 |             -0.308 |               1.35 |                1.2 |              0.184 |
                260 |             -0.911 |             -0.305 |               1.71 |                1.2 |              0.183 |
                270 |              -0.82 |              -0.27 |               3.28 |                1.2 |              0.183 |
                280 |             -0.797 |             -0.267 |               3.56 |                1.2 |              0.178 |
                290 |             -0.854 |             -0.285 |               1.65 |                1.2 |              0.177 |
                300 |             -0.846 |             -0.224 |               1.95 |                1.2 |              0.179 |
                310 |             -0.941 |              -0.25 |               1.79 |                1.2 |              0.177 |
                320 |             -0.989 |             -0.279 |               3.02 |                1.2 |              0.176 |
                330 |              -0.97 |             -0.283 |               3.23 |                1.2 |              0.178 |
                340 |             -0.921 |             -0.285 |               3.69 |                1.2 |              0.177 |
                350 |             -0.925 |             -0.239 |               1.58 |                1.2 |               0.18 |
                360 |             -0.991 |             -0.279 |                3.3 |                1.2 |              0.176 |
                370 |             -0.992 |              -0.28 |               1.94 |                1.2 |              0.177 |
                380 |             -0.843 |             -0.321 |               1.89 |                1.2 |              0.186 |
                390 |             -0.917 |             -0.288 |               4.18 |                1.2 |              0.186 |
                400 |              -0.88 |             -0.269 |               2.83 |                1.2 |              0.186 |
                410 |             -0.957 |             -0.244 |                3.3 |                1.2 |              0.179 |
                420 |             -0.917 |             -0.246 |               3.83 |                1.2 |              0.178 |
                430 |             -0.997 |              -0.29 |               4.16 |                1.2 |              0.177 |
                440 |             -0.881 |             -0.241 |               3.95 |                1.2 |              0.181 |
                450 |             -0.905 |             -0.265 |               4.22 |                1.2 |              0.183 |
                460 |             -0.982 |             -0.266 |               3.18 |                1.2 |              0.183 |
                470 |             -0.914 |             -0.273 |               3.66 |                1.2 |              0.181 |
                480 |             -0.939 |             -0.276 |               2.39 |                1.2 |              0.177 |
                490 |              -0.94 |             -0.262 |               2.66 |                1.2 |              0.178 |
                500 |             -0.978 |             -0.308 |                2.9 |                1.2 |              0.178 |
                510 |             -0.984 |             -0.303 |               3.24 |                1.2 |              0.177 |
                520 |             -0.987 |             -0.297 |               2.84 |                1.2 |              0.177 |
                530 |              -0.95 |             -0.299 |               3.75 |                1.2 |              0.176 |
                540 |             -0.963 |             -0.291 |                2.9 |                1.2 |               0.18 |
                550 |             -0.952 |             -0.296 |               3.08 |                1.2 |              0.177 |
                560 |             -0.994 |             -0.306 |               4.11 |                1.2 |              0.177 |
                570 |             -0.971 |              -0.29 |               2.91 |                1.2 |              0.186 |
                580 |             -0.977 |              -0.29 |               2.91 |                1.2 |              0.186 |
                590 |             -0.953 |             -0.303 |               2.71 |                1.2 |              0.186 |
                600 |             -0.969 |             -0.315 |               2.57 |                1.2 |              0.182 |
                610 |             -0.954 |             -0.291 |               3.76 |                1.2 |              0.177 |
                620 |              -0.97 |             -0.274 |               3.98 |                1.2 |              0.177 |
                630 |             -0.919 |             -0.304 |                3.5 |                1.2 |              0.177 |
                640 |             -0.932 |             -0.299 |               3.79 |                1.2 |              0.177 |
                650 |             -0.965 |              -0.31 |               3.48 |                1.2 |              0.184 |
                660 |             -0.904 |             -0.348 |               2.66 |                1.2 |              0.184 |
                670 |             -0.892 |             -0.333 |               3.56 |                1.2 |              0.183 |
                680 |             -0.976 |             -0.326 |               2.53 |                1.2 |               0.18 |
                690 |              -0.91 |             -0.324 |               2.45 |                1.2 |              0.176 |
                700 |             -0.928 |             -0.316 |               2.86 |                1.2 |              0.178 |
                710 |             -0.942 |             -0.364 |               3.79 |                1.2 |              0.179 |
                720 |             -0.983 |             -0.309 |               2.97 |                1.2 |              0.176 |
                730 |             -0.984 |             -0.346 |               2.75 |                1.2 |              0.177 |
                740 |              -1.01 |             -0.361 |               2.07 |                1.2 |              0.179 |
                750 |             -0.983 |             -0.324 |               2.37 |                1.2 |              0.176 |
                760 |              -0.97 |             -0.335 |               3.07 |                1.2 |              0.178 |
                770 |              -0.94 |             -0.346 |               2.09 |                1.2 |              0.186 |
                780 |             -0.985 |             -0.337 |               3.39 |                1.2 |              0.185 |
                790 |             -0.965 |             -0.337 |                2.1 |                1.2 |              0.185 |
                800 |              -0.97 |             -0.362 |               2.43 |                1.2 |              0.178 |
                810 |             -0.932 |             -0.348 |               3.45 |                1.2 |              0.177 |
                820 |             -0.923 |             -0.416 |               2.41 |                1.2 |              0.178 |
                830 |              -0.91 |             -0.381 |               3.53 |                1.2 |              0.177 |
                840 |              -0.92 |              -0.36 |               2.91 |                1.2 |              0.178 |
                850 |             -0.949 |             -0.341 |                2.2 |                1.2 |              0.183 |
                860 |             -0.974 |             -0.368 |               2.19 |                1.2 |              0.183 |
                870 |             -0.905 |             -0.373 |               2.49 |                1.2 |              0.184 |
                880 |             -0.981 |             -0.396 |               2.41 |                1.2 |              0.179 |
                890 |             -0.974 |             -0.404 |               2.36 |                1.2 |              0.177 |
                900 |             -0.915 |             -0.378 |               4.04 |                1.2 |              0.178 |
                910 |              -1.01 |             -0.403 |               2.74 |                1.2 |              0.179 |
                920 |             -0.972 |              -0.42 |               3.93 |                1.2 |              0.176 |
                930 |                 -1 |             -0.386 |               2.86 |                1.2 |              0.176 |
                940 |              -0.92 |              -0.41 |               2.45 |                1.2 |              0.178 |
                950 |             -0.986 |             -0.392 |               2.67 |                1.2 |              0.176 |
                960 |             -0.974 |             -0.384 |               3.08 |                1.2 |              0.181 |
                970 |             -0.934 |             -0.373 |               3.28 |                1.2 |              0.186 |
                980 |             -0.944 |             -0.408 |               2.54 |                1.2 |              0.186 |
                990 |             -0.977 |             -0.399 |               3.53 |                1.2 |              0.186 |
Training complete: 
   Data path: /work/qgan_v4/data/train/base-qml_torch-q4-noiseless-SPSA-aerCPU-rand0.1-seed0 
   Best eval: 1.2026274958142367 
   Total time: 17.98263430595398

Running: /work/qgan_v4/data/train/base-qml_torch-q4-noiseless-SPSA-aerCPU-rand0-seed1/config.yaml
Training data file created.
              Epoch |     Generator cost | Discriminator cost |               Eval |          Best eval |               Time |
                  0 |             -0.797 |             -0.394 |                3.2 |                3.2 |             0.0187 |
                 10 |             -0.844 |             -0.368 |               3.84 |               3.19 |              0.172 |
                 20 |             -0.819 |             -0.392 |               3.97 |               3.19 |              0.172 |
                 30 |               -0.8 |              -0.38 |                3.9 |               3.19 |               0.17 |
                 40 |             -0.802 |             -0.388 |               3.65 |               3.19 |              0.174 |
                 50 |             -0.811 |             -0.388 |               5.02 |               3.19 |              0.177 |
                 60 |             -0.754 |             -0.368 |               3.58 |               3.19 |              0.176 |
                 70 |             -0.769 |              -0.39 |               3.94 |               3.19 |              0.179 |
                 80 |             -0.795 |             -0.394 |               3.48 |               3.19 |              0.173 |
                 90 |             -0.778 |             -0.406 |               3.99 |               3.19 |              0.171 |
                100 |             -0.769 |             -0.395 |               3.42 |               3.19 |              0.171 |
                110 |             -0.778 |             -0.404 |               3.37 |               3.19 |              0.173 |
                120 |             -0.743 |             -0.411 |               3.24 |               3.19 |              0.171 |
                130 |             -0.781 |             -0.434 |               3.19 |               3.19 |               0.17 |
                140 |             -0.799 |             -0.413 |               3.15 |               3.14 |              0.171 |
                150 |             -0.772 |             -0.409 |                3.1 |                3.1 |               0.17 |
                160 |             -0.813 |             -0.411 |               3.17 |               3.09 |              0.171 |
                170 |             -0.791 |             -0.432 |                3.4 |               3.09 |               0.18 |
                180 |             -0.795 |             -0.435 |               3.83 |               3.09 |              0.181 |
                190 |             -0.792 |             -0.429 |               4.19 |               3.09 |               0.18 |
                200 |             -0.827 |              -0.45 |               4.53 |               3.09 |              0.175 |
                210 |             -0.828 |             -0.431 |               4.75 |               3.09 |              0.171 |
                220 |             -0.807 |             -0.429 |               4.51 |               3.09 |              0.171 |
                230 |             -0.804 |             -0.443 |               4.86 |               3.09 |              0.174 |
                240 |             -0.804 |             -0.435 |               4.66 |               3.09 |              0.172 |
                250 |              -0.84 |             -0.434 |                3.9 |               3.09 |              0.171 |
                260 |             -0.852 |             -0.419 |               3.59 |               3.09 |              0.181 |
                270 |             -0.853 |             -0.421 |               3.43 |               3.09 |              0.181 |
                280 |             -0.854 |             -0.414 |               3.44 |               3.09 |              0.181 |
                290 |             -0.862 |               -0.4 |               3.65 |               3.09 |              0.178 |
                300 |              -0.87 |             -0.418 |               3.95 |               3.09 |              0.172 |
                310 |             -0.871 |             -0.417 |               4.15 |               3.09 |              0.172 |
                320 |             -0.869 |             -0.439 |               4.09 |               3.09 |              0.172 |
                330 |             -0.855 |             -0.447 |               3.69 |               3.09 |              0.176 |
                340 |              -0.88 |             -0.433 |               3.47 |               3.09 |              0.178 |
                350 |             -0.865 |             -0.421 |               3.48 |               3.09 |              0.177 |
                360 |             -0.851 |             -0.424 |               3.39 |               3.09 |              0.172 |
                370 |             -0.875 |             -0.434 |               3.48 |               3.09 |              0.171 |
                380 |             -0.846 |             -0.462 |               3.27 |               3.09 |              0.173 |
                390 |             -0.859 |             -0.466 |               3.04 |               3.04 |              0.172 |
                400 |             -0.856 |             -0.456 |               2.99 |               2.98 |              0.171 |
                410 |             -0.881 |              -0.45 |               2.98 |               2.98 |              0.171 |
                420 |             -0.859 |              -0.45 |               2.92 |               2.92 |              0.171 |
                430 |              -0.89 |             -0.473 |               2.91 |               2.91 |              0.174 |
                440 |             -0.884 |             -0.459 |               2.92 |               2.91 |              0.171 |
                450 |             -0.889 |             -0.455 |               2.87 |               2.87 |               0.17 |
                460 |             -0.869 |             -0.471 |               2.79 |               2.79 |              0.181 |
                470 |             -0.846 |             -0.447 |               2.78 |               2.78 |               0.18 |
                480 |             -0.853 |             -0.471 |               2.78 |               2.78 |               0.18 |
                490 |             -0.887 |             -0.463 |               2.69 |               2.69 |              0.176 |
                500 |             -0.901 |             -0.458 |               2.62 |               2.62 |              0.172 |
                510 |             -0.925 |             -0.467 |               2.62 |               2.61 |              0.171 |
                520 |             -0.871 |             -0.471 |               2.68 |               2.61 |              0.171 |
                530 |             -0.878 |             -0.458 |               2.72 |               2.61 |              0.171 |
                540 |              -0.88 |             -0.462 |                2.8 |               2.61 |              0.177 |
                550 |             -0.879 |             -0.459 |               2.85 |               2.61 |              0.176 |
                560 |             -0.898 |             -0.456 |               2.96 |               2.61 |              0.176 |
                570 |             -0.911 |             -0.466 |               2.99 |               2.61 |              0.175 |
                580 |             -0.871 |             -0.441 |               3.14 |               2.61 |              0.171 |
                590 |             -0.898 |             -0.468 |               3.25 |               2.61 |              0.172 |
                600 |             -0.877 |             -0.456 |               3.26 |               2.61 |              0.172 |
                610 |             -0.912 |             -0.452 |               3.32 |               2.61 |              0.171 |
                620 |              -0.88 |             -0.473 |               3.37 |               2.61 |              0.171 |
                630 |              -0.84 |              -0.48 |               3.31 |               2.61 |              0.173 |
                640 |             -0.898 |             -0.495 |                3.4 |               2.61 |               0.17 |
                650 |             -0.908 |              -0.47 |               3.43 |               2.61 |               0.17 |
                660 |             -0.929 |             -0.487 |               3.62 |               2.61 |               0.18 |
                670 |             -0.894 |             -0.485 |               3.76 |               2.61 |               0.18 |
                680 |             -0.924 |              -0.48 |               3.59 |               2.61 |               0.18 |
                690 |             -0.912 |             -0.479 |               3.23 |               2.61 |              0.176 |
                700 |              -0.92 |             -0.479 |                3.1 |               2.61 |              0.171 |
                710 |             -0.922 |             -0.497 |               3.11 |               2.61 |              0.172 |
                720 |             -0.918 |              -0.48 |               3.36 |               2.61 |              0.172 |
                730 |             -0.913 |             -0.478 |               3.67 |               2.61 |              0.173 |
                740 |             -0.896 |             -0.487 |               4.22 |               2.61 |              0.174 |
                750 |             -0.928 |             -0.486 |               4.35 |               2.61 |              0.176 |
                760 |             -0.915 |             -0.483 |               4.52 |               2.61 |              0.177 |
                770 |             -0.916 |             -0.489 |               4.45 |               2.61 |              0.177 |
                780 |             -0.896 |             -0.494 |               4.66 |               2.61 |              0.172 |
                790 |             -0.926 |             -0.497 |               4.45 |               2.61 |              0.171 |
                800 |               -0.9 |             -0.476 |                4.6 |               2.61 |              0.173 |
                810 |             -0.902 |             -0.499 |               4.71 |               2.61 |              0.173 |
                820 |             -0.889 |             -0.479 |               4.41 |               2.61 |               0.17 |
                830 |             -0.896 |             -0.478 |               4.05 |               2.61 |              0.171 |
                840 |             -0.927 |             -0.474 |               3.87 |               2.61 |              0.172 |
                850 |              -0.93 |             -0.465 |                3.8 |               2.61 |              0.171 |
                860 |             -0.918 |             -0.499 |               3.74 |               2.61 |              0.172 |
                870 |             -0.909 |             -0.483 |               3.87 |               2.61 |               0.18 |
                880 |             -0.945 |             -0.477 |               3.72 |               2.61 |               0.18 |
                890 |             -0.936 |             -0.473 |               3.57 |               2.61 |               0.18 |
                900 |             -0.948 |             -0.481 |               4.07 |               2.61 |              0.174 |
                910 |             -0.906 |             -0.477 |                3.5 |               2.61 |              0.171 |
                920 |             -0.911 |             -0.479 |               3.41 |               2.61 |              0.171 |
                930 |             -0.889 |             -0.472 |               3.19 |               2.61 |              0.173 |
                940 |             -0.925 |             -0.482 |               3.07 |               2.61 |              0.172 |
                950 |             -0.944 |             -0.471 |               2.96 |               2.61 |              0.174 |
                960 |             -0.918 |             -0.477 |                2.9 |               2.61 |              0.178 |
                970 |             -0.917 |             -0.491 |               2.88 |               2.61 |              0.178 |
                980 |             -0.933 |             -0.499 |               2.85 |               2.61 |              0.178 |
                990 |             -0.933 |              -0.48 |               2.76 |               2.61 |              0.172 |
Training complete: 
   Data path: /work/qgan_v4/data/train/base-qml_torch-q4-noiseless-SPSA-aerCPU-rand0-seed1 
   Best eval: 2.609908192375396 
   Total time: 17.39880394935608

Running: /work/qgan_v4/data/train/base-qml_torch-q4-noiseless-SPSA-aerCPU-rand0.1-seed1/config.yaml
Training data file created.
              Epoch |     Generator cost | Discriminator cost |               Eval |          Best eval |               Time |
                  0 |             -0.814 |             -0.364 |               2.57 |               2.57 |             0.0194 |
                 10 |             -0.753 |             -0.405 |               2.72 |                2.2 |              0.179 |
                 20 |             -0.753 |             -0.447 |               2.26 |               2.19 |              0.179 |
                 30 |             -0.747 |             -0.412 |                3.8 |               2.19 |              0.177 |
                 40 |              -0.72 |              -0.39 |               3.03 |               2.19 |              0.178 |
                 50 |             -0.772 |             -0.417 |               2.62 |               2.19 |              0.177 |
                 60 |             -0.747 |             -0.458 |               2.76 |               2.19 |              0.178 |
                 70 |             -0.679 |             -0.414 |               2.37 |               2.19 |              0.187 |
                 80 |             -0.853 |             -0.397 |               2.52 |               2.19 |              0.185 |
                 90 |             -0.715 |             -0.481 |               2.99 |               2.13 |              0.186 |
                100 |             -0.839 |             -0.418 |               2.55 |               2.13 |              0.179 |
                110 |             -0.723 |             -0.482 |                2.3 |               2.07 |              0.178 |
                120 |             -0.699 |             -0.413 |               2.22 |               2.07 |              0.178 |
                130 |             -0.751 |             -0.427 |               3.01 |               2.07 |               0.18 |
                140 |             -0.671 |             -0.391 |               2.19 |               2.07 |              0.177 |
                150 |             -0.717 |             -0.441 |               2.89 |               2.07 |              0.179 |
                160 |             -0.773 |             -0.439 |               2.14 |               2.06 |              0.186 |
                170 |               -0.7 |             -0.474 |               2.04 |               2.04 |              0.187 |
                180 |              -0.88 |             -0.443 |               2.88 |                  2 |              0.185 |
                190 |             -0.788 |             -0.391 |               2.06 |               1.98 |               0.18 |
                200 |             -0.808 |             -0.421 |               2.59 |               1.98 |              0.177 |
                210 |             -0.808 |             -0.419 |               2.08 |               1.98 |              0.178 |
                220 |             -0.679 |              -0.45 |               1.93 |               1.87 |              0.185 |
                230 |             -0.768 |             -0.394 |               2.19 |               1.87 |              0.183 |
                240 |             -0.836 |             -0.446 |               2.19 |               1.87 |              0.183 |
                250 |             -0.773 |             -0.429 |               2.28 |               1.87 |              0.178 |
                260 |             -0.829 |             -0.466 |               2.28 |               1.87 |              0.178 |
                270 |             -0.879 |             -0.395 |                3.9 |               1.87 |               0.18 |
                280 |             -0.796 |             -0.436 |               2.38 |               1.87 |              0.178 |
                290 |              -0.88 |              -0.42 |               3.96 |               1.87 |              0.176 |
                300 |             -0.756 |             -0.457 |               2.66 |               1.87 |              0.177 |
                310 |              -0.81 |             -0.429 |               2.62 |               1.87 |              0.178 |
                320 |             -0.821 |             -0.401 |               2.32 |               1.87 |               0.18 |
                330 |             -0.878 |              -0.43 |               2.09 |               1.87 |              0.176 |
                340 |             -0.712 |             -0.392 |               2.35 |               1.87 |              0.179 |
                350 |             -0.823 |             -0.428 |               2.17 |               1.87 |              0.186 |
                360 |             -0.889 |             -0.436 |               2.15 |               1.87 |              0.186 |
                370 |             -0.806 |             -0.437 |               2.24 |               1.87 |              0.186 |
                380 |             -0.816 |              -0.43 |               2.23 |               1.87 |              0.179 |
                390 |             -0.848 |              -0.46 |               2.68 |               1.87 |              0.178 |
                400 |             -0.861 |             -0.464 |               2.12 |               1.87 |              0.177 |
                410 |             -0.827 |              -0.51 |               2.66 |               1.87 |               0.18 |
                420 |              -0.88 |             -0.445 |               2.89 |               1.87 |              0.184 |
                430 |             -0.717 |             -0.469 |               2.96 |               1.87 |              0.184 |
                440 |             -0.848 |             -0.441 |               2.16 |               1.87 |              0.184 |
                450 |             -0.806 |             -0.484 |               3.28 |               1.87 |              0.178 |
                460 |             -0.881 |             -0.439 |               2.84 |               1.87 |              0.178 |
                470 |             -0.809 |             -0.461 |               3.52 |               1.87 |              0.179 |
                480 |             -0.862 |             -0.469 |               2.82 |               1.87 |              0.179 |
                490 |             -0.714 |             -0.504 |               3.05 |               1.87 |              0.177 |
                500 |             -0.857 |              -0.47 |               3.95 |               1.87 |              0.177 |
                510 |             -0.861 |             -0.461 |               3.86 |               1.87 |               0.18 |
                520 |               -0.9 |             -0.483 |               2.99 |               1.87 |              0.176 |
                530 |             -0.827 |             -0.501 |               3.47 |               1.87 |              0.176 |
                540 |             -0.823 |             -0.427 |                3.6 |               1.87 |              0.185 |
                550 |             -0.797 |             -0.454 |               3.59 |               1.87 |              0.186 |
                560 |             -0.899 |              -0.48 |               2.66 |               1.87 |              0.186 |
                570 |             -0.912 |             -0.435 |               3.16 |               1.87 |              0.183 |
                580 |             -0.809 |             -0.449 |               3.82 |               1.87 |              0.179 |
                590 |             -0.905 |             -0.446 |                3.2 |               1.87 |              0.178 |
                600 |             -0.882 |             -0.448 |               2.95 |               1.87 |              0.179 |
                610 |             -0.898 |             -0.474 |               3.16 |               1.87 |              0.177 |
                620 |             -0.894 |             -0.458 |               3.22 |               1.87 |              0.183 |
                630 |             -0.889 |             -0.481 |               3.22 |               1.87 |              0.183 |
                640 |              -0.84 |             -0.477 |               3.58 |               1.87 |              0.184 |
                650 |             -0.843 |             -0.486 |               3.29 |               1.87 |              0.181 |
                660 |             -0.901 |             -0.485 |               2.58 |               1.87 |              0.178 |
                670 |             -0.931 |             -0.468 |               3.16 |               1.87 |              0.179 |
                680 |             -0.811 |             -0.504 |               3.33 |               1.87 |               0.18 |
                690 |             -0.871 |             -0.472 |               2.69 |               1.87 |              0.177 |
                700 |             -0.856 |             -0.454 |               3.31 |               1.87 |              0.176 |
                710 |             -0.871 |             -0.469 |               3.07 |               1.87 |              0.179 |
                720 |             -0.892 |             -0.492 |               2.83 |               1.87 |              0.176 |
                730 |             -0.803 |              -0.49 |               3.13 |               1.87 |              0.179 |
                740 |             -0.891 |             -0.485 |               3.31 |               1.87 |              0.187 |
                750 |             -0.929 |             -0.465 |               2.53 |               1.87 |              0.186 |
                760 |             -0.866 |             -0.494 |               2.87 |               1.87 |              0.185 |
                770 |             -0.874 |             -0.497 |               2.78 |               1.87 |              0.179 |
                780 |             -0.887 |             -0.491 |               2.75 |               1.87 |              0.177 |
                790 |             -0.896 |             -0.486 |               3.31 |               1.87 |              0.178 |
                800 |             -0.899 |             -0.505 |               3.18 |               1.87 |              0.179 |
                810 |             -0.856 |             -0.499 |               2.62 |               1.87 |              0.177 |
                820 |             -0.844 |             -0.504 |               2.88 |               1.87 |              0.183 |
                830 |             -0.901 |             -0.509 |               2.79 |               1.87 |              0.183 |
                840 |             -0.873 |             -0.523 |               2.48 |               1.87 |              0.184 |
                850 |             -0.891 |             -0.493 |               2.35 |               1.87 |              0.181 |
                860 |             -0.875 |             -0.511 |               3.54 |               1.87 |              0.177 |
                870 |             -0.892 |             -0.537 |               2.21 |               1.87 |              0.178 |
                880 |             -0.895 |             -0.505 |               2.35 |               1.87 |              0.179 |
                890 |             -0.849 |             -0.489 |               3.84 |               1.87 |              0.178 |
                900 |             -0.924 |             -0.503 |               2.44 |               1.79 |              0.177 |
                910 |             -0.867 |             -0.504 |               2.26 |               1.79 |              0.177 |
                920 |             -0.903 |             -0.503 |               1.82 |               1.79 |              0.177 |
                930 |             -0.827 |             -0.552 |               2.23 |               1.79 |              0.178 |
                940 |             -0.852 |             -0.524 |               1.92 |               1.79 |              0.186 |
                950 |             -0.841 |             -0.526 |               2.77 |               1.79 |              0.186 |
                960 |             -0.873 |             -0.509 |               2.35 |               1.79 |              0.186 |
                970 |             -0.868 |              -0.52 |               2.35 |               1.79 |               0.18 |
                980 |              -0.87 |             -0.514 |               2.37 |               1.64 |              0.179 |
                990 |             -0.885 |             -0.511 |               2.04 |               1.64 |              0.177 |
Training complete: 
   Data path: /work/qgan_v4/data/train/base-qml_torch-q4-noiseless-SPSA-aerCPU-rand0.1-seed1 
   Best eval: 1.6396665227024805 
   Total time: 18.029388666152954

Running: /work/qgan_v4/data/train/base-qml_torch-q4-noiseless-SPSA-aerCPU-rand0-seed2/config.yaml
Training data file created.
              Epoch |     Generator cost | Discriminator cost |               Eval |          Best eval |               Time |
                  0 |             -0.951 |              -0.25 |               4.75 |               4.75 |             0.0186 |
                 10 |             -0.961 |             -0.249 |               4.44 |               4.44 |               0.17 |
                 20 |             -0.945 |             -0.258 |               4.27 |               4.14 |               0.18 |
                 30 |             -0.941 |             -0.257 |               4.23 |               4.14 |               0.18 |
                 40 |             -0.964 |             -0.262 |               4.06 |               4.05 |               0.18 |
                 50 |             -0.962 |             -0.254 |               4.12 |               4.02 |              0.178 |
                 60 |             -0.942 |             -0.267 |               4.59 |               4.02 |              0.171 |
                 70 |             -0.973 |             -0.286 |               4.35 |               4.02 |              0.171 |
                 80 |             -0.951 |              -0.24 |               4.18 |               4.02 |              0.176 |
                 90 |             -0.936 |             -0.258 |                4.2 |               4.02 |              0.176 |
                100 |             -0.955 |             -0.273 |               4.09 |               4.02 |              0.177 |
                110 |             -0.965 |             -0.254 |               3.97 |               3.97 |              0.174 |
                120 |             -0.969 |             -0.241 |               3.91 |               3.91 |               0.17 |
                130 |             -0.941 |             -0.247 |               4.06 |               3.91 |              0.174 |
                140 |              -0.99 |             -0.271 |               3.83 |               3.83 |              0.173 |
                150 |             -0.951 |             -0.269 |               3.76 |               3.75 |              0.171 |
                160 |             -0.983 |             -0.267 |               4.27 |               3.75 |               0.17 |
                170 |             -0.996 |              -0.25 |               3.86 |               3.75 |              0.172 |
                180 |             -0.949 |             -0.272 |               4.03 |               3.75 |              0.171 |
                190 |             -0.969 |             -0.284 |                  4 |               3.75 |              0.173 |
                200 |             -0.956 |             -0.275 |               3.75 |               3.75 |              0.169 |
                210 |             -0.954 |              -0.28 |               3.66 |               3.66 |              0.173 |
                220 |             -0.929 |             -0.275 |               3.59 |               3.59 |               0.18 |
                230 |             -0.916 |             -0.304 |               3.48 |               3.48 |               0.18 |
                240 |              -0.94 |             -0.289 |               3.45 |               3.45 |              0.181 |
                250 |             -0.935 |             -0.268 |               3.49 |               3.45 |              0.174 |
                260 |             -0.928 |             -0.286 |               3.54 |               3.45 |              0.171 |
                270 |              -0.95 |             -0.278 |               3.74 |               3.45 |               0.17 |
                280 |             -0.969 |             -0.268 |               3.51 |               3.45 |              0.176 |
                290 |             -0.958 |             -0.301 |               3.55 |               3.45 |              0.176 |
                300 |             -0.942 |             -0.261 |               3.65 |               3.45 |              0.177 |
                310 |             -0.977 |             -0.277 |                3.8 |               3.45 |              0.175 |
                320 |             -0.955 |             -0.286 |                3.7 |               3.45 |               0.17 |
                330 |             -0.924 |              -0.29 |               3.86 |               3.45 |              0.173 |
                340 |             -0.939 |             -0.294 |               3.77 |               3.45 |              0.173 |
                350 |             -0.932 |             -0.268 |               3.69 |               3.45 |              0.171 |
                360 |             -0.948 |             -0.281 |               3.76 |               3.45 |              0.171 |
                370 |             -0.967 |               -0.3 |               3.72 |               3.45 |              0.171 |
                380 |             -0.934 |             -0.305 |                3.7 |               3.45 |              0.173 |
                390 |             -0.939 |             -0.299 |               3.75 |               3.45 |              0.173 |
                400 |             -0.955 |             -0.287 |               3.82 |               3.45 |              0.171 |
                410 |             -0.958 |             -0.276 |                3.8 |               3.45 |              0.176 |
                420 |             -0.949 |             -0.273 |               3.83 |               3.45 |               0.18 |
                430 |              -0.95 |             -0.288 |               3.74 |               3.45 |              0.181 |
                440 |              -0.95 |             -0.283 |               3.77 |               3.45 |              0.181 |
                450 |             -0.954 |             -0.279 |               4.12 |               3.45 |              0.171 |
                460 |             -0.936 |             -0.269 |               5.14 |               3.45 |              0.171 |
                470 |              -0.93 |             -0.303 |                3.9 |               3.45 |              0.171 |
                480 |             -0.953 |             -0.295 |               4.09 |               3.45 |              0.173 |
                490 |             -0.934 |             -0.276 |               4.24 |               3.45 |              0.177 |
                500 |             -0.925 |             -0.271 |               4.34 |               3.45 |              0.177 |
                510 |             -0.954 |             -0.278 |               4.04 |               3.45 |              0.178 |
                520 |             -0.939 |             -0.286 |               4.41 |               3.45 |              0.172 |
                530 |             -0.944 |             -0.285 |               4.37 |               3.45 |              0.171 |
                540 |             -0.955 |             -0.298 |                4.6 |               3.45 |              0.172 |
                550 |             -0.956 |             -0.294 |               4.77 |               3.45 |              0.172 |
                560 |             -0.941 |             -0.273 |                4.3 |               3.45 |               0.17 |
                570 |             -0.935 |             -0.295 |               4.33 |               3.45 |              0.171 |
                580 |             -0.931 |              -0.29 |                4.2 |               3.45 |              0.173 |
                590 |              -0.94 |              -0.29 |               4.13 |               3.45 |              0.172 |
                600 |             -0.942 |              -0.31 |               4.05 |               3.45 |               0.17 |
                610 |             -0.947 |             -0.306 |               3.84 |               3.45 |              0.175 |
                620 |             -0.918 |             -0.297 |               3.65 |               3.45 |              0.182 |
                630 |             -0.942 |             -0.291 |               3.58 |               3.45 |               0.18 |
                640 |             -0.895 |             -0.292 |               3.55 |               3.45 |               0.18 |
                650 |             -0.925 |             -0.301 |               3.53 |               3.45 |              0.172 |
                660 |              -0.91 |             -0.314 |               3.59 |               3.45 |              0.172 |
                670 |             -0.892 |             -0.317 |               3.62 |               3.45 |              0.171 |
                680 |             -0.879 |             -0.315 |               3.54 |               3.45 |               0.17 |
                690 |             -0.919 |             -0.303 |               3.53 |               3.45 |              0.171 |
                700 |             -0.922 |              -0.33 |               3.54 |               3.45 |              0.175 |
                710 |             -0.908 |             -0.309 |               3.52 |               3.45 |              0.176 |
                720 |             -0.889 |             -0.326 |               3.54 |               3.45 |              0.177 |
                730 |             -0.911 |             -0.317 |               3.49 |               3.45 |              0.174 |
                740 |             -0.907 |             -0.342 |               3.47 |               3.45 |              0.171 |
                750 |             -0.916 |             -0.319 |               3.64 |               3.45 |              0.172 |
                760 |             -0.903 |             -0.342 |               4.35 |               3.45 |              0.172 |
                770 |             -0.905 |             -0.339 |               4.01 |               3.45 |              0.171 |
                780 |             -0.873 |             -0.315 |               3.95 |               3.45 |               0.17 |
                790 |             -0.889 |             -0.344 |               3.95 |               3.45 |              0.171 |
                800 |             -0.851 |             -0.371 |               3.63 |               3.45 |               0.17 |
                810 |             -0.886 |             -0.351 |               3.62 |               3.45 |               0.17 |
                820 |             -0.899 |              -0.36 |               3.55 |               3.45 |              0.179 |
                830 |             -0.901 |             -0.329 |               3.43 |               3.43 |               0.18 |
                840 |             -0.878 |              -0.35 |               3.33 |               3.33 |               0.18 |
                850 |              -0.88 |             -0.352 |               3.29 |               3.29 |              0.177 |
                860 |             -0.848 |             -0.376 |               3.35 |               3.29 |              0.171 |
                870 |             -0.859 |             -0.355 |               3.45 |               3.29 |              0.171 |
                880 |             -0.857 |             -0.362 |               3.37 |               3.29 |              0.173 |
                890 |             -0.843 |              -0.37 |               3.52 |               3.29 |              0.172 |
                900 |             -0.856 |             -0.386 |               3.52 |               3.29 |              0.173 |
                910 |             -0.828 |             -0.371 |               3.39 |               3.29 |              0.178 |
                920 |             -0.835 |             -0.369 |               3.46 |               3.29 |              0.179 |
                930 |             -0.848 |             -0.384 |               3.74 |               3.29 |              0.177 |
                940 |             -0.807 |             -0.379 |               4.49 |               3.29 |              0.173 |
                950 |             -0.828 |             -0.416 |               3.78 |               3.29 |              0.171 |
                960 |             -0.839 |             -0.413 |               3.67 |               3.29 |              0.172 |
                970 |             -0.822 |             -0.406 |               3.93 |               3.29 |              0.173 |
                980 |              -0.83 |             -0.423 |                3.6 |               3.29 |              0.171 |
                990 |             -0.798 |             -0.417 |               3.47 |               3.29 |              0.171 |
Training complete: 
   Data path: /work/qgan_v4/data/train/base-qml_torch-q4-noiseless-SPSA-aerCPU-rand0-seed2 
   Best eval: 3.287063167943513 
   Total time: 17.389567375183105

Running: /work/qgan_v4/data/train/base-qml_torch-q4-noiseless-SPSA-aerCPU-rand0.1-seed2/config.yaml
Training data file created.
              Epoch |     Generator cost | Discriminator cost |               Eval |          Best eval |               Time |
                  0 |             -0.962 |             -0.252 |               4.92 |               4.92 |             0.0178 |
                 10 |             -0.888 |             -0.239 |               3.87 |               2.59 |              0.178 |
                 20 |             -0.949 |              -0.27 |               2.71 |               2.59 |              0.184 |
                 30 |             -0.952 |             -0.243 |               2.71 |               2.59 |              0.186 |
                 40 |             -0.871 |             -0.255 |               3.09 |               2.59 |              0.185 |
                 50 |             -0.896 |             -0.246 |               3.91 |               2.59 |              0.182 |
                 60 |             -0.897 |             -0.288 |               4.01 |               2.59 |              0.177 |
                 70 |             -0.909 |             -0.254 |               3.56 |               2.59 |              0.177 |
                 80 |             -0.927 |             -0.271 |               4.15 |               2.59 |              0.179 |
                 90 |             -0.954 |             -0.282 |               3.47 |               2.59 |              0.177 |
                100 |             -0.901 |             -0.255 |               3.69 |               2.59 |              0.177 |
                110 |             -0.923 |             -0.266 |                3.4 |               2.59 |              0.183 |
                120 |             -0.979 |             -0.288 |               5.35 |               2.59 |              0.186 |
                130 |             -0.893 |             -0.287 |               3.44 |               2.59 |              0.186 |
                140 |             -0.929 |             -0.278 |               3.48 |               2.59 |              0.183 |
                150 |             -0.915 |             -0.267 |               3.52 |               2.59 |              0.178 |
                160 |             -0.979 |             -0.251 |               4.19 |               2.59 |              0.178 |
                170 |             -0.931 |             -0.295 |               3.39 |               2.59 |              0.183 |
                180 |             -0.981 |              -0.28 |               3.92 |               2.59 |              0.182 |
                190 |             -0.954 |             -0.258 |               2.97 |               2.59 |              0.184 |
                200 |             -0.956 |             -0.293 |               3.37 |               2.59 |              0.178 |
                210 |             -0.919 |             -0.296 |               3.89 |               2.59 |              0.177 |
                220 |             -0.962 |             -0.279 |               3.34 |               2.29 |               0.18 |
                230 |             -0.956 |             -0.274 |               3.53 |               2.29 |              0.177 |
                240 |              -0.89 |             -0.287 |               3.19 |               2.29 |              0.176 |
                250 |             -0.915 |             -0.273 |               3.09 |               2.29 |              0.177 |
                260 |             -0.885 |             -0.294 |               2.92 |               2.29 |              0.178 |
                270 |             -0.962 |              -0.29 |               3.09 |               2.29 |              0.179 |
                280 |             -0.939 |             -0.296 |                3.8 |               2.29 |              0.176 |
                290 |             -0.904 |             -0.291 |               3.03 |               2.29 |              0.177 |
                300 |             -0.948 |             -0.305 |               3.18 |               2.29 |              0.186 |
                310 |             -0.957 |             -0.273 |               2.77 |               2.29 |              0.186 |
                320 |             -0.999 |             -0.285 |               3.65 |               2.29 |              0.186 |
                330 |             -0.909 |              -0.28 |               3.55 |               2.28 |              0.183 |
                340 |             -0.884 |             -0.288 |               3.76 |               2.06 |              0.177 |
                350 |             -0.918 |             -0.294 |               3.06 |               2.06 |              0.177 |
                360 |             -0.944 |             -0.287 |                4.1 |               2.06 |              0.182 |
                370 |             -0.917 |             -0.285 |               3.58 |               2.06 |              0.184 |
                380 |             -0.896 |              -0.29 |               3.06 |               2.06 |              0.182 |
                390 |             -0.956 |             -0.296 |               3.49 |               2.06 |              0.181 |
                400 |             -0.941 |             -0.309 |                  3 |               2.06 |              0.178 |
                410 |             -0.922 |             -0.256 |               2.77 |               2.06 |              0.179 |
                420 |             -0.948 |             -0.305 |               2.75 |               2.06 |               0.18 |
                430 |             -0.965 |             -0.278 |               3.17 |               2.06 |              0.177 |
                440 |             -0.969 |             -0.307 |               2.79 |               2.06 |              0.176 |
                450 |             -0.957 |             -0.275 |               2.81 |               2.06 |              0.178 |
                460 |              -0.95 |             -0.281 |               3.52 |               2.06 |              0.179 |
                470 |             -0.957 |             -0.282 |                2.9 |               2.06 |              0.177 |
                480 |             -0.907 |             -0.291 |               3.41 |               2.06 |              0.177 |
                490 |             -0.912 |             -0.324 |               3.76 |               2.06 |              0.185 |
                500 |             -0.962 |             -0.292 |               3.55 |               2.06 |              0.186 |
                510 |             -0.933 |             -0.321 |               3.27 |               2.06 |              0.186 |
                520 |              -0.93 |             -0.294 |               3.06 |               2.06 |              0.183 |
                530 |             -0.963 |             -0.321 |               3.57 |               2.06 |              0.177 |
                540 |              -0.92 |             -0.276 |               3.43 |               2.06 |              0.178 |
                550 |             -0.983 |             -0.293 |               3.27 |               2.06 |              0.177 |
                560 |             -0.969 |             -0.302 |               2.48 |               2.06 |              0.178 |
                570 |             -0.976 |              -0.31 |               3.78 |               2.06 |              0.183 |
                580 |             -0.964 |             -0.301 |               3.92 |               2.06 |              0.184 |
                590 |              -0.95 |             -0.317 |               2.61 |               2.06 |              0.183 |
                600 |             -0.924 |             -0.318 |               2.93 |               2.06 |              0.181 |
                610 |             -0.965 |             -0.292 |               4.12 |               2.06 |              0.177 |
                620 |             -0.931 |             -0.308 |               3.43 |               2.06 |               0.18 |
                630 |             -0.945 |             -0.327 |               3.51 |               2.06 |              0.179 |
                640 |              -0.96 |             -0.288 |               4.36 |               2.06 |              0.177 |
                650 |             -0.911 |             -0.319 |               4.28 |               2.06 |              0.177 |
                660 |             -0.957 |              -0.33 |               2.41 |               2.06 |              0.179 |
                670 |             -0.977 |             -0.319 |               3.33 |               2.06 |              0.176 |
                680 |             -0.956 |             -0.306 |               3.28 |               2.06 |               0.18 |
                690 |             -0.934 |             -0.322 |               3.09 |               2.06 |              0.186 |
                700 |              -0.92 |             -0.334 |               3.16 |               2.06 |              0.186 |
                710 |             -0.934 |             -0.303 |               3.17 |               2.06 |              0.186 |
                720 |             -0.982 |             -0.296 |               3.41 |                  2 |              0.179 |
                730 |             -0.912 |             -0.295 |               3.16 |                1.9 |              0.178 |
                740 |             -0.972 |             -0.311 |               3.39 |                1.9 |              0.178 |
                750 |             -0.933 |             -0.301 |               4.23 |                1.9 |              0.178 |
                760 |             -0.938 |             -0.315 |               2.29 |                1.9 |              0.179 |
                770 |             -0.898 |             -0.325 |               2.35 |                1.9 |              0.186 |
                780 |             -0.939 |             -0.323 |               3.23 |               1.83 |              0.184 |
                790 |             -0.912 |             -0.347 |                2.3 |               1.83 |              0.185 |
                800 |             -0.945 |             -0.346 |               2.19 |               1.73 |              0.178 |
                810 |             -0.872 |             -0.338 |               2.96 |               1.73 |              0.177 |
                820 |             -0.879 |             -0.349 |               2.67 |               1.73 |               0.18 |
                830 |             -0.921 |             -0.372 |                3.1 |               1.73 |              0.179 |
                840 |              -0.91 |             -0.358 |               2.26 |               1.73 |              0.177 |
                850 |             -0.894 |             -0.377 |               3.31 |               1.73 |              0.177 |
                860 |              -0.85 |             -0.379 |               2.69 |               1.73 |              0.179 |
                870 |             -0.928 |             -0.367 |               4.74 |               1.73 |              0.177 |
                880 |             -0.858 |             -0.366 |               4.12 |               1.73 |              0.181 |
                890 |             -0.841 |             -0.374 |               3.79 |               1.73 |              0.186 |
                900 |             -0.919 |              -0.39 |               2.71 |               1.73 |              0.186 |
                910 |             -0.919 |             -0.391 |                3.3 |               1.73 |              0.185 |
                920 |             -0.893 |             -0.348 |               2.72 |               1.73 |              0.179 |
                930 |             -0.876 |             -0.344 |               3.92 |               1.73 |              0.178 |
                940 |             -0.875 |             -0.338 |               3.29 |               1.73 |              0.179 |
                950 |             -0.945 |             -0.342 |               3.42 |               1.73 |              0.178 |
                960 |             -0.905 |             -0.368 |               2.61 |               1.73 |              0.179 |
                970 |             -0.917 |             -0.354 |               3.31 |               1.73 |              0.184 |
                980 |             -0.938 |             -0.356 |               2.94 |               1.73 |              0.184 |
                990 |             -0.884 |             -0.358 |               3.28 |               1.73 |              0.183 |
Training complete: 
   Data path: /work/qgan_v4/data/train/base-qml_torch-q4-noiseless-SPSA-aerCPU-rand0.1-seed2 
   Best eval: 1.7345702113092127 
   Total time: 18.042015314102173

Running: /work/qgan_v4/data/train/base-qml_torch-q4-noiseless-REG-aerCPU-rand0-seed0/config.yaml
Training data file created.
              Epoch |     Generator cost | Discriminator cost |               Eval |          Best eval |               Time |
                  0 |             -0.884 |             -0.286 |               4.05 |               4.05 |              0.128 |
                 10 |             -0.948 |             -0.272 |               3.31 |               3.31 |              0.834 |
                 20 |             -0.969 |             -0.259 |               3.31 |               3.27 |               1.01 |
                 30 |              -1.01 |             -0.246 |               3.07 |               3.07 |               0.84 |
                 40 |              -0.97 |             -0.269 |               2.84 |               2.82 |              0.828 |
                 50 |             -0.972 |             -0.291 |               2.39 |               2.39 |              0.875 |
                 60 |              -0.97 |             -0.338 |               1.97 |               1.97 |              0.847 |
                 70 |             -0.959 |             -0.381 |               1.82 |               1.82 |               0.84 |
                 80 |              -0.94 |             -0.407 |               1.89 |               1.82 |              0.826 |
                 90 |             -0.915 |             -0.426 |               2.14 |               1.82 |               0.87 |
                100 |             -0.892 |             -0.446 |               2.57 |               1.82 |                1.1 |
                110 |             -0.879 |             -0.487 |               2.56 |               1.82 |              0.838 |
                120 |             -0.848 |               -0.5 |               2.07 |               1.82 |              0.831 |
                130 |              -0.84 |             -0.521 |               1.64 |               1.64 |              0.883 |
                140 |             -0.857 |             -0.503 |               1.29 |               1.29 |              0.863 |
                150 |             -0.883 |             -0.466 |               1.04 |               1.04 |              0.838 |
                160 |             -0.909 |              -0.47 |              0.915 |              0.915 |              0.826 |
                170 |             -0.922 |              -0.46 |                0.9 |              0.894 |              0.866 |
                180 |             -0.944 |             -0.472 |              0.963 |              0.894 |              0.863 |
                190 |             -0.931 |             -0.501 |               1.07 |              0.894 |               1.11 |
                200 |             -0.953 |             -0.456 |               1.21 |              0.894 |              0.839 |
                210 |             -0.937 |             -0.458 |               1.37 |              0.894 |              0.878 |
                220 |             -0.937 |             -0.481 |               1.57 |              0.894 |              0.862 |
                230 |             -0.954 |             -0.496 |               1.98 |              0.894 |              0.826 |
                240 |             -0.926 |             -0.502 |               1.84 |              0.894 |              0.824 |
                250 |             -0.886 |             -0.504 |               1.65 |              0.894 |              0.845 |
                260 |              -0.85 |             -0.525 |               1.55 |              0.894 |              0.827 |
                270 |             -0.824 |             -0.544 |                1.5 |              0.894 |               1.17 |
                280 |             -0.773 |             -0.549 |               1.52 |              0.894 |              0.852 |
                290 |             -0.806 |             -0.524 |               1.73 |              0.894 |              0.835 |
                300 |             -0.806 |             -0.546 |               1.72 |              0.894 |              0.841 |
                310 |             -0.849 |             -0.541 |               1.58 |              0.894 |              0.884 |
                320 |             -0.828 |             -0.536 |               2.02 |              0.894 |               0.85 |
                330 |             -0.815 |             -0.541 |               1.61 |              0.894 |              0.833 |
                340 |             -0.793 |             -0.522 |               1.53 |              0.894 |              0.838 |
                350 |              -0.79 |             -0.536 |               1.69 |              0.894 |               1.15 |
                360 |              -0.85 |             -0.519 |               1.55 |              0.894 |              0.857 |
                370 |             -0.858 |             -0.524 |               1.19 |              0.894 |               0.83 |
                380 |             -0.882 |             -0.543 |              0.926 |              0.894 |              0.843 |
                390 |             -0.874 |             -0.519 |               0.66 |               0.66 |              0.883 |
                400 |             -0.835 |              -0.53 |              0.416 |              0.416 |               0.85 |
                410 |             -0.861 |             -0.538 |               0.23 |               0.23 |              0.827 |
                420 |             -0.824 |             -0.529 |              0.115 |              0.115 |              0.826 |
                430 |             -0.851 |              -0.52 |             0.0657 |             0.0657 |              0.836 |
                440 |              -0.85 |             -0.522 |             0.0617 |             0.0597 |              0.834 |
                450 |             -0.829 |             -0.515 |             0.0756 |             0.0597 |               1.17 |
                460 |             -0.808 |             -0.533 |             0.0924 |             0.0597 |              0.853 |
                470 |             -0.724 |             -0.559 |              0.114 |             0.0597 |              0.826 |
                480 |             -0.629 |             -0.625 |               0.15 |             0.0597 |              0.865 |
                490 |             -0.503 |             -0.709 |              0.229 |             0.0597 |              0.868 |
                500 |             -0.358 |             -0.773 |              0.444 |             0.0597 |              0.842 |
                510 |             -0.286 |             -0.802 |              0.737 |             0.0597 |              0.818 |
                520 |             -0.285 |             -0.819 |              0.721 |             0.0597 |              0.843 |
                530 |             -0.367 |             -0.796 |              0.982 |             0.0597 |               1.18 |
                540 |             -0.497 |             -0.742 |               1.27 |             0.0597 |              0.837 |
                550 |             -0.578 |             -0.699 |               1.06 |             0.0597 |              0.826 |
                560 |              -0.59 |             -0.681 |               1.01 |             0.0597 |              0.858 |
                570 |             -0.616 |              -0.66 |               1.23 |             0.0597 |              0.873 |
                580 |             -0.539 |             -0.675 |              0.762 |             0.0597 |              0.843 |
                590 |             -0.536 |             -0.703 |               0.66 |             0.0597 |              0.819 |
                600 |             -0.442 |             -0.707 |              0.676 |             0.0597 |              0.851 |
                610 |             -0.431 |             -0.728 |              0.797 |             0.0597 |               1.16 |
                620 |             -0.406 |             -0.729 |                1.1 |             0.0597 |              0.847 |
                630 |             -0.487 |             -0.708 |               1.98 |             0.0597 |              0.821 |
                640 |             -0.555 |             -0.659 |                2.1 |             0.0597 |               0.85 |
                650 |             -0.684 |             -0.613 |               2.23 |             0.0597 |               0.82 |
                660 |             -0.755 |             -0.579 |               2.29 |             0.0597 |              0.863 |
                670 |             -0.807 |             -0.543 |               2.35 |             0.0597 |              0.867 |
                680 |             -0.826 |             -0.559 |               1.98 |             0.0597 |              0.839 |
                690 |             -0.777 |             -0.551 |               1.43 |             0.0597 |              0.818 |
                700 |             -0.774 |             -0.558 |               1.05 |             0.0597 |              0.847 |
                710 |             -0.743 |             -0.558 |              0.843 |             0.0597 |               1.19 |
                720 |             -0.731 |             -0.571 |               0.75 |             0.0597 |              0.843 |
                730 |             -0.729 |             -0.562 |              0.744 |             0.0597 |              0.826 |
                740 |             -0.753 |             -0.552 |              0.853 |             0.0597 |              0.857 |
                750 |             -0.804 |             -0.543 |                1.5 |             0.0597 |              0.868 |
                760 |             -0.805 |             -0.528 |              0.762 |             0.0597 |              0.842 |
                770 |             -0.871 |             -0.533 |                0.6 |             0.0597 |              0.821 |
                780 |             -0.876 |             -0.523 |              0.519 |             0.0597 |               1.11 |
                790 |             -0.867 |              -0.52 |              0.471 |             0.0597 |              0.825 |
                800 |              -0.93 |             -0.525 |              0.443 |             0.0597 |              0.877 |
                810 |             -0.906 |             -0.505 |              0.429 |             0.0597 |              0.852 |
                820 |             -0.922 |             -0.514 |              0.425 |             0.0597 |              0.845 |
                830 |             -0.929 |             -0.504 |              0.426 |             0.0597 |              0.829 |
                840 |             -0.929 |               -0.5 |              0.431 |             0.0597 |              0.878 |
                850 |             -0.915 |             -0.494 |              0.432 |             0.0597 |              0.848 |
                860 |             -0.926 |             -0.488 |               0.42 |             0.0597 |              0.843 |
                870 |             -0.926 |             -0.499 |              0.399 |             0.0597 |               1.09 |
                880 |             -0.945 |             -0.502 |              0.386 |             0.0597 |               0.88 |
                890 |             -0.944 |             -0.494 |              0.383 |             0.0597 |              0.846 |
                900 |             -0.917 |             -0.483 |              0.377 |             0.0597 |              0.834 |
                910 |              -0.95 |               -0.5 |              0.371 |             0.0597 |              0.832 |
                920 |             -0.939 |             -0.506 |              0.375 |             0.0597 |              0.878 |
                930 |             -0.966 |             -0.511 |              0.377 |             0.0597 |              0.851 |
                940 |             -0.934 |             -0.502 |              0.366 |             0.0597 |              0.833 |
                950 |             -0.908 |             -0.511 |              0.353 |             0.0597 |               0.83 |
                960 |             -0.946 |               -0.5 |              0.354 |             0.0597 |               1.18 |
                970 |             -0.959 |              -0.49 |              0.355 |             0.0597 |              0.862 |
                980 |             -0.968 |             -0.514 |               0.34 |             0.0597 |              0.837 |
                990 |             -0.968 |             -0.504 |              0.329 |             0.0597 |              0.836 |
Training complete: 
   Data path: /work/qgan_v4/data/train/base-qml_torch-q4-noiseless-REG-aerCPU-rand0-seed0 
   Best eval: 0.05970192186316298 
   Total time: 88.09816813468933

Running: /work/qgan_v4/data/train/base-qml_torch-q4-noiseless-REG-aerCPU-rand0.1-seed0/config.yaml
Training data file created.
              Epoch |     Generator cost | Discriminator cost |               Eval |          Best eval |               Time |
                  0 |             -0.728 |             -0.418 |               2.48 |               2.48 |              0.133 |
                 10 |             -0.697 |             -0.376 |               3.02 |               1.84 |              0.865 |
                 20 |             -0.837 |             -0.337 |               2.47 |               1.55 |              0.842 |
                 30 |             -0.926 |              -0.33 |               2.79 |               1.55 |              0.841 |
                 40 |              -0.81 |              -0.26 |               3.78 |               1.55 |               1.12 |
                 50 |             -0.973 |             -0.299 |               2.29 |               1.55 |               0.87 |
                 60 |             -0.861 |             -0.281 |               3.73 |               1.55 |              0.896 |
                 70 |             -0.858 |             -0.284 |               2.72 |               1.55 |              0.862 |
                 80 |             -0.993 |             -0.299 |               2.66 |               1.55 |              0.832 |
                 90 |             -0.895 |             -0.354 |               3.23 |               1.55 |              0.866 |
                100 |             -0.961 |             -0.337 |               2.68 |               1.55 |               0.89 |
                110 |             -0.957 |             -0.377 |               2.31 |               1.55 |              0.863 |
                120 |             -0.906 |             -0.426 |               1.89 |               1.55 |               1.11 |
                130 |             -0.975 |             -0.423 |               2.03 |               1.55 |              0.878 |
                140 |             -0.957 |             -0.447 |                2.2 |               1.55 |               0.89 |
                150 |             -0.914 |             -0.489 |               3.22 |               1.55 |              0.862 |
                160 |             -0.885 |             -0.545 |               2.28 |               1.55 |              0.834 |
                170 |             -0.918 |             -0.534 |               1.99 |               1.55 |              0.858 |
                180 |             -0.882 |             -0.527 |               1.69 |               1.55 |              0.836 |
                190 |             -0.887 |             -0.516 |               2.65 |               1.55 |              0.883 |
                200 |             -0.882 |             -0.525 |               2.39 |               1.55 |               1.17 |
                210 |             -0.838 |             -0.534 |               3.03 |               1.55 |              0.854 |
                220 |             -0.844 |             -0.515 |                2.3 |               1.55 |              0.846 |
                230 |             -0.885 |             -0.545 |               2.65 |               1.55 |              0.892 |
                240 |             -0.861 |             -0.536 |                2.7 |               1.55 |              0.859 |
                250 |             -0.801 |             -0.533 |               2.92 |               1.55 |              0.848 |
                260 |             -0.821 |              -0.54 |               3.35 |               1.55 |              0.836 |
                270 |             -0.856 |             -0.549 |               2.16 |               1.55 |              0.882 |
                280 |             -0.859 |             -0.549 |               3.39 |               1.55 |               1.16 |
                290 |             -0.852 |             -0.554 |               1.83 |               1.55 |              0.848 |
                300 |              -0.88 |             -0.539 |               1.56 |                1.5 |              0.857 |
                310 |             -0.833 |             -0.566 |               2.45 |                1.5 |              0.896 |
                320 |              -0.86 |             -0.539 |               1.82 |               1.14 |              0.866 |
                330 |             -0.856 |             -0.548 |               1.69 |               1.14 |              0.846 |
                340 |              -0.89 |             -0.561 |               2.77 |              0.894 |               0.85 |
                350 |             -0.848 |             -0.553 |              0.814 |              0.814 |               0.85 |
                360 |             -0.868 |             -0.562 |               1.44 |              0.814 |               1.16 |
                370 |             -0.857 |             -0.537 |               1.05 |              0.814 |              0.863 |
                380 |             -0.898 |             -0.533 |              0.993 |              0.814 |              0.859 |
                390 |             -0.916 |             -0.537 |                1.6 |              0.814 |              0.837 |
                400 |             -0.889 |             -0.567 |               1.01 |              0.568 |              0.893 |
                410 |             -0.871 |             -0.562 |               1.95 |              0.568 |              0.863 |
                420 |             -0.949 |             -0.523 |               2.44 |              0.568 |              0.853 |
                430 |             -0.873 |             -0.518 |               2.02 |              0.568 |               1.11 |
                440 |             -0.908 |             -0.538 |              0.782 |              0.568 |              0.898 |
                450 |             -0.896 |             -0.502 |               1.03 |              0.477 |              0.865 |
                460 |             -0.902 |             -0.522 |              0.557 |              0.397 |              0.851 |
                470 |             -0.901 |             -0.557 |              0.502 |              0.397 |              0.849 |
                480 |             -0.915 |              -0.54 |              0.208 |              0.208 |              0.898 |
                490 |             -0.898 |              -0.55 |              0.173 |              0.153 |              0.864 |
                500 |             -0.916 |             -0.524 |              0.133 |              0.113 |              0.844 |
                510 |             -0.952 |             -0.516 |              0.129 |              0.113 |               1.12 |
                520 |             -0.949 |             -0.495 |             0.0732 |             0.0533 |              0.906 |
                530 |             -0.963 |              -0.52 |              0.121 |             0.0533 |              0.864 |
                540 |             -0.939 |             -0.532 |              0.162 |             0.0529 |              0.841 |
                550 |             -0.962 |             -0.495 |             0.0997 |              0.052 |              0.856 |
                560 |             -0.904 |             -0.516 |              0.237 |              0.045 |              0.841 |
                570 |             -0.961 |              -0.53 |              0.083 |             0.0381 |              0.876 |
                580 |             -0.983 |             -0.519 |             0.0875 |             0.0381 |              0.883 |
                590 |             -0.972 |             -0.503 |             0.0735 |             0.0381 |               1.14 |
                600 |             -0.959 |             -0.498 |              0.123 |             0.0381 |              0.832 |
                610 |             -0.971 |             -0.522 |              0.136 |             0.0292 |              0.894 |
                620 |             -0.953 |             -0.495 |             0.0973 |             0.0209 |              0.859 |
                630 |             -0.981 |             -0.516 |             0.0796 |             0.0209 |              0.863 |
                640 |             -0.976 |             -0.514 |             0.0372 |             0.0187 |              0.836 |
                650 |             -0.971 |              -0.51 |               0.14 |             0.0187 |              0.893 |
                660 |             -0.984 |             -0.519 |             0.0837 |             0.0187 |              0.863 |
                670 |             -0.967 |             -0.528 |             0.0588 |             0.0187 |              0.853 |
                680 |             -0.968 |             -0.523 |             0.0623 |             0.0187 |                1.1 |
                690 |             -0.954 |               -0.5 |              0.106 |             0.0187 |               0.91 |
                700 |             -0.965 |             -0.515 |             0.0345 |             0.0187 |               0.87 |
                710 |             -0.992 |             -0.497 |              0.128 |             0.0187 |               0.85 |
                720 |              -0.98 |             -0.521 |             0.0707 |             0.0187 |               0.85 |
                730 |             -0.973 |             -0.501 |             0.0609 |             0.0187 |              0.897 |
                740 |             -0.949 |             -0.515 |             0.0531 |             0.0165 |              0.871 |
                750 |             -0.957 |             -0.506 |             0.0743 |             0.0165 |              0.845 |
                760 |             -0.995 |             -0.543 |             0.0268 |             0.0165 |               1.15 |
                770 |             -0.958 |             -0.505 |             0.0284 |             0.0165 |              0.903 |
                780 |             -0.961 |             -0.513 |             0.0292 |            0.00581 |              0.867 |
                790 |                 -1 |             -0.513 |             0.0422 |            0.00581 |              0.844 |
                800 |              -1.01 |             -0.485 |             0.0776 |            0.00581 |              0.843 |
                810 |                 -1 |             -0.516 |             0.0315 |            0.00581 |              0.845 |
                820 |             -0.963 |              -0.53 |              0.053 |            0.00581 |              0.851 |
                830 |             -0.952 |             -0.493 |             0.0492 |            0.00581 |              0.893 |
                840 |             -0.992 |             -0.494 |             0.0662 |            0.00581 |               1.14 |
                850 |             -0.955 |             -0.513 |             0.0919 |            0.00581 |              0.832 |
                860 |              -0.98 |             -0.514 |              0.108 |            0.00581 |              0.871 |
                870 |             -0.965 |             -0.516 |             0.0488 |            0.00581 |              0.895 |
                880 |             -0.975 |             -0.502 |             0.0623 |            0.00581 |              0.865 |
                890 |             -0.976 |             -0.511 |             0.0905 |            0.00581 |               0.83 |
                900 |             -0.968 |             -0.506 |             0.0296 |            0.00581 |              0.856 |
                910 |             -0.977 |             -0.504 |             0.0563 |            0.00581 |              0.895 |
                920 |             -0.981 |             -0.516 |             0.0648 |            0.00581 |               1.16 |
                930 |             -0.989 |             -0.516 |             0.0168 |            0.00581 |              0.837 |
                940 |             -0.942 |             -0.526 |              0.081 |            0.00581 |              0.863 |
                950 |             -0.983 |             -0.493 |             0.0945 |            0.00581 |              0.839 |
                960 |             -0.974 |             -0.514 |             0.0389 |            0.00581 |              0.898 |
                970 |              -0.96 |             -0.512 |              0.116 |            0.00581 |              0.868 |
                980 |              -0.96 |             -0.493 |              0.079 |            0.00581 |              0.858 |
                990 |             -0.938 |              -0.51 |             0.0642 |            0.00581 |              0.844 |
Training complete: 
   Data path: /work/qgan_v4/data/train/base-qml_torch-q4-noiseless-REG-aerCPU-rand0.1-seed0 
   Best eval: 0.005809960932847386 
   Total time: 89.94545602798462

Running: /work/qgan_v4/data/train/base-qml_torch-q4-noiseless-REG-aerCPU-rand0-seed1/config.yaml
Training data file created.
              Epoch |     Generator cost | Discriminator cost |               Eval |          Best eval |               Time |
                  0 |             -0.801 |             -0.389 |               3.17 |               3.17 |               0.13 |
                 10 |             -0.872 |              -0.36 |               3.51 |               3.17 |              0.843 |
                 20 |             -0.857 |             -0.388 |               3.59 |               3.17 |              0.833 |
                 30 |             -0.857 |             -0.438 |               4.17 |               3.17 |               0.84 |
                 40 |             -0.884 |             -0.445 |                5.7 |               3.17 |              0.881 |
                 50 |             -0.868 |             -0.489 |               4.21 |               3.17 |              0.847 |
                 60 |             -0.854 |             -0.491 |               4.38 |               3.17 |              0.831 |
                 70 |             -0.861 |             -0.499 |               4.32 |               3.17 |                1.1 |
                 80 |             -0.859 |             -0.525 |               3.47 |               3.17 |              0.895 |
                 90 |             -0.847 |             -0.526 |               3.27 |               3.17 |              0.863 |
                100 |             -0.817 |             -0.534 |               2.34 |               2.34 |              0.832 |
                110 |             -0.835 |              -0.55 |               1.96 |               1.96 |              0.855 |
                120 |             -0.827 |             -0.551 |                1.8 |                1.8 |              0.885 |
                130 |             -0.837 |             -0.557 |               1.85 |               1.78 |               0.85 |
                140 |             -0.839 |              -0.54 |               1.99 |               1.78 |              0.829 |
                150 |             -0.834 |             -0.529 |               1.57 |               1.57 |              0.833 |
                160 |             -0.792 |             -0.544 |               1.43 |               1.43 |               1.12 |
                170 |             -0.776 |             -0.538 |               1.36 |               1.36 |               0.88 |
                180 |             -0.824 |             -0.551 |               1.34 |               1.34 |              0.875 |
                190 |               -0.8 |             -0.558 |               1.41 |               1.34 |               0.85 |
                200 |             -0.791 |             -0.553 |               1.61 |               1.34 |              0.829 |
                210 |             -0.796 |             -0.549 |                1.1 |                1.1 |              0.866 |
                220 |             -0.816 |             -0.538 |               0.89 |               0.89 |              0.886 |
                230 |             -0.828 |             -0.532 |              0.735 |              0.735 |              0.856 |
                240 |             -0.831 |              -0.54 |              0.574 |              0.574 |               1.11 |
                250 |              -0.85 |             -0.525 |              0.429 |              0.429 |              0.875 |
                260 |             -0.876 |             -0.502 |              0.326 |              0.326 |              0.879 |
                270 |             -0.897 |             -0.516 |              0.248 |              0.248 |              0.842 |
                280 |             -0.902 |              -0.51 |              0.172 |              0.172 |              0.835 |
                290 |             -0.899 |             -0.508 |              0.106 |              0.106 |              0.872 |
                300 |             -0.911 |             -0.508 |             0.0703 |             0.0703 |              0.882 |
                310 |              -0.91 |             -0.508 |              0.055 |              0.055 |              0.851 |
                320 |             -0.946 |             -0.509 |              0.054 |             0.0527 |               1.12 |
                330 |             -0.939 |             -0.501 |             0.0668 |             0.0527 |              0.867 |
                340 |             -0.986 |             -0.479 |             0.0897 |             0.0527 |              0.837 |
                350 |             -0.967 |             -0.506 |              0.114 |             0.0527 |              0.887 |
                360 |             -0.991 |               -0.5 |              0.135 |             0.0527 |              0.855 |
                370 |             -0.992 |             -0.492 |              0.152 |             0.0527 |              0.847 |
                380 |             -0.975 |             -0.503 |               0.16 |             0.0527 |              0.834 |
                390 |             -0.967 |               -0.5 |              0.153 |             0.0527 |              0.886 |
                400 |             -0.971 |             -0.505 |              0.132 |             0.0527 |               1.15 |
                410 |             -0.945 |             -0.495 |              0.105 |             0.0527 |              0.837 |
                420 |             -0.927 |             -0.502 |             0.0819 |             0.0527 |              0.859 |
                430 |             -0.933 |             -0.488 |             0.0738 |             0.0527 |              0.892 |
                440 |             -0.905 |             -0.482 |             0.0865 |             0.0527 |              0.861 |
                450 |             -0.935 |             -0.505 |              0.118 |             0.0527 |              0.832 |
                460 |             -0.951 |             -0.485 |              0.158 |             0.0527 |               0.85 |
                470 |             -0.944 |             -0.493 |              0.195 |             0.0527 |              0.889 |
                480 |             -0.972 |             -0.512 |               0.22 |             0.0527 |               1.14 |
                490 |             -0.978 |             -0.482 |              0.234 |             0.0527 |              0.829 |
                500 |             -0.978 |             -0.506 |              0.238 |             0.0527 |              0.857 |
                510 |             -0.979 |             -0.517 |              0.234 |             0.0527 |              0.893 |
                520 |              -0.99 |             -0.509 |              0.225 |             0.0527 |              0.858 |
                530 |             -0.986 |             -0.497 |              0.212 |             0.0527 |              0.833 |
                540 |             -0.963 |             -0.502 |              0.197 |             0.0527 |              0.842 |
                550 |             -0.949 |             -0.499 |              0.179 |             0.0527 |               0.84 |
                560 |             -0.975 |             -0.515 |              0.159 |             0.0527 |              0.848 |
                570 |             -0.972 |              -0.48 |               0.14 |             0.0527 |              0.881 |
                580 |             -0.965 |             -0.495 |              0.121 |             0.0527 |               1.16 |
                590 |             -0.977 |             -0.501 |              0.104 |             0.0527 |              0.834 |
                600 |              -1.01 |             -0.497 |             0.0896 |             0.0527 |              0.865 |
                610 |             -0.979 |             -0.501 |              0.078 |             0.0527 |              0.884 |
                620 |             -0.987 |             -0.487 |             0.0697 |             0.0527 |              0.856 |
                630 |             -0.995 |             -0.486 |             0.0637 |             0.0527 |              0.828 |
                640 |             -0.974 |             -0.501 |             0.0598 |             0.0527 |              0.853 |
                650 |              -1.01 |             -0.501 |             0.0579 |             0.0527 |              0.887 |
                660 |             -0.998 |             -0.483 |             0.0577 |             0.0527 |               1.14 |
                670 |             -0.947 |             -0.491 |             0.0586 |             0.0527 |              0.833 |
                680 |             -0.947 |             -0.491 |             0.0608 |             0.0527 |              0.853 |
                690 |              -1.01 |             -0.525 |             0.0644 |             0.0527 |              0.833 |
                700 |             -0.946 |             -0.489 |             0.0692 |             0.0527 |              0.888 |
                710 |             -0.961 |             -0.489 |             0.0747 |             0.0527 |              0.859 |
                720 |             -0.991 |             -0.505 |             0.0805 |             0.0527 |              0.855 |
                730 |             -0.986 |             -0.508 |             0.0865 |             0.0527 |              0.837 |
                740 |             -0.972 |             -0.504 |             0.0916 |             0.0527 |               1.17 |
                750 |             -0.987 |             -0.511 |             0.0954 |             0.0527 |              0.856 |
                760 |              -0.96 |             -0.516 |             0.0976 |             0.0527 |              0.844 |
                770 |             -0.981 |             -0.484 |             0.0983 |             0.0527 |              0.848 |
                780 |             -0.938 |             -0.505 |             0.0968 |             0.0527 |              0.886 |
                790 |             -0.997 |             -0.494 |             0.0936 |             0.0527 |              0.857 |
                800 |             -0.975 |             -0.511 |             0.0895 |             0.0527 |              0.837 |
                810 |             -0.937 |             -0.518 |             0.0844 |             0.0527 |              0.846 |
                820 |             -0.958 |             -0.503 |             0.0783 |             0.0527 |              0.888 |
                830 |             -0.972 |             -0.501 |             0.0726 |             0.0527 |              0.857 |
                840 |             -0.994 |             -0.516 |             0.0679 |             0.0527 |               1.11 |
                850 |             -0.957 |             -0.479 |             0.0637 |             0.0527 |              0.866 |
                860 |             -0.963 |             -0.483 |             0.0602 |             0.0527 |              0.892 |
                870 |             -0.987 |             -0.503 |             0.0584 |             0.0527 |              0.855 |
                880 |             -0.977 |             -0.507 |             0.0573 |             0.0527 |               0.83 |
                890 |             -0.986 |             -0.517 |             0.0563 |             0.0527 |               0.85 |
                900 |              -1.01 |             -0.493 |             0.0569 |             0.0527 |               0.89 |
                910 |             -0.948 |             -0.501 |             0.0594 |             0.0527 |              0.855 |
                920 |             -0.981 |             -0.497 |             0.0632 |             0.0527 |                1.1 |
                930 |             -0.955 |              -0.49 |             0.0695 |             0.0527 |              0.854 |
                940 |             -0.964 |             -0.507 |             0.0785 |             0.0527 |              0.832 |
                950 |             -0.947 |             -0.488 |             0.0885 |             0.0527 |              0.858 |
                960 |                 -1 |             -0.492 |             0.0984 |             0.0527 |              0.889 |
                970 |             -0.993 |             -0.504 |              0.108 |             0.0527 |              0.861 |
                980 |             -0.956 |             -0.484 |              0.115 |             0.0527 |               0.83 |
                990 |             -0.963 |             -0.491 |              0.119 |             0.0527 |               0.85 |
Training complete: 
   Data path: /work/qgan_v4/data/train/base-qml_torch-q4-noiseless-REG-aerCPU-rand0-seed1 
   Best eval: 0.052741173144040976 
   Total time: 89.0452892780304

Running: /work/qgan_v4/data/train/base-qml_torch-q4-noiseless-REG-aerCPU-rand0.1-seed1/config.yaml
Training data file created.
              Epoch |     Generator cost | Discriminator cost |               Eval |          Best eval |               Time |
                  0 |             -0.801 |             -0.358 |               2.61 |               2.61 |              0.133 |
                 10 |             -0.762 |             -0.394 |               3.06 |               2.48 |              0.853 |
                 20 |             -0.808 |             -0.408 |               2.59 |               2.43 |              0.846 |
                 30 |             -0.872 |             -0.419 |                3.1 |                2.4 |              0.882 |
                 40 |             -0.821 |             -0.388 |               2.97 |               2.36 |              0.893 |
                 50 |             -0.917 |             -0.444 |               2.56 |               2.36 |              0.855 |
                 60 |               -0.9 |             -0.458 |               2.62 |               2.36 |              0.838 |
                 70 |             -0.869 |             -0.459 |               3.14 |               2.36 |              0.861 |
                 80 |             -0.861 |             -0.498 |               3.49 |               2.02 |               1.13 |
                 90 |             -0.888 |             -0.493 |               3.66 |               2.02 |              0.912 |
                100 |             -0.827 |             -0.504 |               2.09 |               2.02 |              0.875 |
                110 |             -0.849 |             -0.525 |                2.5 |               2.02 |              0.864 |
                120 |             -0.852 |             -0.549 |                2.9 |               2.02 |              0.862 |
                130 |             -0.838 |             -0.524 |               3.23 |               2.02 |              0.901 |
                140 |             -0.846 |             -0.575 |               2.38 |               1.92 |              0.866 |
                150 |             -0.799 |             -0.558 |               3.01 |                1.9 |               0.85 |
                160 |             -0.774 |             -0.562 |               4.07 |               1.88 |               1.19 |
                170 |             -0.814 |             -0.537 |               1.84 |               1.84 |               0.91 |
                180 |             -0.785 |             -0.527 |               2.98 |               1.84 |              0.869 |
                190 |             -0.827 |             -0.535 |               2.33 |               1.84 |              0.847 |
                200 |             -0.822 |             -0.526 |               2.09 |                1.6 |              0.882 |
                210 |             -0.833 |             -0.523 |               2.24 |               1.33 |              0.902 |
                220 |             -0.802 |             -0.531 |                1.4 |               1.16 |               0.87 |
                230 |             -0.797 |             -0.547 |               1.65 |               1.11 |              0.842 |
                240 |             -0.779 |             -0.547 |               2.35 |               1.11 |               1.15 |
                250 |             -0.801 |             -0.568 |               1.43 |               1.11 |               0.85 |
                260 |             -0.789 |             -0.572 |               1.82 |               1.11 |              0.901 |
                270 |             -0.749 |             -0.581 |               3.24 |               1.11 |              0.872 |
                280 |             -0.702 |             -0.562 |                1.4 |               1.11 |              0.858 |
                290 |             -0.736 |             -0.594 |               2.27 |               1.11 |              0.862 |
                300 |             -0.702 |             -0.576 |                  3 |               1.11 |              0.896 |
                310 |             -0.748 |             -0.549 |               1.64 |               1.11 |              0.867 |
                320 |             -0.759 |             -0.577 |               1.25 |               1.11 |              0.851 |
                330 |             -0.774 |             -0.585 |               2.16 |               1.06 |               1.17 |
                340 |             -0.762 |             -0.557 |               1.39 |               1.06 |              0.907 |
                350 |             -0.821 |              -0.56 |               1.03 |               1.03 |              0.865 |
                360 |             -0.786 |             -0.554 |              0.914 |              0.812 |              0.848 |
                370 |             -0.805 |             -0.571 |               1.01 |              0.782 |               0.86 |
                380 |             -0.805 |             -0.557 |               1.01 |              0.782 |              0.907 |
                390 |             -0.809 |             -0.585 |                  1 |              0.782 |              0.871 |
                400 |             -0.786 |             -0.582 |              0.574 |              0.574 |              0.847 |
                410 |             -0.774 |             -0.608 |               1.25 |              0.542 |               1.18 |
                420 |             -0.741 |             -0.592 |              0.646 |              0.542 |               0.91 |
                430 |             -0.842 |             -0.568 |              0.518 |              0.412 |              0.869 |
                440 |             -0.831 |             -0.545 |              0.301 |              0.299 |              0.837 |
                450 |              -0.86 |             -0.529 |              0.235 |              0.205 |              0.872 |
                460 |             -0.875 |             -0.539 |              0.204 |              0.142 |              0.845 |
                470 |             -0.971 |             -0.525 |             0.0755 |             0.0755 |              0.897 |
                480 |             -0.877 |             -0.499 |             0.0717 |             0.0656 |              0.866 |
                490 |             -0.953 |             -0.499 |             0.0336 |             0.0241 |              0.866 |
                500 |             -0.981 |             -0.494 |             0.0419 |             0.0241 |               1.14 |
                510 |             -0.993 |             -0.509 |              0.182 |             0.0241 |              0.905 |
                520 |             -0.934 |             -0.494 |              0.166 |             0.0241 |              0.875 |
                530 |             -0.987 |             -0.511 |             0.0814 |             0.0241 |              0.858 |
                540 |             -0.951 |             -0.517 |              0.158 |             0.0241 |              0.872 |
                550 |             -0.973 |             -0.495 |             0.0652 |             0.0241 |              0.902 |
                560 |             -0.947 |             -0.501 |              0.263 |             0.0241 |              0.868 |
                570 |             -0.992 |             -0.504 |               0.13 |             0.0241 |              0.851 |
                580 |             -0.992 |               -0.5 |              0.107 |             0.0241 |                1.2 |
                590 |             -0.992 |             -0.529 |             0.0855 |             0.0241 |              0.902 |
                600 |             -0.947 |             -0.497 |             0.0677 |             0.0241 |              0.867 |
                610 |             -0.959 |             -0.505 |             0.0649 |             0.0241 |              0.848 |
                620 |             -0.965 |             -0.506 |             0.0634 |             0.0241 |              0.884 |
                630 |             -0.963 |             -0.526 |             0.0433 |             0.0241 |              0.899 |
                640 |             -0.994 |             -0.497 |              0.177 |             0.0241 |              0.867 |
                650 |             -0.951 |             -0.522 |              0.178 |             0.0241 |              0.845 |
                660 |             -0.979 |             -0.495 |               0.11 |             0.0241 |               1.19 |
                670 |             -0.954 |             -0.514 |              0.233 |             0.0241 |              0.887 |
                680 |             -0.936 |             -0.485 |              0.221 |             0.0241 |              0.852 |
                690 |             -0.936 |             -0.484 |             0.0504 |             0.0241 |              0.847 |
                700 |                 -1 |             -0.514 |             0.0775 |             0.0241 |              0.866 |
                710 |             -0.968 |             -0.495 |              0.112 |             0.0241 |              0.851 |
                720 |             -0.945 |             -0.522 |              0.079 |             0.0241 |              0.893 |
                730 |             -0.958 |             -0.514 |             0.0952 |             0.0241 |              0.883 |
                740 |             -0.975 |             -0.485 |             0.0784 |             0.0241 |               0.86 |
                750 |             -0.946 |             -0.496 |             0.0668 |             0.0241 |               1.14 |
                760 |             -0.978 |             -0.505 |             0.0654 |             0.0241 |              0.917 |
                770 |              -0.97 |             -0.509 |             0.0462 |             0.0241 |              0.873 |
                780 |             -0.988 |             -0.507 |             0.0831 |             0.0241 |              0.858 |
                790 |             -0.991 |             -0.501 |             0.0774 |             0.0142 |              0.865 |
                800 |             -0.964 |             -0.519 |             0.0758 |             0.0142 |              0.907 |
                810 |             -0.993 |             -0.506 |             0.0537 |             0.0142 |              0.874 |
                820 |             -0.981 |             -0.517 |             0.0293 |             0.0119 |              0.851 |
                830 |             -0.945 |             -0.506 |              0.104 |             0.0119 |               1.16 |
                840 |             -0.955 |             -0.507 |             0.0648 |             0.0119 |              0.837 |
                850 |             -0.972 |             -0.495 |             0.0949 |             0.0119 |              0.892 |
                860 |             -0.965 |             -0.517 |             0.0416 |             0.0112 |              0.879 |
                870 |             -0.982 |             -0.521 |             0.0801 |             0.0108 |              0.863 |
                880 |             -0.978 |             -0.518 |             0.0644 |             0.0108 |              0.844 |
                890 |              -0.98 |             -0.512 |             0.0282 |             0.0108 |              0.898 |
                900 |             -0.973 |             -0.493 |             0.0337 |             0.0108 |              0.877 |
                910 |             -0.984 |             -0.519 |             0.0586 |             0.0108 |               1.15 |
                920 |             -0.989 |             -0.506 |             0.0998 |             0.0108 |              0.858 |
                930 |             -0.975 |             -0.514 |             0.0597 |             0.0108 |              0.911 |
                940 |             -0.967 |             -0.495 |             0.0635 |             0.0108 |              0.871 |
                950 |              -1.01 |             -0.521 |              0.149 |             0.0108 |              0.858 |
                960 |              -0.99 |             -0.499 |               0.11 |             0.0108 |              0.855 |
                970 |              -0.98 |             -0.522 |              0.126 |             0.0108 |              0.905 |
                980 |             -0.984 |              -0.51 |              0.129 |             0.0108 |              0.876 |
                990 |              -0.98 |             -0.516 |             0.0793 |             0.0108 |               1.13 |
Training complete: 
   Data path: /work/qgan_v4/data/train/base-qml_torch-q4-noiseless-REG-aerCPU-rand0.1-seed1 
   Best eval: 0.01083077665024143 
   Total time: 90.7177300453186

Running: /work/qgan_v4/data/train/base-qml_torch-q4-noiseless-REG-aerCPU-rand0-seed2/config.yaml
Training data file created.
              Epoch |     Generator cost | Discriminator cost |               Eval |          Best eval |               Time |
                  0 |              -0.93 |             -0.245 |                5.4 |                5.4 |               0.13 |
                 10 |             -0.971 |              -0.26 |               3.58 |               3.58 |              0.885 |
                 20 |             -0.973 |              -0.27 |               3.14 |               3.14 |              0.846 |
                 30 |             -0.956 |             -0.296 |               3.15 |               3.14 |              0.828 |
                 40 |             -0.948 |             -0.303 |                2.8 |                2.8 |              0.846 |
                 50 |             -0.927 |             -0.328 |               2.88 |               2.79 |              0.828 |
                 60 |             -0.898 |             -0.365 |               3.41 |               2.79 |              0.858 |
                 70 |             -0.903 |             -0.382 |               3.89 |               2.79 |               1.18 |
                 80 |             -0.848 |              -0.41 |               3.28 |               2.79 |              0.848 |
                 90 |             -0.915 |             -0.439 |               2.89 |               2.79 |              0.832 |
                100 |             -0.855 |             -0.452 |               2.83 |               2.79 |              0.861 |
                110 |             -0.897 |             -0.476 |               2.78 |               2.78 |              0.878 |
                120 |             -0.924 |             -0.472 |               2.74 |               2.71 |              0.846 |
                130 |             -0.883 |             -0.504 |               2.45 |               2.45 |              0.824 |
                140 |             -0.867 |              -0.52 |               2.07 |               2.07 |              0.858 |
                150 |             -0.858 |             -0.541 |               2.22 |               2.02 |              0.881 |
                160 |             -0.832 |             -0.549 |               1.46 |               1.46 |               1.14 |
                170 |             -0.845 |             -0.545 |               1.01 |               1.01 |              0.835 |
                180 |             -0.815 |             -0.533 |              0.708 |              0.708 |              0.871 |
                190 |              -0.89 |              -0.52 |              0.517 |              0.517 |              0.881 |
                200 |             -0.892 |             -0.548 |              0.414 |              0.414 |              0.852 |
                210 |             -0.908 |             -0.507 |              0.367 |              0.367 |              0.824 |
                220 |             -0.918 |             -0.516 |              0.331 |              0.331 |              0.853 |
                230 |              -0.95 |             -0.512 |              0.286 |              0.286 |              0.821 |
                240 |             -0.952 |             -0.512 |              0.229 |              0.229 |              0.861 |
                250 |             -0.923 |             -0.493 |              0.174 |              0.174 |               1.19 |
                260 |             -0.938 |              -0.48 |              0.131 |              0.131 |              0.865 |
                270 |             -0.937 |             -0.511 |              0.103 |              0.103 |              0.836 |
                280 |             -0.966 |              -0.48 |             0.0865 |             0.0865 |              0.881 |
                290 |             -0.967 |             -0.509 |             0.0727 |             0.0727 |              0.872 |
                300 |             -0.979 |             -0.508 |             0.0603 |             0.0603 |              0.839 |
                310 |             -0.954 |             -0.492 |             0.0519 |             0.0519 |              0.827 |
                320 |              -0.97 |             -0.492 |               0.05 |             0.0498 |              0.866 |
                330 |              -0.98 |               -0.5 |             0.0534 |             0.0498 |              0.872 |
                340 |             -0.939 |             -0.528 |             0.0583 |             0.0498 |               1.15 |
                350 |             -0.994 |             -0.483 |             0.0608 |             0.0498 |              0.833 |
                360 |             -0.979 |             -0.482 |             0.0603 |             0.0498 |              0.847 |
                370 |             -0.947 |             -0.502 |             0.0584 |             0.0498 |              0.836 |
                380 |             -0.968 |             -0.515 |             0.0558 |             0.0498 |              0.885 |
                390 |             -0.968 |             -0.512 |             0.0518 |             0.0498 |              0.853 |
                400 |             -0.944 |               -0.5 |             0.0459 |             0.0459 |              0.845 |
                410 |             -0.973 |             -0.491 |             0.0392 |             0.0392 |               0.84 |
                420 |             -0.919 |             -0.491 |             0.0336 |             0.0336 |               1.18 |
                430 |             -0.938 |             -0.487 |               0.03 |               0.03 |              0.858 |
                440 |             -0.961 |             -0.491 |             0.0275 |             0.0275 |              0.827 |
                450 |             -0.962 |             -0.501 |             0.0251 |             0.0251 |               0.85 |
                460 |             -0.944 |             -0.494 |             0.0223 |             0.0223 |              0.888 |
                470 |             -0.944 |             -0.507 |              0.019 |              0.019 |              0.857 |
                480 |              -0.94 |             -0.502 |             0.0163 |             0.0163 |              0.831 |
                490 |             -0.952 |             -0.498 |             0.0154 |             0.0154 |              0.846 |
                500 |             -0.956 |             -0.494 |             0.0158 |             0.0154 |              0.885 |
                510 |             -0.929 |              -0.49 |             0.0157 |             0.0154 |               0.85 |
                520 |             -0.952 |             -0.487 |             0.0148 |             0.0148 |               1.11 |
                530 |             -0.946 |             -0.498 |              0.015 |             0.0147 |               0.87 |
                540 |              -0.93 |             -0.502 |              0.016 |             0.0147 |              0.892 |
                550 |             -0.953 |             -0.506 |             0.0133 |             0.0133 |              0.851 |
                560 |              -0.94 |             -0.506 |            0.00844 |            0.00844 |               0.83 |
                570 |             -0.963 |             -0.483 |             0.0107 |            0.00799 |              0.846 |
                580 |             -0.968 |             -0.498 |             0.0205 |            0.00799 |              0.823 |
                590 |             -0.926 |               -0.5 |              0.023 |            0.00799 |              0.857 |
                600 |             -0.938 |             -0.491 |             0.0149 |            0.00799 |               1.18 |
                610 |             -0.945 |              -0.49 |             0.0143 |            0.00799 |              0.851 |
                620 |             -0.973 |             -0.491 |             0.0309 |            0.00799 |              0.833 |
                630 |             -0.992 |             -0.525 |             0.0399 |            0.00799 |              0.882 |
                640 |             -0.976 |             -0.496 |             0.0236 |            0.00799 |              0.868 |
                650 |              -0.95 |             -0.504 |            0.00913 |            0.00799 |              0.846 |
                660 |             -0.987 |             -0.497 |             0.0271 |            0.00799 |              0.836 |
                670 |             -0.977 |             -0.503 |             0.0586 |            0.00799 |              0.872 |
                680 |              -0.96 |             -0.503 |             0.0561 |            0.00799 |              0.875 |
                690 |             -0.969 |             -0.476 |             0.0294 |            0.00799 |               1.13 |
                700 |             -0.972 |             -0.485 |             0.0152 |            0.00799 |              0.838 |
                710 |             -0.945 |             -0.498 |             0.0242 |            0.00799 |              0.882 |
                720 |             -0.957 |             -0.498 |             0.0406 |            0.00799 |              0.875 |
                730 |             -0.949 |             -0.504 |             0.0355 |            0.00799 |              0.837 |
                740 |             -0.954 |             -0.507 |             0.0169 |            0.00799 |              0.832 |
                750 |             -0.949 |             -0.499 |            0.00735 |            0.00735 |               0.85 |
                760 |             -0.962 |             -0.504 |             0.0102 |            0.00706 |              0.829 |
                770 |             -0.981 |             -0.528 |             0.0161 |            0.00706 |              0.883 |
                780 |             -0.958 |             -0.518 |             0.0123 |            0.00706 |              0.848 |
                790 |             -0.969 |             -0.495 |            0.00591 |            0.00591 |               1.15 |
                800 |              -1.02 |             -0.477 |              0.005 |            0.00495 |              0.863 |
                810 |             -0.961 |             -0.504 |            0.00618 |            0.00495 |              0.887 |
                820 |             -0.979 |             -0.505 |            0.00845 |            0.00495 |               0.85 |
                830 |             -0.978 |             -0.494 |            0.00573 |            0.00495 |               0.83 |
                840 |              -1.01 |             -0.523 |            0.00234 |            0.00234 |              0.845 |
                850 |             -0.986 |             -0.514 |             0.0032 |             0.0023 |              0.883 |
                860 |             -0.989 |             -0.492 |            0.00379 |             0.0023 |              0.849 |
                870 |             -0.966 |             -0.496 |            0.00479 |             0.0023 |               1.13 |
                880 |             -0.972 |             -0.486 |            0.00328 |             0.0023 |              0.866 |
                890 |             -0.979 |             -0.518 |            0.00204 |            0.00194 |              0.886 |
                900 |                 -1 |             -0.506 |            0.00325 |            0.00194 |              0.854 |
                910 |             -0.969 |             -0.503 |             0.0021 |            0.00194 |               0.83 |
                920 |             -0.954 |             -0.488 |            0.00278 |            0.00194 |              0.862 |
                930 |             -0.965 |             -0.498 |            0.00244 |            0.00194 |              0.888 |
                940 |             -0.986 |             -0.505 |            0.00138 |            0.00126 |              0.849 |
                950 |             -0.938 |             -0.486 |            0.00315 |            0.00126 |                1.1 |
                960 |             -0.982 |             -0.488 |            0.00168 |            0.00126 |              0.865 |
                970 |             -0.967 |             -0.513 |            0.00204 |            0.00126 |              0.838 |
                980 |             -0.971 |             -0.509 |            0.00267 |            0.00126 |              0.888 |
                990 |             -0.986 |             -0.491 |            0.00124 |            0.00121 |              0.852 |
Training complete: 
   Data path: /work/qgan_v4/data/train/base-qml_torch-q4-noiseless-REG-aerCPU-rand0-seed2 
   Best eval: 0.0012138125964342716 
   Total time: 88.73275804519653

Running: /work/qgan_v4/data/train/base-qml_torch-q4-noiseless-REG-aerCPU-rand0.1-seed2/config.yaml
Training data file created.
              Epoch |     Generator cost | Discriminator cost |               Eval |          Best eval |               Time |
                  0 |             -0.943 |             -0.249 |               4.76 |               4.76 |              0.125 |
                 10 |              -0.86 |              -0.26 |               3.81 |               2.36 |              0.843 |
                 20 |             -0.998 |             -0.271 |               2.99 |               2.36 |              0.895 |
                 30 |             -0.986 |             -0.287 |               2.85 |               2.36 |              0.857 |
                 40 |             -0.884 |             -0.286 |               2.83 |               2.36 |               1.12 |
                 50 |             -0.935 |             -0.284 |               3.07 |               2.36 |              0.881 |
                 60 |             -0.937 |             -0.319 |               4.13 |               2.36 |              0.908 |
                 70 |             -0.917 |             -0.349 |               4.77 |               2.36 |              0.868 |
                 80 |             -0.911 |             -0.375 |                4.6 |               2.36 |              0.841 |
                 90 |             -0.854 |             -0.426 |               3.04 |               2.36 |              0.863 |
                100 |             -0.846 |             -0.445 |               3.05 |               2.36 |                0.9 |
                110 |             -0.862 |             -0.481 |               2.22 |               1.91 |              0.865 |
                120 |             -0.822 |             -0.493 |               2.69 |               1.91 |              0.842 |
                130 |             -0.841 |             -0.537 |               2.91 |               1.59 |               1.17 |
                140 |             -0.883 |             -0.511 |               1.61 |               1.59 |               0.84 |
                150 |             -0.851 |             -0.515 |               3.63 |               1.59 |              0.898 |
                160 |             -0.879 |             -0.498 |               2.83 |               1.56 |               0.86 |
                170 |             -0.897 |             -0.505 |                2.6 |               1.56 |              0.866 |
                180 |             -0.892 |             -0.518 |               2.12 |               1.43 |              0.838 |
                190 |             -0.861 |             -0.513 |               2.27 |               1.43 |              0.893 |
                200 |             -0.884 |             -0.538 |               2.11 |               1.43 |              0.858 |
                210 |             -0.849 |             -0.554 |               2.16 |               1.43 |               1.15 |
                220 |             -0.825 |             -0.555 |               1.33 |               1.28 |              0.867 |
                230 |              -0.83 |             -0.559 |               1.59 |                1.2 |              0.899 |
                240 |             -0.835 |             -0.567 |               1.58 |               1.18 |              0.864 |
                250 |             -0.826 |             -0.572 |               1.39 |              0.864 |              0.839 |
                260 |             -0.742 |              -0.56 |               1.34 |              0.766 |              0.865 |
                270 |             -0.677 |             -0.541 |               1.63 |              0.692 |              0.898 |
                280 |             -0.683 |             -0.565 |               1.03 |              0.607 |              0.862 |
                290 |             -0.674 |             -0.567 |               1.27 |              0.607 |               1.14 |
                300 |             -0.579 |             -0.586 |              0.948 |              0.585 |              0.899 |
                310 |             -0.618 |             -0.544 |              0.451 |              0.423 |              0.905 |
                320 |             -0.575 |             -0.553 |              0.919 |              0.379 |               0.86 |
                330 |             -0.491 |             -0.559 |              0.364 |              0.251 |              0.834 |
                340 |             -0.467 |             -0.557 |              0.643 |              0.251 |              0.862 |
                350 |              -0.61 |             -0.532 |              0.308 |              0.251 |              0.839 |
                360 |             -0.624 |              -0.51 |              0.547 |              0.171 |              0.897 |
                370 |             -0.644 |              -0.51 |              0.415 |              0.171 |               0.86 |
                380 |             -0.695 |             -0.541 |              0.544 |              0.171 |               1.14 |
                390 |             -0.669 |             -0.559 |              0.466 |              0.171 |              0.851 |
                400 |             -0.696 |             -0.541 |              0.426 |              0.171 |              0.896 |
                410 |             -0.801 |             -0.582 |              0.598 |              0.171 |               0.86 |
                420 |             -0.798 |              -0.51 |              0.431 |              0.171 |              0.851 |
                430 |             -0.873 |             -0.525 |              0.158 |              0.158 |               0.86 |
                440 |             -0.908 |             -0.506 |              0.215 |              0.158 |              0.894 |
                450 |             -0.931 |             -0.502 |              0.252 |              0.158 |              0.857 |
                460 |             -0.886 |             -0.498 |              0.461 |              0.158 |               0.84 |
                470 |             -0.926 |             -0.527 |              0.203 |              0.158 |               1.16 |
                480 |             -0.863 |             -0.517 |              0.207 |              0.158 |              0.907 |
                490 |             -0.838 |             -0.527 |              0.196 |             0.0926 |               0.86 |
                500 |             -0.888 |             -0.516 |                0.3 |             0.0892 |              0.838 |
                510 |              -0.83 |             -0.543 |              0.204 |             0.0545 |               0.88 |
                520 |             -0.827 |             -0.547 |              0.134 |             0.0458 |              0.895 |
                530 |             -0.763 |             -0.529 |             0.0629 |             0.0364 |              0.859 |
                540 |             -0.701 |              -0.57 |             0.0995 |             0.0364 |              0.831 |
                550 |             -0.637 |             -0.581 |             0.0797 |             0.0364 |               1.21 |
                560 |             -0.561 |             -0.609 |              0.109 |             0.0364 |              0.894 |
                570 |             -0.481 |              -0.65 |              0.317 |             0.0364 |              0.852 |
                580 |             -0.435 |             -0.727 |              0.172 |             0.0364 |              0.837 |
                590 |             -0.364 |             -0.755 |              0.261 |             0.0364 |              0.855 |
                600 |             -0.423 |             -0.783 |               1.59 |             0.0364 |              0.838 |
                610 |             -0.532 |             -0.744 |               1.28 |             0.0364 |              0.883 |
                620 |             -0.665 |             -0.703 |               1.12 |             0.0364 |              0.883 |
                630 |             -0.651 |             -0.619 |               1.69 |             0.0364 |              0.843 |
                640 |             -0.723 |             -0.599 |               1.47 |             0.0364 |               1.14 |
                650 |             -0.758 |             -0.568 |               1.06 |             0.0364 |              0.909 |
                660 |             -0.842 |             -0.514 |               1.94 |             0.0364 |              0.876 |
                670 |             -0.865 |             -0.504 |                1.1 |             0.0364 |              0.853 |
                680 |             -0.895 |             -0.473 |              0.922 |             0.0364 |              0.848 |
                690 |              -0.88 |             -0.502 |               1.77 |             0.0364 |              0.904 |
                700 |              -0.87 |             -0.522 |               1.12 |             0.0364 |               0.88 |
                710 |             -0.838 |             -0.531 |              0.728 |             0.0364 |              0.845 |
                720 |             -0.854 |              -0.53 |              0.868 |             0.0364 |               1.17 |
                730 |             -0.833 |             -0.508 |               1.08 |             0.0364 |              0.842 |
                740 |             -0.877 |             -0.504 |              0.824 |             0.0364 |              0.892 |
                750 |             -0.892 |             -0.524 |              0.861 |             0.0364 |              0.895 |
                760 |             -0.894 |             -0.488 |              0.726 |             0.0364 |              0.857 |
                770 |             -0.913 |             -0.476 |              0.745 |             0.0364 |              0.835 |
                780 |             -0.938 |             -0.516 |              0.744 |             0.0364 |              0.888 |
                790 |             -0.897 |             -0.507 |              0.957 |             0.0364 |              0.888 |
                800 |             -0.949 |             -0.494 |              0.787 |             0.0364 |               1.15 |
                810 |             -0.916 |             -0.503 |              0.723 |             0.0364 |              0.842 |
                820 |             -0.928 |             -0.499 |              0.811 |             0.0364 |              0.896 |
                830 |             -0.966 |             -0.517 |              0.636 |             0.0364 |              0.881 |
                840 |             -0.946 |             -0.515 |              0.769 |             0.0364 |              0.851 |
                850 |             -0.895 |             -0.504 |              0.588 |             0.0364 |              0.841 |
                860 |             -0.939 |             -0.517 |              0.715 |             0.0364 |              0.893 |
                870 |             -0.963 |             -0.509 |               1.03 |             0.0364 |              0.885 |
                880 |             -0.939 |             -0.536 |               1.18 |             0.0364 |               0.85 |
                890 |             -0.948 |             -0.505 |              0.738 |             0.0364 |               1.13 |
                900 |             -0.914 |             -0.519 |              0.682 |             0.0364 |              0.863 |
                910 |              -0.92 |             -0.496 |              0.993 |             0.0364 |              0.889 |
                920 |             -0.919 |             -0.523 |              0.655 |             0.0364 |              0.888 |
                930 |             -0.892 |             -0.527 |              0.722 |             0.0364 |              0.863 |
                940 |               -0.9 |             -0.519 |              0.575 |             0.0364 |              0.835 |
                950 |             -0.928 |             -0.491 |              0.679 |             0.0364 |              0.892 |
                960 |             -0.917 |             -0.525 |              0.797 |             0.0364 |              0.879 |
                970 |             -0.879 |             -0.542 |              0.826 |             0.0364 |              0.848 |
                980 |              -0.86 |             -0.541 |               1.23 |             0.0364 |               1.14 |
                990 |             -0.888 |             -0.553 |                0.9 |             0.0364 |              0.904 |
Training complete: 
   Data path: /work/qgan_v4/data/train/base-qml_torch-q4-noiseless-REG-aerCPU-rand0.1-seed2 
   Best eval: 0.036377327634683126 
   Total time: 90.26302433013916

Running: /work/qgan_v4/data/train/ang-qml_torch-q4-noiseless-PSR-aerCPU-rand0-seed0/config.yaml
Training data file created.
              Epoch |     Generator cost | Discriminator cost |               Eval |          Best eval |               Time |
                  0 |             -0.923 |             -0.329 |             0.0287 |             0.0287 |               2.74 |
                 10 |             -0.981 |             -0.323 |             0.0389 |             0.0256 |               27.3 |
                 20 |             -0.964 |             -0.365 |             0.0307 |             0.0173 |               26.8 |
                 30 |             -0.953 |             -0.388 |             0.0377 |             0.0173 |               27.4 |
                 40 |             -0.944 |              -0.43 |             0.0755 |             0.0173 |               27.7 |
                 50 |             -0.947 |             -0.463 |             0.0947 |             0.0173 |               27.1 |
                 60 |             -0.955 |             -0.474 |             0.0761 |             0.0173 |               27.3 |
                 70 |             -0.922 |             -0.483 |             0.0863 |             0.0173 |               26.6 |
                 80 |             -0.924 |             -0.478 |             0.0833 |             0.0173 |               27.4 |
                 90 |             -0.906 |             -0.486 |             0.0579 |             0.0173 |               26.6 |
                100 |             -0.921 |             -0.485 |             0.0297 |             0.0173 |                 27 |
                110 |             -0.917 |             -0.485 |             0.0106 |             0.0106 |               27.6 |
                120 |             -0.927 |             -0.481 |            0.00246 |            0.00246 |               27.1 |
                130 |             -0.936 |             -0.472 |             0.0374 |            0.00246 |               27.7 |
                140 |             -0.949 |             -0.483 |             0.0945 |            0.00246 |               27.4 |
                150 |             -0.944 |              -0.49 |              0.144 |            0.00246 |               27.2 |
                160 |              -0.94 |             -0.488 |               0.17 |            0.00246 |                 27 |
                170 |             -0.936 |              -0.51 |              0.167 |            0.00246 |               27.3 |
                180 |             -0.922 |             -0.516 |              0.159 |            0.00246 |               27.4 |
                190 |             -0.924 |             -0.506 |              0.156 |            0.00246 |               27.1 |
                200 |             -0.926 |             -0.517 |              0.181 |            0.00246 |               27.3 |
                210 |              -0.93 |             -0.511 |              0.161 |            0.00246 |               27.2 |
                220 |             -0.941 |             -0.502 |              0.154 |            0.00246 |               27.2 |
                230 |             -0.961 |             -0.504 |              0.146 |            0.00246 |               27.1 |
                240 |             -0.961 |             -0.509 |              0.112 |            0.00246 |               27.5 |
                250 |             -0.984 |             -0.505 |             0.0915 |            0.00246 |               27.5 |
                260 |             -0.975 |             -0.485 |             0.0859 |            0.00246 |                 27 |
                270 |             -0.998 |             -0.491 |             0.0721 |            0.00246 |               27.4 |
                280 |             -0.988 |             -0.494 |             0.0771 |            0.00246 |               27.5 |
                290 |             -0.998 |              -0.49 |             0.0662 |            0.00246 |               27.1 |
                300 |             -0.992 |              -0.49 |             0.0643 |            0.00246 |                 27 |
                310 |             -0.986 |             -0.502 |             0.0767 |            0.00246 |               27.2 |
                320 |              -1.01 |             -0.498 |             0.0862 |            0.00246 |               27.7 |
                330 |                 -1 |             -0.494 |             0.0867 |            0.00246 |               26.9 |
                340 |                 -1 |             -0.504 |             0.0857 |            0.00246 |               27.1 |
                350 |             -0.987 |             -0.499 |             0.0794 |            0.00246 |               27.4 |
                360 |             -0.979 |             -0.495 |             0.0966 |            0.00246 |               26.8 |
                370 |             -0.985 |             -0.503 |             0.0878 |            0.00246 |               27.1 |
                380 |             -0.993 |             -0.511 |               0.09 |            0.00246 |               27.3 |
                390 |             -0.991 |             -0.498 |             0.0814 |            0.00246 |               26.8 |
                400 |             -0.998 |             -0.503 |             0.0617 |            0.00246 |               27.4 |
                410 |              -1.01 |             -0.494 |             0.0712 |            0.00246 |               26.7 |
                420 |                 -1 |             -0.493 |             0.0819 |            0.00246 |                 27 |
                430 |                 -1 |             -0.494 |             0.0704 |            0.00246 |               27.4 |
                440 |              -1.02 |             -0.505 |             0.0769 |            0.00246 |               27.6 |
                450 |             -0.995 |             -0.497 |             0.0663 |            0.00246 |               27.1 |
                460 |                 -1 |             -0.499 |             0.0689 |            0.00246 |               27.3 |
                470 |              -1.01 |             -0.493 |             0.0845 |            0.00246 |               27.8 |
                480 |              -1.01 |             -0.501 |             0.0886 |            0.00246 |               26.7 |
                490 |                 -1 |             -0.495 |             0.0745 |            0.00246 |               26.8 |
                500 |             -0.999 |             -0.496 |              0.106 |            0.00246 |               27.1 |
                510 |             -0.986 |             -0.495 |             0.0857 |            0.00246 |               27.4 |
                520 |             -0.992 |             -0.489 |             0.0993 |            0.00246 |               27.1 |
                530 |             -0.998 |             -0.502 |             0.0967 |            0.00246 |               26.5 |
                540 |              -1.01 |             -0.504 |             0.0963 |            0.00246 |               27.5 |
                550 |             -0.989 |             -0.498 |              0.103 |            0.00246 |               27.1 |
                560 |             -0.993 |             -0.495 |             0.0986 |            0.00246 |               27.2 |
                570 |                 -1 |             -0.495 |             0.0907 |            0.00246 |               27.2 |
                580 |                 -1 |             -0.502 |              0.103 |            0.00246 |               27.2 |
                590 |             -0.995 |             -0.497 |              0.109 |            0.00246 |                 27 |
                600 |                 -1 |             -0.509 |             0.0917 |            0.00246 |               27.1 |
                610 |             -0.991 |             -0.498 |              0.108 |            0.00246 |               27.1 |
                620 |             -0.998 |             -0.498 |             0.0947 |            0.00246 |               26.9 |
                630 |              -1.01 |             -0.499 |              0.108 |            0.00246 |               26.6 |
                640 |             -0.997 |             -0.497 |             0.0883 |            0.00246 |               27.3 |
                650 |             -0.998 |             -0.505 |             0.0991 |            0.00246 |               26.9 |
                660 |              -0.99 |               -0.5 |              0.104 |            0.00246 |               27.1 |
                670 |             -0.987 |             -0.504 |             0.0911 |            0.00246 |               27.1 |
                680 |             -0.993 |             -0.501 |             0.0972 |            0.00246 |               26.9 |
                690 |             -0.994 |             -0.499 |             0.0797 |            0.00246 |               27.5 |
                700 |              -1.01 |             -0.495 |             0.0836 |            0.00246 |               27.8 |
                710 |             -0.994 |             -0.512 |             0.0709 |            0.00246 |               26.6 |
                720 |             -0.989 |             -0.505 |             0.0652 |            0.00246 |               27.4 |
                730 |             -0.982 |             -0.501 |             0.0604 |            0.00246 |               26.7 |
                740 |             -0.983 |             -0.505 |              0.057 |            0.00246 |               27.2 |
                750 |             -0.969 |             -0.486 |             0.0304 |            0.00246 |               27.2 |
                760 |             -0.944 |             -0.499 |             0.0229 |            0.00246 |               26.8 |
                770 |             -0.937 |             -0.489 |             0.0078 |            0.00246 |               27.1 |
                780 |             -0.937 |             -0.502 |            0.00101 |            0.00101 |               26.8 |
                790 |             -0.941 |             -0.499 |            0.00395 |            1.3e-07 |                 27 |
                800 |             -0.928 |             -0.499 |             0.0192 |            1.3e-07 |               27.4 |
                810 |             -0.915 |             -0.505 |              0.058 |            1.3e-07 |               26.8 |
                820 |             -0.922 |             -0.495 |             0.0974 |            1.3e-07 |               27.3 |
                830 |             -0.923 |             -0.502 |              0.117 |            1.3e-07 |               27.6 |
                840 |             -0.939 |             -0.509 |              0.154 |            1.3e-07 |               27.2 |
                850 |             -0.929 |             -0.498 |              0.179 |            1.3e-07 |               27.6 |
                860 |              -0.95 |             -0.489 |              0.195 |            1.3e-07 |                 27 |
                870 |             -0.952 |             -0.502 |              0.216 |            1.3e-07 |               27.1 |
                880 |             -0.967 |             -0.497 |              0.229 |            1.3e-07 |               27.4 |
                890 |             -0.971 |             -0.508 |              0.219 |            1.3e-07 |               26.8 |
                900 |             -0.942 |             -0.517 |              0.215 |            1.3e-07 |               27.1 |
                910 |             -0.911 |             -0.524 |              0.217 |            1.3e-07 |               27.1 |
                920 |             -0.859 |             -0.529 |              0.174 |            1.3e-07 |               26.8 |
                930 |             -0.818 |             -0.538 |              0.135 |            1.3e-07 |               27.6 |
                940 |             -0.703 |              -0.56 |             0.0847 |            1.3e-07 |               26.8 |
                950 |             -0.666 |              -0.56 |             0.0875 |            1.3e-07 |               27.4 |
                960 |             -0.757 |             -0.503 |              0.287 |            1.3e-07 |               27.3 |
                970 |             -0.857 |             -0.449 |              0.411 |            1.3e-07 |               27.3 |
                980 |              -0.88 |             -0.488 |              0.324 |            1.3e-07 |               26.8 |
                990 |             -0.916 |             -0.503 |             0.0321 |            1.3e-07 |               26.8 |
Training complete: 
   Data path: /work/qgan_v4/data/train/ang-qml_torch-q4-noiseless-PSR-aerCPU-rand0-seed0 
   Best eval: -0.0 
   Total time: 2716.3326091766357

Running: /work/qgan_v4/data/train/ang-qml_torch-q4-noiseless-PSR-aerCPU-rand0.1-seed0/config.yaml
Training data file created.
              Epoch |     Generator cost | Discriminator cost |               Eval |          Best eval |               Time |
                  0 |             -0.742 |             -0.404 |             0.0135 |             0.0135 |               2.47 |
                 10 |             -0.832 |             -0.415 |             0.0147 |           0.000561 |               27.3 |
                 20 |             -0.895 |             -0.412 |             0.0209 |           0.000561 |               27.1 |
                 30 |               -0.9 |             -0.427 |               0.02 |           0.000561 |               27.1 |
                 40 |             -0.853 |             -0.503 |             0.0197 |           0.000561 |               27.5 |
                 50 |             -0.869 |             -0.496 |             0.0212 |           0.000561 |               27.5 |
                 60 |             -0.908 |             -0.511 |             0.0153 |           0.000561 |               26.8 |
                 70 |             -0.914 |             -0.518 |            0.00548 |           0.000561 |               27.3 |
                 80 |             -0.916 |             -0.504 |            0.00194 |           0.000561 |                 27 |
                 90 |             -0.936 |             -0.516 |            0.00148 |           0.000561 |               27.1 |
                100 |             -0.939 |             -0.523 |            0.00405 |                 -0 |               26.9 |
                110 |             -0.924 |             -0.507 |                 -0 |                 -0 |               27.3 |
                120 |             -0.922 |             -0.518 |            0.00116 |                 -0 |               27.6 |
                130 |              -0.91 |             -0.523 |            0.00549 |                 -0 |               27.4 |
                140 |             -0.918 |             -0.498 |              0.024 |                 -0 |                 27 |
                150 |             -0.918 |             -0.512 |               0.02 |                 -0 |               27.2 |
                160 |             -0.904 |             -0.523 |             0.0309 |                 -0 |               27.6 |
                170 |             -0.921 |             -0.502 |             0.0235 |                 -0 |               27.9 |
                180 |             -0.935 |             -0.496 |             0.0176 |                 -0 |               27.4 |
                190 |             -0.942 |             -0.507 |             0.0188 |                 -0 |               26.9 |
                200 |             -0.959 |             -0.511 |             0.0318 |                 -0 |               27.2 |
                210 |             -0.943 |             -0.516 |              0.022 |                 -0 |               27.1 |
                220 |             -0.959 |             -0.518 |             0.0115 |                 -0 |                 27 |
                230 |             -0.958 |              -0.51 |            0.00548 |                 -0 |               28.1 |
                240 |             -0.948 |             -0.508 |                 -0 |                 -0 |               26.8 |
                250 |             -0.956 |             -0.522 |                 -0 |                 -0 |               27.1 |
                260 |             -0.959 |              -0.51 |           0.000807 |                 -0 |                 27 |
                270 |             -0.944 |             -0.507 |            0.00348 |                 -0 |               27.2 |
                280 |             -0.957 |             -0.507 |            0.00166 |                 -0 |               27.4 |
                290 |             -0.943 |             -0.504 |             0.0152 |                 -0 |               27.7 |
                300 |             -0.957 |              -0.51 |            0.00312 |                 -0 |               27.5 |
                310 |             -0.975 |             -0.519 |             0.0079 |                 -0 |               27.3 |
                320 |             -0.968 |               -0.5 |            0.00264 |                 -0 |               27.2 |
                330 |              -0.96 |             -0.511 |                 -0 |                 -0 |               27.4 |
                340 |             -0.949 |             -0.509 |                 -0 |                 -0 |               27.1 |
                350 |             -0.966 |             -0.507 |                 -0 |                 -0 |               27.1 |
                360 |             -0.938 |             -0.516 |                 -0 |                 -0 |               27.9 |
                370 |             -0.954 |             -0.511 |            0.00295 |                 -0 |               27.7 |
                380 |             -0.973 |             -0.508 |             0.0157 |                 -0 |               27.8 |
                390 |             -0.953 |             -0.498 |            0.00509 |                 -0 |               27.3 |
                400 |             -0.942 |             -0.502 |            0.00978 |                 -0 |               27.8 |
                410 |             -0.961 |               -0.5 |            0.00521 |                 -0 |               27.1 |
                420 |             -0.948 |             -0.501 |             0.0205 |                 -0 |               27.6 |
                430 |             -0.974 |             -0.514 |            0.00878 |                 -0 |               26.9 |
                440 |             -0.976 |              -0.51 |            0.00657 |                 -0 |                 27 |
                450 |             -0.969 |             -0.507 |            0.00258 |                 -0 |               27.7 |
                460 |             -0.959 |             -0.509 |                 -0 |                 -0 |               27.3 |
                470 |             -0.972 |             -0.508 |            0.00217 |                 -0 |               27.2 |
                480 |              -0.97 |             -0.514 |                 -0 |                 -0 |               27.7 |
                490 |             -0.958 |             -0.519 |                 -0 |                 -0 |               26.5 |
                500 |             -0.949 |             -0.511 |           0.000938 |                 -0 |               27.2 |
                510 |             -0.983 |             -0.513 |           0.000137 |                 -0 |               27.1 |
                520 |             -0.966 |             -0.513 |                 -0 |                 -0 |               27.4 |
                530 |             -0.977 |             -0.505 |            0.00151 |                 -0 |               27.4 |
                540 |             -0.979 |             -0.516 |                 -0 |                 -0 |               27.8 |
                550 |             -0.955 |             -0.517 |            0.00148 |                 -0 |               27.5 |
                560 |             -0.974 |             -0.504 |            0.00102 |                 -0 |               27.5 |
                570 |             -0.977 |             -0.506 |                 -0 |                 -0 |               27.8 |
                580 |             -0.954 |             -0.516 |                 -0 |                 -0 |               27.7 |
                590 |             -0.963 |             -0.502 |           0.000187 |                 -0 |               27.2 |
                600 |             -0.975 |              -0.51 |            0.00537 |                 -0 |               27.8 |
                610 |             -0.979 |             -0.508 |                 -0 |                 -0 |                 27 |
                620 |             -0.973 |             -0.507 |                 -0 |                 -0 |               26.8 |
                630 |             -0.973 |             -0.512 |            0.00145 |                 -0 |               27.3 |
                640 |             -0.976 |             -0.511 |                 -0 |                 -0 |               27.3 |
                650 |             -0.973 |             -0.499 |                 -0 |                 -0 |               27.1 |
                660 |             -0.981 |             -0.507 |           0.000988 |                 -0 |               26.7 |
                670 |             -0.978 |             -0.523 |            0.00199 |                 -0 |               27.7 |
                680 |             -0.981 |             -0.503 |           0.000284 |                 -0 |               26.8 |
                690 |             -0.972 |             -0.513 |            0.00112 |                 -0 |               26.7 |
                700 |             -0.958 |             -0.516 |                 -0 |                 -0 |               27.3 |
                710 |             -0.976 |              -0.51 |           0.000903 |                 -0 |               26.6 |
                720 |             -0.995 |              -0.51 |           0.000381 |                 -0 |               26.8 |
                730 |             -0.966 |             -0.512 |                 -0 |                 -0 |               26.4 |
                740 |             -0.985 |             -0.507 |           0.000476 |                 -0 |                 28 |
                750 |             -0.964 |             -0.507 |                 -0 |                 -0 |               26.7 |
                760 |             -0.987 |             -0.508 |            0.00197 |                 -0 |               26.9 |
                770 |             -0.977 |             -0.499 |                 -0 |                 -0 |               27.8 |
                780 |             -0.966 |             -0.516 |                 -0 |                 -0 |               27.3 |
                790 |             -0.988 |             -0.508 |            0.00388 |                 -0 |               27.2 |
                800 |              -0.97 |             -0.509 |            0.00409 |                 -0 |               27.3 |
                810 |             -0.986 |              -0.51 |           0.000182 |                 -0 |               27.4 |
                820 |             -0.971 |             -0.508 |            0.00153 |                 -0 |               26.9 |
                830 |             -0.979 |             -0.514 |            0.00106 |                 -0 |               27.6 |
                840 |             -0.983 |             -0.504 |           0.000354 |                 -0 |               27.2 |
                850 |             -0.991 |             -0.504 |                 -0 |                 -0 |               27.1 |
                860 |             -0.985 |             -0.513 |                 -0 |                 -0 |               27.2 |
                870 |             -0.966 |             -0.512 |            0.00338 |                 -0 |               27.5 |
                880 |             -0.968 |             -0.514 |                 -0 |                 -0 |               27.3 |
                890 |                 -1 |              -0.51 |            0.00118 |                 -0 |               27.1 |
                900 |             -0.978 |             -0.507 |           0.000739 |                 -0 |               27.6 |
                910 |             -0.975 |             -0.522 |                 -0 |                 -0 |               27.2 |
                920 |             -0.981 |             -0.509 |                 -0 |                 -0 |               26.9 |
                930 |             -0.985 |             -0.498 |                 -0 |                 -0 |               27.9 |
                940 |             -0.988 |             -0.505 |                 -0 |                 -0 |               27.6 |
                950 |             -0.978 |             -0.508 |           0.000699 |                 -0 |                 26 |
                960 |             -0.983 |             -0.511 |                 -0 |                 -0 |               27.6 |
                970 |             -0.983 |             -0.508 |                 -0 |                 -0 |               27.4 |
                980 |             -0.963 |              -0.51 |            0.00153 |                 -0 |               27.9 |
                990 |             -0.979 |             -0.518 |           0.000758 |                 -0 |               26.7 |
Training complete: 
   Data path: /work/qgan_v4/data/train/ang-qml_torch-q4-noiseless-PSR-aerCPU-rand0.1-seed0 
   Best eval: -0.0 
   Total time: 2727.44722366333

Running: /work/qgan_v4/data/train/ang-qml_torch-q4-noiseless-PSR-aerCPU-rand0-seed1/config.yaml
Training data file created.
              Epoch |     Generator cost | Discriminator cost |               Eval |          Best eval |               Time |
                  0 |             -0.798 |             -0.504 |             0.0354 |             0.0354 |               2.45 |
                 10 |              -0.82 |             -0.508 |             0.0346 |             0.0202 |                 27 |
                 20 |             -0.847 |             -0.517 |             0.0208 |             0.0132 |               26.8 |
                 30 |             -0.882 |             -0.505 |             0.0115 |             0.0115 |               27.3 |
                 40 |             -0.911 |             -0.513 |             0.0255 |             0.0115 |               26.5 |
                 50 |             -0.924 |             -0.495 |             0.0203 |             0.0115 |               27.6 |
                 60 |             -0.935 |             -0.503 |             0.0238 |             0.0115 |                 27 |
                 70 |             -0.952 |             -0.489 |             0.0124 |             0.0115 |               27.1 |
                 80 |             -0.981 |               -0.5 |             0.0126 |             0.0109 |               27.3 |
                 90 |             -0.999 |             -0.483 |            0.00754 |            0.00754 |                 27 |
                100 |                 -1 |             -0.498 |            0.00239 |            0.00225 |               26.4 |
                110 |              -0.99 |             -0.497 |            0.00154 |                 -0 |               27.5 |
                120 |             -0.984 |             -0.513 |           0.000926 |                 -0 |               26.9 |
                130 |             -0.979 |             -0.503 |            0.00191 |                 -0 |               27.1 |
                140 |             -0.976 |             -0.505 |            0.00605 |                 -0 |               27.6 |
                150 |             -0.991 |             -0.505 |             0.0162 |                 -0 |               26.7 |
                160 |             -0.978 |             -0.506 |             0.0196 |                 -0 |               26.9 |
                170 |             -0.992 |             -0.507 |             0.0342 |                 -0 |               27.1 |
                180 |             -0.983 |             -0.503 |             0.0178 |                 -0 |               26.6 |
                190 |              -0.98 |               -0.5 |              0.027 |                 -0 |               26.9 |
                200 |             -0.985 |             -0.503 |             0.0298 |                 -0 |               27.3 |
                210 |             -0.965 |             -0.503 |             0.0239 |                 -0 |                 27 |
                220 |             -0.965 |             -0.512 |            0.00593 |                 -0 |               27.3 |
                230 |             -0.937 |             -0.495 |           0.000806 |                 -0 |               27.2 |
                240 |             -0.932 |             -0.502 |                 -0 |                 -0 |               26.4 |
                250 |             -0.942 |             -0.493 |                 -0 |                 -0 |               27.1 |
                260 |             -0.929 |             -0.495 |                 -0 |                 -0 |               27.3 |
                270 |             -0.934 |             -0.497 |           0.000327 |                 -0 |               26.9 |
                280 |             -0.938 |             -0.492 |           0.000467 |                 -0 |                 27 |
                290 |             -0.958 |             -0.489 |            0.00142 |                 -0 |               26.3 |
                300 |             -0.949 |             -0.501 |            0.00519 |                 -0 |               27.6 |
                310 |             -0.957 |             -0.499 |             0.0103 |                 -0 |               27.3 |
                320 |             -0.963 |             -0.497 |            0.00842 |                 -0 |               26.9 |
                330 |             -0.957 |             -0.495 |            0.00456 |                 -0 |               27.4 |
                340 |             -0.952 |             -0.494 |            0.00894 |                 -0 |                 27 |
                350 |             -0.952 |             -0.497 |             0.0058 |                 -0 |               26.5 |
                360 |             -0.937 |             -0.503 |             0.0184 |                 -0 |               27.7 |
                370 |             -0.938 |             -0.489 |            0.00944 |                 -0 |               26.3 |
                380 |             -0.922 |             -0.497 |             0.0131 |                 -0 |               26.9 |
                390 |              -0.92 |             -0.498 |            0.00521 |                 -0 |               27.2 |
                400 |             -0.943 |             -0.489 |             0.0118 |                 -0 |               26.3 |
                410 |             -0.948 |             -0.493 |              0.014 |                 -0 |               27.8 |
                420 |             -0.966 |             -0.496 |             0.0358 |                 -0 |                 27 |
                430 |             -0.963 |             -0.494 |             0.0391 |                 -0 |                 27 |
                440 |             -0.984 |             -0.495 |             0.0392 |                 -0 |               27.6 |
                450 |             -0.972 |             -0.499 |             0.0421 |                 -0 |               26.7 |
                460 |             -0.986 |             -0.491 |             0.0368 |                 -0 |               26.9 |
                470 |              -0.98 |             -0.501 |             0.0323 |                 -0 |               26.6 |
                480 |             -0.984 |             -0.498 |              0.038 |                 -0 |               26.5 |
                490 |              -0.98 |             -0.497 |             0.0308 |                 -0 |               27.6 |
                500 |              -0.98 |             -0.496 |             0.0303 |                 -0 |               27.1 |
                510 |             -0.995 |             -0.496 |             0.0466 |                 -0 |               27.2 |
                520 |             -0.977 |             -0.492 |              0.032 |                 -0 |               26.5 |
                530 |             -0.971 |             -0.491 |             0.0242 |                 -0 |               27.6 |
                540 |             -0.976 |             -0.495 |              0.027 |                 -0 |               26.4 |
                550 |             -0.985 |             -0.494 |             0.0303 |                 -0 |                 28 |
                560 |             -0.984 |             -0.496 |             0.0295 |                 -0 |                 27 |
                570 |             -0.968 |             -0.499 |             0.0196 |                 -0 |               27.1 |
                580 |             -0.952 |             -0.508 |             0.0177 |                 -0 |               26.5 |
                590 |             -0.949 |             -0.492 |             0.0137 |                 -0 |               27.6 |
                600 |             -0.956 |             -0.504 |             0.0206 |                 -0 |               26.6 |
                610 |             -0.936 |             -0.504 |             0.0164 |                 -0 |               27.6 |
                620 |              -0.92 |             -0.503 |            0.00373 |                 -0 |               26.9 |
                630 |             -0.914 |             -0.501 |            0.00452 |                 -0 |               26.9 |
                640 |             -0.916 |             -0.508 |            0.00408 |                 -0 |               27.1 |
                650 |             -0.928 |             -0.507 |            0.00503 |                 -0 |               26.9 |
                660 |             -0.918 |             -0.499 |            0.00367 |                 -0 |               26.4 |
                670 |             -0.924 |             -0.494 |            0.00358 |                 -0 |               27.4 |
                680 |             -0.923 |             -0.491 |            0.00635 |                 -0 |               26.3 |
                690 |              -0.94 |             -0.502 |            0.00492 |                 -0 |               27.6 |
                700 |             -0.933 |             -0.492 |             0.0107 |                 -0 |               27.1 |
                710 |             -0.946 |             -0.493 |             0.0136 |                 -0 |                 27 |
                720 |              -0.95 |             -0.498 |             0.0159 |                 -0 |               26.8 |
                730 |             -0.957 |             -0.507 |             0.0115 |                 -0 |               26.8 |
                740 |              -0.95 |             -0.498 |             0.0184 |                 -0 |               26.6 |
                750 |             -0.957 |             -0.489 |             0.0135 |                 -0 |               27.4 |
                760 |             -0.943 |             -0.503 |             0.0139 |                 -0 |               26.8 |
                770 |             -0.943 |             -0.495 |             0.0103 |                 -0 |               26.9 |
                780 |             -0.941 |             -0.501 |            0.00821 |                 -0 |               26.4 |
                790 |             -0.934 |               -0.5 |             0.0141 |                 -0 |               27.4 |
                800 |             -0.945 |               -0.5 |             0.0193 |                 -0 |               26.4 |
                810 |             -0.924 |             -0.504 |             0.0396 |                 -0 |               27.4 |
                820 |             -0.928 |             -0.499 |             0.0258 |                 -0 |               26.5 |
                830 |              -0.92 |             -0.494 |             0.0323 |                 -0 |               27.5 |
                840 |             -0.923 |             -0.499 |             0.0392 |                 -0 |               27.1 |
                850 |             -0.937 |             -0.498 |             0.0231 |                 -0 |               27.1 |
                860 |             -0.938 |             -0.496 |             0.0236 |                 -0 |               26.5 |
                870 |             -0.934 |             -0.507 |             0.0165 |                 -0 |               27.5 |
                880 |             -0.906 |             -0.519 |            0.00742 |                 -0 |               26.6 |
                890 |             -0.906 |             -0.511 |             0.0191 |                 -0 |               27.5 |
                900 |             -0.887 |             -0.535 |             0.0157 |                 -0 |               27.2 |
                910 |              -0.88 |             -0.521 |             0.0298 |                 -0 |                 27 |
                920 |             -0.906 |             -0.509 |              0.028 |                 -0 |               26.4 |
                930 |             -0.914 |             -0.486 |             0.0257 |                 -0 |               27.8 |
                940 |             -0.934 |             -0.472 |             0.0388 |                 -0 |                 27 |
                950 |             -0.913 |             -0.471 |             0.0523 |                 -0 |               26.9 |
                960 |             -0.921 |             -0.499 |              0.047 |                 -0 |               26.5 |
                970 |             -0.898 |             -0.503 |             0.0391 |                 -0 |                 27 |
                980 |             -0.894 |             -0.509 |             0.0275 |                 -0 |               27.7 |
                990 |             -0.893 |              -0.51 |              0.022 |                 -0 |               25.7 |
Training complete: 
   Data path: /work/qgan_v4/data/train/ang-qml_torch-q4-noiseless-PSR-aerCPU-rand0-seed1 
   Best eval: -0.0 
   Total time: 2700.010246992111

Running: /work/qgan_v4/data/train/ang-qml_torch-q4-noiseless-PSR-aerCPU-rand0.1-seed1/config.yaml
Training data file created.
              Epoch |     Generator cost | Discriminator cost |               Eval |          Best eval |               Time |
                  0 |             -0.731 |             -0.486 |              0.015 |              0.015 |               3.05 |
                 10 |             -0.704 |             -0.517 |             0.0147 |             0.0113 |               27.8 |
                 20 |             -0.788 |             -0.531 |             0.0198 |            0.00989 |               26.9 |
                 30 |              -0.81 |             -0.527 |             0.0112 |            0.00366 |               27.8 |
                 40 |             -0.836 |             -0.516 |            0.00205 |            0.00205 |               27.7 |
                 50 |             -0.897 |             -0.507 |            0.00706 |            0.00205 |                 27 |
                 60 |             -0.902 |              -0.51 |            0.00248 |           0.000602 |               26.7 |
                 70 |             -0.936 |             -0.498 |            0.00275 |                 -0 |               27.2 |
                 80 |             -0.952 |             -0.514 |           0.000651 |                 -0 |               27.4 |
                 90 |             -0.976 |              -0.52 |            0.00117 |                 -0 |               27.2 |
                100 |             -0.972 |             -0.509 |            0.00157 |                 -0 |               27.3 |
                110 |              -0.96 |             -0.509 |            0.00867 |                 -0 |               27.2 |
                120 |             -0.952 |              -0.52 |             0.0174 |                 -0 |               27.2 |
                130 |             -0.955 |             -0.511 |             0.0159 |                 -0 |               26.6 |
                140 |             -0.941 |             -0.527 |             0.0166 |                 -0 |               27.2 |
                150 |              -0.95 |              -0.53 |            0.00793 |                 -0 |               27.7 |
                160 |             -0.965 |             -0.511 |            0.00181 |                 -0 |               27.2 |
                170 |             -0.969 |              -0.52 |            0.00498 |                 -0 |               26.8 |
                180 |             -0.975 |             -0.511 |            0.00903 |                 -0 |               26.7 |
                190 |             -0.973 |             -0.502 |            0.00586 |                 -0 |               27.6 |
                200 |             -0.963 |             -0.506 |            0.00941 |                 -0 |               27.8 |
                210 |             -0.955 |             -0.516 |            0.00103 |                 -0 |               26.8 |
                220 |             -0.974 |             -0.515 |             0.0174 |                 -0 |               27.2 |
                230 |             -0.953 |             -0.512 |            0.00909 |                 -0 |               27.2 |
                240 |              -0.95 |             -0.514 |            0.00627 |                 -0 |               27.6 |
                250 |             -0.953 |             -0.522 |             0.0216 |                 -0 |               26.6 |
                260 |              -0.96 |              -0.51 |              0.011 |                 -0 |                 28 |
                270 |             -0.969 |             -0.518 |            0.00736 |                 -0 |               27.7 |
                280 |             -0.944 |             -0.521 |            0.00189 |                 -0 |               26.9 |
                290 |             -0.938 |             -0.516 |             0.0011 |                 -0 |               27.2 |
                300 |             -0.946 |             -0.533 |             0.0042 |                 -0 |               27.2 |
                310 |             -0.905 |             -0.523 |            0.00117 |                 -0 |               27.8 |
                320 |             -0.901 |             -0.535 |            0.00503 |                 -0 |                 27 |
                330 |             -0.844 |             -0.538 |             0.0047 |                 -0 |               26.6 |
                340 |             -0.831 |             -0.537 |            0.00519 |                 -0 |               27.8 |
                350 |             -0.819 |             -0.544 |            0.00845 |                 -0 |               27.7 |
                360 |             -0.826 |             -0.533 |            0.00837 |                 -0 |               27.2 |
                370 |             -0.867 |             -0.515 |            0.00964 |                 -0 |               26.7 |
                380 |             -0.882 |             -0.501 |              0.014 |                 -0 |               27.1 |
                390 |             -0.908 |             -0.506 |             0.0414 |                 -0 |               27.7 |
                400 |             -0.875 |             -0.505 |              0.068 |                 -0 |               27.2 |
                410 |             -0.885 |             -0.496 |              0.091 |                 -0 |               26.9 |
                420 |             -0.895 |             -0.509 |             0.0578 |                 -0 |               26.7 |
                430 |             -0.888 |             -0.506 |             0.0884 |                 -0 |               27.1 |
                440 |             -0.897 |             -0.512 |             0.0544 |                 -0 |                 27 |
                450 |             -0.897 |             -0.497 |             0.0527 |                 -0 |               27.4 |
                460 |             -0.906 |             -0.513 |             0.0376 |                 -0 |               27.3 |
                470 |             -0.893 |             -0.517 |           0.000154 |                 -0 |               27.1 |
                480 |             -0.933 |             -0.515 |            0.00764 |                 -0 |               27.4 |
                490 |             -0.935 |             -0.504 |            0.00701 |                 -0 |               27.8 |
                500 |             -0.934 |             -0.506 |             0.0016 |                 -0 |               26.9 |
                510 |             -0.953 |              -0.52 |                 -0 |                 -0 |               26.7 |
                520 |             -0.964 |              -0.51 |            0.00202 |                 -0 |                 27 |
                530 |             -0.951 |             -0.512 |            0.00384 |                 -0 |               27.5 |
                540 |             -0.942 |             -0.508 |                 -0 |                 -0 |               27.1 |
                550 |             -0.923 |             -0.514 |                 -0 |                 -0 |               27.5 |
                560 |             -0.945 |             -0.513 |           0.000328 |                 -0 |               27.2 |
                570 |             -0.958 |             -0.509 |                 -0 |                 -0 |               26.8 |
                580 |             -0.951 |             -0.515 |                 -0 |                 -0 |               26.8 |
                590 |             -0.941 |             -0.511 |                 -0 |                 -0 |               27.8 |
                600 |             -0.945 |             -0.506 |           0.000303 |                 -0 |               27.9 |
                610 |             -0.961 |             -0.518 |            0.00246 |                 -0 |               26.6 |
                620 |             -0.954 |             -0.507 |           0.000397 |                 -0 |               27.3 |
                630 |             -0.938 |             -0.505 |                 -0 |                 -0 |               27.3 |
                640 |             -0.954 |             -0.509 |            0.00197 |                 -0 |               26.8 |
                650 |              -0.96 |             -0.503 |            0.00191 |                 -0 |               27.4 |
                660 |             -0.962 |             -0.517 |            0.00213 |                 -0 |               27.7 |
                670 |             -0.959 |             -0.501 |            0.00168 |                 -0 |               27.1 |
                680 |             -0.951 |             -0.507 |            0.00124 |                 -0 |               27.3 |
                690 |             -0.949 |             -0.512 |           2.28e-05 |                 -0 |               27.4 |
                700 |              -0.97 |             -0.515 |                 -0 |                 -0 |               27.2 |
                710 |             -0.983 |             -0.512 |           0.000885 |                 -0 |               26.9 |
                720 |              -0.95 |             -0.507 |           5.17e-05 |                 -0 |               27.7 |
                730 |             -0.971 |             -0.507 |            0.00103 |                 -0 |                 27 |
                740 |             -0.964 |              -0.51 |            0.00163 |                 -0 |               26.9 |
                750 |             -0.975 |             -0.499 |                 -0 |                 -0 |               27.3 |
                760 |             -0.976 |             -0.505 |           0.000459 |                 -0 |               27.9 |
                770 |             -0.978 |             -0.507 |                 -0 |                 -0 |               27.1 |
                780 |              -0.98 |             -0.504 |                 -0 |                 -0 |               27.6 |
                790 |             -0.966 |             -0.512 |                 -0 |                 -0 |               27.6 |
                800 |             -0.964 |              -0.51 |                 -0 |                 -0 |               26.9 |
                810 |             -0.965 |             -0.503 |                 -0 |                 -0 |               27.3 |
                820 |             -0.962 |             -0.521 |            0.00322 |                 -0 |               27.3 |
                830 |              -0.96 |             -0.501 |                 -0 |                 -0 |               26.8 |
                840 |             -0.964 |               -0.5 |                 -0 |                 -0 |               27.7 |
                850 |             -0.987 |             -0.506 |                 -0 |                 -0 |               27.7 |
                860 |             -0.969 |             -0.509 |           0.000375 |                 -0 |               26.7 |
                870 |             -0.968 |             -0.513 |                 -0 |                 -0 |               24.3 |
                880 |             -0.974 |             -0.507 |           0.000295 |                 -0 |               24.2 |
                890 |             -0.983 |             -0.516 |            0.00156 |                 -0 |               24.4 |
                900 |             -0.975 |             -0.521 |                 -0 |                 -0 |               24.2 |
                910 |             -0.973 |              -0.52 |                 -0 |                 -0 |               24.2 |
                920 |              -0.99 |             -0.507 |           0.000604 |                 -0 |               24.2 |
                930 |             -0.988 |             -0.514 |           4.69e-05 |                 -0 |               24.4 |
                940 |             -0.965 |              -0.51 |                 -0 |                 -0 |               24.2 |
                950 |              -0.98 |             -0.506 |                 -0 |                 -0 |               24.2 |
                960 |             -0.975 |             -0.511 |           0.000999 |                 -0 |               24.2 |
                970 |             -0.973 |             -0.513 |                 -0 |                 -0 |               24.2 |
                980 |             -0.984 |             -0.505 |                 -0 |                 -0 |               24.4 |
                990 |             -0.986 |             -0.505 |                 -0 |                 -0 |               24.2 |
Training complete: 
   Data path: /work/qgan_v4/data/train/ang-qml_torch-q4-noiseless-PSR-aerCPU-rand0.1-seed1 
   Best eval: -0.0 
   Total time: 2682.7985677719116

Running: /work/qgan_v4/data/train/ang-qml_torch-q4-noiseless-PSR-aerCPU-rand0-seed2/config.yaml
Training data file created.
              Epoch |     Generator cost | Discriminator cost |               Eval |          Best eval |               Time |
                  0 |             -0.953 |              -0.47 |             0.0157 |             0.0157 |               2.41 |
                 10 |             -0.961 |             -0.483 |            0.00204 |                 -0 |                 24 |
                 20 |             -0.964 |             -0.492 |            0.00724 |                 -0 |                 24 |
                 30 |             -0.983 |             -0.492 |             0.0083 |                 -0 |               24.2 |
                 40 |             -0.995 |             -0.498 |            0.00987 |                 -0 |                 24 |
                 50 |             -0.999 |             -0.501 |            0.00163 |                 -0 |                 24 |
                 60 |             -0.977 |             -0.506 |           0.000672 |                 -0 |                 24 |
                 70 |              -0.99 |             -0.509 |            0.00318 |                 -0 |                 24 |
                 80 |             -0.981 |             -0.502 |            0.00153 |                 -0 |               24.2 |
                 90 |             -0.973 |             -0.499 |            0.00671 |                 -0 |                 24 |
                100 |             -0.964 |             -0.498 |            0.00577 |                 -0 |                 24 |
                110 |             -0.945 |             -0.502 |            0.00646 |                 -0 |                 24 |
                120 |             -0.941 |             -0.506 |            0.00282 |                 -0 |                 24 |
                130 |             -0.932 |             -0.499 |            0.00626 |                 -0 |               24.2 |
                140 |             -0.942 |             -0.489 |            0.00137 |                 -0 |                 24 |
                150 |             -0.926 |             -0.496 |            0.00118 |                 -0 |                 24 |
                160 |             -0.952 |             -0.498 |            0.00702 |                 -0 |                 24 |
                170 |             -0.962 |             -0.483 |             0.0238 |                 -0 |               24.2 |
                180 |             -0.973 |              -0.49 |             0.0526 |                 -0 |                 24 |
                190 |             -0.989 |             -0.494 |             0.0763 |                 -0 |                 24 |
                200 |              -0.97 |             -0.494 |             0.0993 |                 -0 |                 24 |
                210 |             -0.989 |             -0.492 |              0.118 |                 -0 |                 24 |
                220 |                 -1 |             -0.493 |              0.128 |                 -0 |               24.2 |
                230 |             -0.984 |             -0.501 |              0.131 |                 -0 |                 24 |
                240 |             -0.987 |             -0.486 |              0.146 |                 -0 |                 24 |
                250 |             -0.994 |             -0.503 |              0.147 |                 -0 |                 24 |
                260 |             -0.992 |             -0.501 |              0.147 |                 -0 |                 24 |
                270 |             -0.982 |             -0.507 |              0.149 |                 -0 |               24.2 |
                280 |                 -1 |             -0.501 |               0.16 |                 -0 |                 24 |
                290 |                 -1 |             -0.498 |              0.155 |                 -0 |                 24 |
                300 |             -0.998 |             -0.487 |              0.151 |                 -0 |                 24 |
                310 |              -1.01 |             -0.503 |              0.154 |                 -0 |                 24 |
                320 |             -0.994 |              -0.49 |              0.157 |                 -0 |               24.2 |
                330 |             -0.982 |             -0.504 |              0.154 |                 -0 |                 24 |
                340 |              -1.02 |             -0.494 |              0.151 |                 -0 |                 24 |
                350 |                 -1 |             -0.497 |              0.154 |                 -0 |                 24 |
                360 |             -0.989 |             -0.504 |              0.153 |                 -0 |                 24 |
                370 |              -0.99 |             -0.509 |              0.148 |                 -0 |               24.2 |
                380 |             -0.995 |             -0.493 |              0.153 |                 -0 |                 24 |
                390 |             -0.988 |             -0.497 |              0.155 |                 -0 |                 24 |
                400 |             -0.996 |             -0.498 |               0.16 |                 -0 |                 24 |
                410 |              -1.01 |             -0.497 |              0.154 |                 -0 |               24.2 |
                420 |             -0.986 |             -0.496 |              0.158 |                 -0 |                 24 |
                430 |             -0.995 |              -0.51 |              0.156 |                 -0 |                 24 |
                440 |              -1.01 |             -0.492 |              0.174 |                 -0 |                 24 |
                450 |                 -1 |             -0.498 |              0.168 |                 -0 |                 24 |
                460 |                 -1 |             -0.506 |              0.162 |                 -0 |               24.2 |
                470 |             -0.998 |             -0.501 |               0.16 |                 -0 |                 24 |
                480 |             -0.983 |             -0.499 |              0.161 |                 -0 |                 24 |
                490 |             -0.992 |             -0.498 |              0.165 |                 -0 |                 24 |
                500 |              -1.03 |             -0.507 |              0.148 |                 -0 |                 24 |
                510 |              -1.02 |             -0.494 |              0.162 |                 -0 |               24.2 |
                520 |                 -1 |             -0.498 |              0.162 |                 -0 |                 24 |
                530 |                 -1 |             -0.498 |              0.165 |                 -0 |                 24 |
                540 |             -0.996 |             -0.503 |              0.166 |                 -0 |                 24 |
                550 |             -0.999 |             -0.498 |              0.169 |                 -0 |                 24 |
                560 |                 -1 |             -0.508 |              0.176 |                 -0 |               24.2 |
                570 |                 -1 |             -0.504 |              0.171 |                 -0 |                 24 |
                580 |              -0.99 |             -0.495 |              0.163 |                 -0 |                 24 |
                590 |             -0.996 |             -0.501 |              0.173 |                 -0 |                 24 |
                600 |             -0.993 |             -0.503 |              0.171 |                 -0 |               24.2 |
                610 |              -1.01 |             -0.499 |              0.173 |                 -0 |                 24 |
                620 |             -0.995 |               -0.5 |               0.18 |                 -0 |                 24 |
                630 |              -0.99 |             -0.508 |              0.162 |                 -0 |                 24 |
                640 |             -0.992 |             -0.498 |              0.154 |                 -0 |                 24 |
                650 |             -0.999 |              -0.51 |              0.165 |                 -0 |               24.2 |
                660 |              -0.98 |             -0.499 |              0.168 |                 -0 |                 24 |
                670 |             -0.989 |             -0.497 |              0.156 |                 -0 |                 24 |
                680 |                 -1 |             -0.511 |               0.16 |                 -0 |                 24 |
                690 |             -0.978 |             -0.509 |              0.158 |                 -0 |                 24 |
                700 |             -0.974 |             -0.497 |              0.138 |                 -0 |               24.2 |
                710 |             -0.967 |             -0.502 |              0.132 |                 -0 |                 24 |
                720 |              -0.96 |             -0.497 |              0.105 |                 -0 |                 24 |
                730 |             -0.938 |             -0.505 |             0.0779 |                 -0 |                 24 |
                740 |             -0.954 |               -0.5 |             0.0519 |                 -0 |                 24 |
                750 |             -0.965 |             -0.504 |             0.0332 |                 -0 |               24.2 |
                760 |             -0.973 |             -0.496 |             0.0583 |                 -0 |                 24 |
                770 |              -0.98 |             -0.502 |             0.0604 |                 -0 |                 24 |
                780 |             -0.987 |             -0.502 |             0.0595 |                 -0 |                 24 |
                790 |              -1.01 |             -0.507 |             0.0558 |                 -0 |                 24 |
                800 |              -0.98 |             -0.499 |             0.0657 |                 -0 |               24.2 |
                810 |              -0.97 |             -0.521 |             0.0605 |                 -0 |                 24 |
                820 |             -0.932 |             -0.499 |             0.0433 |                 -0 |                 24 |
                830 |             -0.924 |             -0.516 |            0.00122 |                 -0 |                 24 |
                840 |              -0.95 |               -0.5 |                 -0 |                 -0 |               24.2 |
                850 |             -0.973 |             -0.478 |             0.0245 |                 -0 |                 24 |
                860 |             -0.997 |             -0.488 |             0.0924 |                 -0 |                 24 |
                870 |             -0.966 |             -0.495 |              0.128 |                 -0 |                 24 |
                880 |             -0.948 |             -0.511 |              0.126 |                 -0 |                 24 |
                890 |             -0.935 |             -0.516 |             0.0874 |                 -0 |               24.2 |
                900 |             -0.912 |             -0.513 |              0.021 |                 -0 |                 24 |
                910 |              -0.92 |             -0.508 |                 -0 |                 -0 |                 24 |
                920 |             -0.934 |             -0.499 |                 -0 |                 -0 |                 24 |
                930 |             -0.928 |               -0.5 |           1.56e-05 |                 -0 |                 24 |
                940 |             -0.922 |             -0.493 |            0.00436 |                 -0 |               24.2 |
                950 |             -0.936 |             -0.491 |            0.00972 |                 -0 |                 24 |
                960 |             -0.918 |             -0.502 |             0.0171 |                 -0 |                 24 |
                970 |             -0.931 |               -0.5 |             0.0168 |                 -0 |                 24 |
                980 |             -0.915 |             -0.494 |             0.0151 |                 -0 |                 24 |
                990 |             -0.939 |             -0.502 |             0.0109 |                 -0 |               24.2 |
Training complete: 
   Data path: /work/qgan_v4/data/train/ang-qml_torch-q4-noiseless-PSR-aerCPU-rand0-seed2 
   Best eval: -0.0 
   Total time: 2405.1618967056274

Running: /work/qgan_v4/data/train/ang-qml_torch-q4-noiseless-PSR-aerCPU-rand0.1-seed2/config.yaml
Training data file created.
              Epoch |     Generator cost | Discriminator cost |               Eval |          Best eval |               Time |
                  0 |             -0.961 |             -0.484 |            0.00748 |            0.00748 |               2.43 |
                 10 |             -0.945 |              -0.49 |             0.0109 |            0.00724 |               24.2 |
                 20 |             -0.974 |             -0.506 |            0.00699 |            0.00457 |               24.2 |
                 30 |             -0.948 |             -0.518 |             0.0084 |            0.00457 |               24.4 |
                 40 |             -0.938 |             -0.534 |             0.0067 |            0.00329 |               24.2 |
                 50 |             -0.955 |             -0.506 |            0.00518 |            0.00142 |               24.2 |
                 60 |             -0.938 |             -0.509 |            0.00428 |            0.00142 |               24.2 |
                 70 |             -0.931 |             -0.513 |            0.00468 |           0.000836 |               24.2 |
                 80 |             -0.939 |             -0.511 |            0.00541 |           0.000836 |               24.4 |
                 90 |             -0.931 |             -0.528 |            0.00484 |                 -0 |               24.2 |
                100 |             -0.927 |             -0.517 |             0.0012 |                 -0 |               24.2 |
                110 |             -0.884 |             -0.533 |            0.00392 |                 -0 |               24.2 |
                120 |             -0.871 |             -0.521 |            0.00243 |                 -0 |               24.2 |
                130 |             -0.868 |             -0.536 |            0.00755 |                 -0 |               24.4 |
                140 |             -0.854 |             -0.518 |            0.00237 |                 -0 |               24.2 |
                150 |             -0.853 |             -0.523 |            0.00042 |                 -0 |               24.2 |
                160 |              -0.85 |             -0.508 |                 -0 |                 -0 |               24.2 |
                170 |             -0.864 |             -0.501 |            0.00137 |                 -0 |               24.2 |
                180 |             -0.883 |             -0.509 |             0.0131 |                 -0 |               24.4 |
                190 |             -0.907 |             -0.496 |             0.0209 |                 -0 |               24.2 |
                200 |             -0.905 |             -0.495 |             0.0457 |                 -0 |               24.2 |
                210 |             -0.923 |              -0.51 |             0.0315 |                 -0 |               24.2 |
                220 |             -0.942 |             -0.502 |              0.064 |                 -0 |               24.2 |
                230 |             -0.929 |             -0.504 |              0.068 |                 -0 |               24.4 |
                240 |             -0.953 |             -0.508 |             0.0404 |                 -0 |               24.2 |
                250 |             -0.945 |              -0.51 |             0.0609 |                 -0 |               24.2 |
                260 |             -0.938 |             -0.509 |             0.0744 |                 -0 |               24.2 |
                270 |             -0.926 |             -0.497 |             0.0855 |                 -0 |               24.4 |
                280 |             -0.904 |              -0.51 |             0.0597 |                 -0 |               24.2 |
                290 |             -0.931 |             -0.514 |              0.069 |                 -0 |               24.2 |
                300 |             -0.938 |             -0.511 |             0.0716 |                 -0 |               24.2 |
                310 |             -0.925 |             -0.525 |             0.0774 |                 -0 |               24.2 |
                320 |             -0.915 |             -0.517 |             0.0555 |                 -0 |               24.4 |
                330 |             -0.919 |             -0.519 |             0.0395 |                 -0 |               24.2 |
                340 |             -0.921 |             -0.514 |             0.0482 |                 -0 |               24.2 |
                350 |             -0.931 |             -0.523 |             0.0246 |                 -0 |               24.2 |
                360 |              -0.91 |             -0.514 |             0.0132 |                 -0 |               24.2 |
                370 |             -0.908 |             -0.524 |             0.0155 |                 -0 |               24.4 |
                380 |             -0.909 |              -0.51 |              0.025 |                 -0 |               24.2 |
                390 |               -0.9 |             -0.528 |             0.0417 |                 -0 |               24.2 |
                400 |              -0.91 |             -0.504 |             0.0628 |                 -0 |               24.2 |
                410 |             -0.896 |             -0.516 |             0.0522 |                 -0 |               24.2 |
                420 |             -0.893 |             -0.498 |             0.0744 |                 -0 |               24.4 |
                430 |             -0.904 |              -0.51 |             0.0881 |                 -0 |               24.2 |
                440 |             -0.891 |             -0.516 |             0.0894 |                 -0 |               24.2 |
                450 |              -0.88 |             -0.512 |              0.105 |                 -0 |               24.2 |
                460 |              -0.88 |             -0.522 |             0.0695 |                 -0 |               24.2 |
                470 |             -0.904 |             -0.515 |             0.0303 |                 -0 |               24.4 |
                480 |             -0.911 |             -0.514 |             0.0175 |                 -0 |               24.2 |
                490 |             -0.935 |             -0.494 |            0.00971 |                 -0 |               24.2 |
                500 |             -0.944 |             -0.498 |            0.00549 |                 -0 |               24.2 |
                510 |             -0.953 |             -0.503 |            0.00029 |                 -0 |               24.4 |
                520 |             -0.956 |             -0.501 |             0.0082 |                 -0 |               24.2 |
                530 |             -0.956 |             -0.506 |             0.0123 |                 -0 |               24.2 |
                540 |             -0.965 |             -0.511 |              0.012 |                 -0 |               24.2 |
                550 |             -0.965 |             -0.506 |             0.0235 |                 -0 |               24.2 |
                560 |             -0.964 |             -0.502 |             0.0234 |                 -0 |               24.4 |
                570 |             -0.968 |             -0.503 |             0.0151 |                 -0 |               24.2 |
                580 |             -0.966 |             -0.512 |             0.0301 |                 -0 |               24.2 |
                590 |             -0.952 |             -0.501 |             0.0322 |                 -0 |               24.2 |
                600 |             -0.962 |             -0.514 |             0.0209 |                 -0 |               24.2 |
                610 |             -0.956 |             -0.508 |             0.0246 |                 -0 |               24.4 |
                620 |             -0.928 |             -0.517 |             0.0266 |                 -0 |               24.2 |
                630 |             -0.919 |             -0.515 |              0.028 |                 -0 |               24.2 |
                640 |             -0.887 |             -0.509 |             0.0376 |                 -0 |               24.2 |
                650 |              -0.88 |             -0.521 |             0.0742 |                 -0 |               24.2 |
                660 |             -0.861 |              -0.52 |              0.111 |                 -0 |               24.4 |
                670 |             -0.873 |             -0.525 |              0.139 |                 -0 |               24.2 |
                680 |             -0.876 |             -0.519 |              0.165 |                 -0 |               24.2 |
                690 |             -0.867 |             -0.524 |              0.151 |                 -0 |               24.2 |
                700 |             -0.872 |             -0.521 |              0.102 |                 -0 |               24.2 |
                710 |             -0.851 |             -0.516 |             0.0645 |                 -0 |               24.4 |
                720 |             -0.831 |             -0.514 |             0.0103 |                 -0 |               24.2 |
                730 |             -0.817 |             -0.508 |            0.00998 |                 -0 |               24.2 |
                740 |             -0.828 |             -0.502 |            0.00455 |                 -0 |               24.2 |
                750 |             -0.837 |             -0.482 |              0.017 |                 -0 |               24.4 |
                760 |             -0.903 |               -0.5 |             0.0275 |                 -0 |               24.2 |
                770 |             -0.911 |             -0.502 |             0.0331 |                 -0 |               24.2 |
                780 |              -0.94 |             -0.505 |             0.0349 |                 -0 |               24.2 |
                790 |             -0.961 |             -0.502 |             0.0541 |                 -0 |               24.2 |
                800 |             -0.934 |             -0.508 |             0.0377 |                 -0 |               24.4 |
                810 |             -0.958 |             -0.504 |             0.0347 |                 -0 |               24.2 |
                820 |              -0.98 |             -0.505 |             0.0251 |                 -0 |               24.2 |
                830 |             -0.972 |             -0.515 |             0.0317 |                 -0 |               24.2 |
                840 |             -0.981 |             -0.504 |             0.0171 |                 -0 |               24.2 |
                850 |             -0.983 |             -0.506 |             0.0141 |                 -0 |               24.4 |
                860 |             -0.978 |             -0.509 |            0.00088 |                 -0 |               24.2 |
                870 |              -0.98 |             -0.497 |             0.0172 |                 -0 |               24.2 |
                880 |             -0.985 |             -0.518 |              0.031 |                 -0 |               24.2 |
                890 |              -0.97 |             -0.507 |             0.0258 |                 -0 |               24.2 |
                900 |             -0.959 |             -0.513 |             0.0254 |                 -0 |               24.4 |
                910 |             -0.965 |             -0.496 |            0.00491 |                 -0 |               24.2 |
                920 |             -0.975 |              -0.51 |             0.0103 |                 -0 |               24.2 |
                930 |             -0.965 |             -0.514 |             0.0193 |                 -0 |               24.2 |
                940 |             -0.953 |             -0.504 |             0.0199 |                 -0 |               24.2 |
                950 |             -0.943 |             -0.505 |             0.0196 |                 -0 |               24.4 |
                960 |             -0.957 |             -0.507 |             0.0259 |                 -0 |               24.2 |
                970 |             -0.949 |             -0.504 |             0.0135 |                 -0 |               24.2 |
                980 |             -0.971 |             -0.508 |            0.00705 |                 -0 |               24.2 |
                990 |             -0.965 |             -0.515 |             0.0247 |                 -0 |               24.4 |
Training complete: 
   Data path: /work/qgan_v4/data/train/ang-qml_torch-q4-noiseless-PSR-aerCPU-rand0.1-seed2 
   Best eval: -0.0 
   Total time: 2425.925708770752

Running: /work/qgan_v4/data/train/ang-qml_torch-q4-noiseless-SPSA-aerCPU-rand0-seed0/config.yaml
Training data file created.
              Epoch |     Generator cost | Discriminator cost |               Eval |          Best eval |               Time |
                  0 |             -0.916 |              -0.33 |             0.0278 |             0.0278 |               1.58 |
                 10 |             -0.905 |             -0.326 |             0.0205 |             0.0139 |               15.8 |
                 20 |             -0.917 |              -0.34 |             0.0216 |            0.00959 |               15.8 |
                 30 |             -0.929 |             -0.319 |             0.0209 |            0.00959 |               15.8 |
                 40 |             -0.945 |             -0.313 |             0.0123 |            0.00959 |               15.8 |
                 50 |             -0.963 |              -0.33 |             0.0178 |            0.00959 |               15.8 |
                 60 |             -0.954 |             -0.322 |             0.0112 |            0.00959 |               15.8 |
                 70 |             -0.967 |             -0.331 |             0.0183 |            0.00532 |               15.8 |
                 80 |             -0.974 |             -0.349 |             0.0132 |            0.00439 |               15.8 |
                 90 |              -0.96 |             -0.343 |             0.0149 |            0.00439 |               15.8 |
                100 |             -0.962 |             -0.359 |             0.0234 |            0.00439 |               15.8 |
                110 |             -0.961 |             -0.365 |             0.0135 |            0.00439 |               15.8 |
                120 |              -0.97 |             -0.384 |            0.00804 |            0.00439 |               15.8 |
                130 |             -0.957 |             -0.404 |             0.0202 |            0.00439 |               15.8 |
                140 |             -0.952 |             -0.429 |             0.0166 |            0.00439 |               15.8 |
                150 |             -0.947 |             -0.429 |             0.0298 |            0.00439 |               15.8 |
                160 |             -0.957 |             -0.451 |             0.0278 |            0.00439 |               15.8 |
                170 |             -0.939 |              -0.46 |             0.0242 |            0.00439 |               15.8 |
                180 |             -0.956 |             -0.473 |             0.0307 |            0.00439 |               15.8 |
                190 |              -0.94 |             -0.489 |             0.0389 |            0.00439 |               15.8 |
                200 |             -0.947 |             -0.494 |             0.0281 |            0.00439 |               15.8 |
                210 |             -0.956 |             -0.494 |             0.0365 |            0.00439 |               15.8 |
                220 |             -0.941 |              -0.49 |             0.0348 |            0.00439 |               15.8 |
                230 |             -0.941 |             -0.478 |             0.0235 |            0.00439 |               15.8 |
                240 |             -0.954 |             -0.494 |             0.0195 |            0.00439 |               15.8 |
                250 |              -0.94 |             -0.504 |             0.0173 |            0.00439 |               15.8 |
                260 |             -0.956 |             -0.498 |              0.016 |            0.00439 |               15.8 |
                270 |             -0.945 |             -0.518 |             0.0105 |            0.00439 |               15.8 |
                280 |             -0.949 |             -0.501 |            0.00848 |            0.00439 |               15.8 |
                290 |             -0.955 |             -0.513 |            0.00993 |            0.00439 |               15.8 |
                300 |             -0.936 |             -0.512 |             0.0132 |            0.00439 |               15.8 |
                310 |             -0.935 |             -0.512 |             0.0053 |            0.00439 |               15.8 |
                320 |             -0.969 |             -0.517 |             0.0062 |           0.000287 |               15.8 |
                330 |             -0.968 |             -0.503 |            0.00752 |           0.000287 |               15.8 |
                340 |             -0.965 |             -0.502 |            0.00967 |           0.000287 |               15.8 |
                350 |             -0.984 |             -0.488 |            0.00149 |           0.000287 |               15.8 |
                360 |             -0.965 |             -0.496 |             0.0112 |           0.000287 |               15.8 |
                370 |             -0.981 |             -0.501 |             0.0117 |           0.000287 |               15.8 |
                380 |             -0.986 |             -0.493 |            0.00527 |           0.000287 |               15.8 |
                390 |             -0.973 |             -0.504 |             0.0105 |           0.000287 |               15.8 |
                400 |             -0.983 |               -0.5 |              0.011 |           0.000287 |               15.8 |
                410 |             -0.972 |             -0.495 |            0.00791 |           0.000287 |               15.8 |
                420 |             -0.988 |              -0.49 |            0.00515 |           0.000287 |               15.8 |
                430 |             -0.985 |             -0.489 |            0.00516 |           0.000287 |               15.8 |
                440 |             -0.997 |             -0.495 |            0.00596 |           0.000287 |               15.8 |
                450 |             -0.971 |             -0.481 |             0.0119 |           0.000287 |               15.8 |
                460 |             -0.997 |             -0.494 |            0.00671 |           0.000287 |               15.8 |
                470 |             -0.996 |             -0.491 |            0.00785 |           0.000287 |               15.8 |
                480 |             -0.997 |             -0.504 |            0.00797 |           0.000287 |               15.8 |
                490 |             -0.994 |             -0.498 |             0.0086 |           0.000287 |               15.8 |
                500 |             -0.988 |             -0.497 |             0.0145 |           0.000287 |               15.8 |
                510 |                 -1 |               -0.5 |            0.00626 |           0.000287 |               15.8 |
                520 |             -0.973 |             -0.505 |            0.00977 |           0.000287 |               15.8 |
                530 |             -0.981 |             -0.504 |             0.0166 |           0.000287 |               15.8 |
                540 |             -0.991 |             -0.498 |             0.0134 |           0.000287 |               15.8 |
                550 |             -0.972 |             -0.498 |             0.0117 |           0.000287 |               15.8 |
                560 |             -0.992 |             -0.495 |            0.00769 |           0.000287 |               15.8 |
                570 |             -0.992 |              -0.51 |            0.00917 |           0.000287 |               15.8 |
                580 |             -0.974 |             -0.502 |            0.00656 |           0.000287 |               15.8 |
                590 |              -0.98 |             -0.509 |            0.00919 |           0.000287 |               15.8 |
                600 |             -0.986 |             -0.509 |            0.00164 |           0.000287 |               15.8 |
                610 |             -0.988 |             -0.495 |             0.0053 |           0.000287 |               15.8 |
                620 |              -1.01 |             -0.489 |            0.00119 |            3.3e-05 |               15.8 |
                630 |             -0.995 |             -0.487 |             0.0061 |            3.3e-05 |               15.8 |
                640 |             -0.995 |             -0.491 |            0.00108 |                 -0 |               15.8 |
                650 |             -0.981 |             -0.475 |           0.000889 |                 -0 |               15.8 |
                660 |             -0.984 |             -0.483 |            0.00556 |                 -0 |               15.8 |
                670 |             -0.975 |             -0.494 |           0.000806 |                 -0 |               15.8 |
                680 |             -0.984 |             -0.492 |            0.00196 |                 -0 |               15.8 |
                690 |             -0.985 |             -0.492 |           0.000141 |                 -0 |               15.8 |
                700 |              -1.01 |             -0.501 |           4.66e-05 |                 -0 |               15.8 |
                710 |             -0.988 |             -0.498 |           0.000794 |                 -0 |               15.8 |
                720 |             -0.991 |             -0.491 |           0.000695 |                 -0 |               15.8 |
                730 |             -0.992 |             -0.483 |            0.00146 |                 -0 |               15.8 |
                740 |             -0.996 |             -0.499 |            0.00145 |                 -0 |               15.8 |
                750 |                 -1 |             -0.499 |            0.00223 |                 -0 |               15.8 |
                760 |             -0.988 |             -0.492 |            0.00123 |                 -0 |               15.8 |
                770 |             -0.986 |             -0.492 |             0.0025 |                 -0 |               15.8 |
                780 |             -0.991 |             -0.481 |                 -0 |                 -0 |               15.8 |
                790 |             -0.974 |             -0.484 |            0.00071 |                 -0 |               15.8 |
                800 |              -0.99 |               -0.5 |           0.000534 |                 -0 |               15.8 |
                810 |             -0.981 |             -0.489 |            0.00157 |                 -0 |               15.8 |
                820 |             -0.999 |             -0.489 |            0.00189 |                 -0 |               15.8 |
                830 |             -0.988 |             -0.494 |                 -0 |                 -0 |               15.8 |
                840 |             -0.997 |             -0.492 |                 -0 |                 -0 |               15.8 |
                850 |             -0.991 |             -0.492 |                 -0 |                 -0 |               15.8 |
                860 |             -0.998 |             -0.494 |                 -0 |                 -0 |               15.8 |
                870 |             -0.978 |             -0.494 |                 -0 |                 -0 |               15.8 |
                880 |              -0.99 |             -0.492 |            0.00238 |                 -0 |               15.8 |
                890 |             -0.986 |             -0.492 |            0.00192 |                 -0 |               15.8 |
                900 |              -0.99 |               -0.5 |            0.00208 |                 -0 |               15.8 |
                910 |             -0.999 |             -0.494 |            0.00522 |                 -0 |               15.8 |
                920 |                 -1 |             -0.499 |            0.00216 |                 -0 |               15.8 |
                930 |             -0.985 |             -0.511 |            0.00181 |                 -0 |               15.8 |
                940 |             -0.984 |               -0.5 |            0.00226 |                 -0 |               15.8 |
                950 |             -0.984 |             -0.501 |           0.000385 |                 -0 |               15.8 |
                960 |             -0.991 |             -0.507 |            0.00236 |                 -0 |               15.8 |
                970 |             -0.988 |             -0.495 |                 -0 |                 -0 |               15.8 |
                980 |              -0.99 |             -0.504 |            0.00105 |                 -0 |               15.8 |
                990 |             -0.993 |             -0.512 |                 -0 |                 -0 |               15.8 |
Training complete: 
   Data path: /work/qgan_v4/data/train/ang-qml_torch-q4-noiseless-SPSA-aerCPU-rand0-seed0 
   Best eval: -0.0 
   Total time: 1578.4506595134735

Running: /work/qgan_v4/data/train/ang-qml_torch-q4-noiseless-SPSA-aerCPU-rand0.1-seed0/config.yaml
Training data file created.
              Epoch |     Generator cost | Discriminator cost |               Eval |          Best eval |               Time |
                  0 |              -0.74 |             -0.419 |             0.0126 |             0.0126 |               1.58 |
                 10 |             -0.728 |             -0.411 |              0.014 |            0.00281 |               15.8 |
                 20 |             -0.763 |             -0.396 |             0.0188 |            0.00281 |               15.8 |
                 30 |             -0.835 |             -0.401 |             0.0184 |            0.00281 |               15.8 |
                 40 |             -0.767 |             -0.392 |             0.0189 |            0.00281 |               15.8 |
                 50 |             -0.799 |             -0.396 |              0.024 |            0.00281 |               15.8 |
                 60 |             -0.818 |             -0.372 |              0.032 |            0.00281 |               15.8 |
                 70 |             -0.839 |              -0.37 |             0.0225 |            0.00281 |               15.8 |
                 80 |             -0.881 |             -0.378 |             0.0255 |            0.00281 |               15.8 |
                 90 |              -0.89 |              -0.41 |             0.0257 |            0.00281 |               15.8 |
                100 |             -0.895 |              -0.44 |             0.0156 |            0.00281 |               15.8 |
                110 |              -0.87 |             -0.432 |             0.0358 |            0.00281 |               15.8 |
                120 |             -0.891 |             -0.452 |             0.0283 |            0.00281 |               15.8 |
                130 |             -0.869 |             -0.438 |              0.021 |            0.00281 |               15.8 |
                140 |             -0.845 |             -0.476 |             0.0341 |            0.00281 |               15.8 |
                150 |             -0.838 |             -0.471 |             0.0297 |            0.00281 |               15.8 |
                160 |             -0.897 |             -0.483 |             0.0421 |            0.00281 |               15.8 |
                170 |             -0.858 |             -0.497 |             0.0254 |            0.00281 |               15.8 |
                180 |              -0.91 |             -0.485 |             0.0308 |            0.00281 |               15.8 |
                190 |             -0.891 |             -0.472 |               0.04 |            0.00281 |               15.8 |
                200 |             -0.917 |             -0.496 |             0.0356 |            0.00281 |               15.8 |
                210 |             -0.912 |             -0.498 |             0.0318 |            0.00281 |               15.8 |
                220 |             -0.946 |             -0.496 |             0.0179 |            0.00281 |               15.8 |
                230 |             -0.933 |             -0.501 |             0.0124 |            0.00281 |               15.8 |
                240 |             -0.902 |             -0.511 |             0.0204 |            0.00281 |               15.8 |
                250 |             -0.941 |             -0.515 |             0.0158 |            0.00281 |               15.8 |
                260 |             -0.932 |             -0.523 |              0.017 |            0.00281 |               15.8 |
                270 |               -0.9 |             -0.543 |             0.0127 |            0.00281 |               15.8 |
                280 |             -0.892 |             -0.531 |             0.0168 |            0.00281 |               15.8 |
                290 |              -0.93 |             -0.533 |             0.0121 |            0.00281 |               15.8 |
                300 |             -0.894 |             -0.506 |             0.0112 |            0.00281 |               15.8 |
                310 |             -0.886 |             -0.534 |             0.0118 |            0.00187 |               15.8 |
                320 |             -0.937 |             -0.526 |             0.0116 |            0.00187 |               15.8 |
                330 |             -0.921 |             -0.537 |            0.00416 |            0.00187 |               15.8 |
                340 |             -0.938 |             -0.502 |            0.00841 |            0.00122 |               15.8 |
                350 |             -0.949 |             -0.514 |            0.00901 |            0.00122 |               15.8 |
                360 |             -0.971 |             -0.513 |             0.0106 |            0.00122 |               15.8 |
                370 |             -0.952 |             -0.505 |              0.016 |            0.00122 |               15.8 |
                380 |             -0.943 |             -0.519 |             0.0083 |            0.00122 |               15.8 |
                390 |             -0.967 |             -0.503 |            0.00483 |            0.00122 |               15.8 |
                400 |             -0.954 |             -0.517 |           0.000512 |           0.000512 |               15.8 |
                410 |             -0.965 |             -0.504 |             0.0154 |           0.000462 |               15.8 |
                420 |             -0.973 |             -0.497 |            0.00573 |           0.000462 |               15.8 |
                430 |             -0.955 |             -0.507 |            0.00313 |           0.000462 |               15.8 |
                440 |             -0.967 |             -0.497 |             0.0133 |           0.000302 |               15.8 |
                450 |              -0.98 |              -0.48 |             0.0102 |           0.000302 |               15.8 |
                460 |             -0.947 |             -0.489 |            0.00825 |           0.000302 |               15.8 |
                470 |             -0.959 |             -0.494 |            0.00264 |           0.000302 |               15.8 |
                480 |             -0.966 |             -0.487 |            0.00349 |           0.000302 |               15.8 |
                490 |             -0.944 |               -0.5 |             0.0032 |           0.000302 |               15.8 |
                500 |             -0.949 |             -0.491 |            0.00573 |           0.000302 |               15.8 |
                510 |             -0.963 |             -0.493 |            0.00433 |           0.000302 |               15.8 |
                520 |             -0.945 |             -0.489 |            0.00511 |           0.000302 |               15.8 |
                530 |             -0.973 |             -0.494 |            0.00134 |           0.000302 |               15.8 |
                540 |             -0.971 |             -0.495 |            0.00588 |           0.000302 |               15.8 |
                550 |             -0.952 |             -0.495 |             0.0026 |           0.000302 |               15.8 |
                560 |             -0.971 |             -0.497 |           0.000615 |           0.000302 |               15.8 |
                570 |             -0.984 |             -0.501 |           0.000171 |           0.000171 |               15.8 |
                580 |             -0.954 |             -0.516 |            0.00322 |                 -0 |               15.8 |
                590 |             -0.982 |             -0.505 |            0.00952 |                 -0 |               15.8 |
                600 |             -0.971 |             -0.505 |            0.00102 |                 -0 |               15.8 |
                610 |              -0.95 |             -0.497 |                 -0 |                 -0 |               15.8 |
                620 |             -0.947 |             -0.499 |            0.00302 |                 -0 |               15.8 |
                630 |             -0.955 |             -0.504 |            0.00339 |                 -0 |               15.8 |
                640 |              -0.93 |             -0.499 |             0.0037 |                 -0 |               15.8 |
                650 |             -0.958 |             -0.511 |            0.00413 |                 -0 |               15.8 |
                660 |             -0.966 |             -0.508 |             0.0113 |                 -0 |               15.8 |
                670 |             -0.979 |             -0.496 |             0.0111 |                 -0 |               15.8 |
                680 |             -0.963 |             -0.499 |             0.0171 |                 -0 |               15.8 |
                690 |             -0.953 |             -0.507 |              0.011 |                 -0 |               15.8 |
                700 |             -0.946 |             -0.494 |            0.00274 |                 -0 |               15.8 |
                710 |             -0.946 |             -0.499 |            0.00899 |                 -0 |               15.8 |
                720 |             -0.946 |             -0.488 |            0.00493 |                 -0 |               15.8 |
                730 |             -0.973 |             -0.504 |             0.0107 |                 -0 |               15.8 |
                740 |             -0.973 |             -0.499 |             0.0176 |                 -0 |               15.8 |
                750 |             -0.986 |             -0.497 |             0.0149 |                 -0 |               15.8 |
                760 |             -0.983 |             -0.478 |            0.00617 |                 -0 |                 16 |
                770 |             -0.974 |             -0.488 |             0.0105 |                 -0 |               15.8 |
                780 |             -0.967 |              -0.51 |            0.00811 |                 -0 |               15.8 |
                790 |             -0.974 |             -0.498 |             0.0123 |                 -0 |               15.8 |
                800 |             -0.977 |             -0.495 |             0.0224 |                 -0 |               15.8 |
                810 |             -0.979 |             -0.495 |             0.0185 |                 -0 |               15.8 |
                820 |              -0.99 |             -0.507 |            0.00696 |                 -0 |               15.8 |
                830 |             -0.976 |             -0.496 |             0.0141 |                 -0 |               15.8 |
                840 |             -0.968 |             -0.499 |             0.0222 |                 -0 |               15.8 |
                850 |             -0.979 |             -0.499 |             0.0247 |                 -0 |               15.8 |
                860 |             -0.994 |             -0.503 |              0.011 |                 -0 |               15.8 |
                870 |             -0.969 |             -0.515 |             0.0144 |                 -0 |               15.8 |
                880 |             -0.961 |             -0.504 |             0.0129 |                 -0 |               15.8 |
                890 |             -0.983 |             -0.507 |             0.0197 |                 -0 |               15.8 |
                900 |             -0.969 |             -0.502 |              0.017 |                 -0 |               15.8 |
                910 |              -0.96 |             -0.512 |             0.0247 |                 -0 |               15.8 |
                920 |             -0.961 |             -0.512 |            0.00425 |                 -0 |               15.8 |
                930 |              -0.98 |             -0.513 |            0.00869 |                 -0 |               15.8 |
                940 |             -0.967 |             -0.518 |             0.0125 |                 -0 |               15.8 |
                950 |             -0.952 |             -0.507 |             0.0314 |                 -0 |               15.8 |
                960 |             -0.961 |              -0.53 |             0.0248 |                 -0 |               15.8 |
                970 |             -0.962 |             -0.497 |             0.0291 |                 -0 |               15.8 |
                980 |             -0.953 |             -0.516 |             0.0199 |                 -0 |               15.8 |
                990 |             -0.957 |             -0.517 |             0.0209 |                 -0 |               15.8 |
Training complete: 
   Data path: /work/qgan_v4/data/train/ang-qml_torch-q4-noiseless-SPSA-aerCPU-rand0.1-seed0 
   Best eval: -0.0 
   Total time: 1580.4383461475372

Running: /work/qgan_v4/data/train/ang-qml_torch-q4-noiseless-SPSA-aerCPU-rand0-seed1/config.yaml
Training data file created.
              Epoch |     Generator cost | Discriminator cost |               Eval |          Best eval |               Time |
                  0 |             -0.788 |             -0.505 |              0.029 |              0.029 |               1.58 |
                 10 |             -0.824 |               -0.5 |             0.0387 |             0.0222 |               15.8 |
                 20 |              -0.82 |             -0.504 |             0.0322 |             0.0222 |               15.8 |
                 30 |             -0.815 |             -0.502 |             0.0299 |             0.0222 |               15.8 |
                 40 |             -0.822 |              -0.52 |             0.0397 |             0.0222 |               15.8 |
                 50 |             -0.835 |             -0.538 |             0.0359 |             0.0222 |               15.8 |
                 60 |             -0.834 |             -0.526 |             0.0375 |             0.0222 |               15.8 |
                 70 |             -0.856 |             -0.532 |             0.0349 |             0.0222 |               15.8 |
                 80 |             -0.872 |              -0.52 |             0.0218 |             0.0208 |               15.8 |
                 90 |              -0.87 |             -0.526 |             0.0201 |             0.0128 |               15.8 |
                100 |             -0.897 |             -0.524 |             0.0152 |            0.00889 |               15.8 |
                110 |             -0.906 |             -0.512 |            0.00571 |            0.00473 |               15.8 |
                120 |             -0.901 |             -0.524 |             0.0123 |            0.00375 |               15.8 |
                130 |              -0.91 |              -0.51 |             0.0131 |            0.00282 |               15.8 |
                140 |             -0.909 |             -0.511 |            0.00584 |            0.00194 |               15.8 |
                150 |             -0.913 |             -0.507 |            0.00975 |            0.00194 |               15.8 |
                160 |             -0.925 |             -0.501 |            0.00402 |            0.00194 |               15.8 |
                170 |             -0.927 |             -0.514 |            0.00597 |            0.00194 |               15.8 |
                180 |             -0.937 |             -0.497 |             0.0152 |            0.00194 |               15.8 |
                190 |             -0.952 |             -0.492 |            0.00942 |            0.00194 |               15.8 |
                200 |             -0.946 |             -0.502 |            0.00895 |            0.00194 |               15.8 |
                210 |              -0.95 |             -0.498 |            0.00457 |            0.00194 |               15.8 |
                220 |             -0.962 |             -0.496 |            0.00576 |            0.00194 |               15.8 |
                230 |             -0.954 |             -0.496 |            0.00484 |            0.00117 |               15.8 |
                240 |             -0.956 |             -0.499 |            0.00501 |           0.000379 |               15.8 |
                250 |             -0.958 |             -0.499 |            0.00174 |           0.000211 |               15.8 |
                260 |             -0.957 |             -0.513 |            0.00595 |           0.000211 |               15.8 |
                270 |             -0.969 |             -0.501 |            0.00768 |           0.000106 |               15.8 |
                280 |             -0.972 |             -0.509 |            0.00481 |                 -0 |               15.8 |
                290 |              -0.96 |             -0.498 |            0.00337 |                 -0 |               15.8 |
                300 |             -0.966 |             -0.494 |            0.00323 |                 -0 |               15.8 |
                310 |             -0.967 |             -0.496 |                 -0 |                 -0 |               15.8 |
                320 |             -0.959 |             -0.503 |            0.00184 |                 -0 |               15.8 |
                330 |             -0.973 |             -0.483 |            0.00378 |                 -0 |               15.8 |
                340 |             -0.985 |             -0.492 |           0.000863 |                 -0 |               15.8 |
                350 |             -0.962 |             -0.505 |            0.00188 |                 -0 |               15.8 |
                360 |             -0.963 |             -0.488 |                 -0 |                 -0 |               15.8 |
                370 |             -0.979 |             -0.501 |            0.00201 |                 -0 |               15.8 |
                380 |             -0.975 |             -0.488 |            0.00624 |                 -0 |               15.8 |
                390 |             -0.976 |             -0.508 |            0.00148 |                 -0 |               15.8 |
                400 |             -0.995 |             -0.493 |           0.000643 |                 -0 |               15.8 |
                410 |             -0.986 |             -0.494 |           0.000137 |                 -0 |               15.8 |
                420 |             -0.985 |             -0.492 |           0.000968 |                 -0 |               15.8 |
                430 |             -0.973 |             -0.485 |             0.0035 |                 -0 |               15.8 |
                440 |             -0.993 |             -0.498 |            0.00373 |                 -0 |               15.8 |
                450 |             -0.995 |             -0.498 |             0.0019 |                 -0 |               15.8 |
                460 |             -0.993 |             -0.491 |           0.000441 |                 -0 |               15.8 |
                470 |              -0.99 |             -0.498 |            0.00371 |                 -0 |               15.8 |
                480 |             -0.992 |             -0.499 |             0.0011 |                 -0 |               15.8 |
                490 |             -0.984 |               -0.5 |            0.00156 |                 -0 |               15.8 |
                500 |             -0.986 |             -0.502 |                 -0 |                 -0 |               15.8 |
                510 |             -0.985 |             -0.496 |            0.00165 |                 -0 |               15.8 |
                520 |             -0.984 |             -0.491 |            0.00234 |                 -0 |               15.8 |
                530 |              -1.01 |               -0.5 |            0.00127 |                 -0 |               15.8 |
                540 |             -0.976 |             -0.496 |           0.000291 |                 -0 |               15.8 |
                550 |             -0.992 |             -0.498 |            0.00347 |                 -0 |               15.8 |
                560 |             -0.999 |             -0.506 |              0.001 |                 -0 |               15.8 |
                570 |             -0.987 |             -0.491 |           0.000857 |                 -0 |               15.8 |
                580 |             -0.996 |             -0.501 |            0.00371 |                 -0 |               15.8 |
                590 |                 -1 |             -0.497 |            0.00129 |                 -0 |               15.8 |
                600 |             -0.994 |             -0.493 |           0.000268 |                 -0 |               15.8 |
                610 |             -0.988 |             -0.497 |           0.000533 |                 -0 |               15.8 |
                620 |             -0.999 |             -0.498 |                 -0 |                 -0 |               15.8 |
                630 |             -0.997 |             -0.491 |            0.00158 |                 -0 |               15.8 |
                640 |             -0.984 |             -0.491 |            0.00202 |                 -0 |               15.8 |
                650 |             -0.988 |             -0.496 |                 -0 |                 -0 |               15.8 |
                660 |             -0.992 |             -0.498 |           0.000235 |                 -0 |               15.8 |
                670 |             -0.988 |             -0.493 |            0.00259 |                 -0 |               15.8 |
                680 |             -0.997 |             -0.502 |            0.00341 |                 -0 |               15.8 |
                690 |              -0.99 |             -0.501 |                 -0 |                 -0 |               15.8 |
                700 |             -0.982 |             -0.494 |           0.000378 |                 -0 |               15.8 |
                710 |             -0.994 |             -0.494 |            0.00317 |                 -0 |               15.8 |
                720 |                 -1 |             -0.503 |                 -0 |                 -0 |               15.8 |
                730 |             -0.997 |             -0.493 |            0.00672 |                 -0 |               15.8 |
                740 |             -0.984 |             -0.495 |            0.00305 |                 -0 |               15.8 |
                750 |              -1.01 |             -0.498 |            0.00523 |                 -0 |               15.8 |
                760 |             -0.979 |             -0.497 |            0.00358 |                 -0 |               15.8 |
                770 |             -0.982 |             -0.507 |           6.56e-05 |                 -0 |               15.8 |
                780 |             -0.982 |             -0.499 |                 -0 |                 -0 |               15.8 |
                790 |             -0.996 |             -0.491 |            0.00318 |                 -0 |               15.8 |
                800 |             -0.967 |             -0.498 |             0.0022 |                 -0 |               15.8 |
                810 |             -0.995 |             -0.494 |            0.00179 |                 -0 |               15.8 |
                820 |             -0.994 |             -0.491 |            0.00573 |                 -0 |               15.8 |
                830 |             -0.994 |             -0.502 |            0.00173 |                 -0 |               15.8 |
                840 |             -0.976 |             -0.502 |                 -0 |                 -0 |               15.8 |
                850 |                 -1 |              -0.49 |                 -0 |                 -0 |               15.8 |
                860 |              -1.01 |             -0.505 |            0.00335 |                 -0 |               15.8 |
                870 |             -0.994 |             -0.502 |            0.00173 |                 -0 |               15.8 |
                880 |             -0.998 |             -0.502 |            0.00756 |                 -0 |               15.8 |
                890 |             -0.991 |             -0.496 |            0.00453 |                 -0 |               15.8 |
                900 |             -0.985 |             -0.499 |            0.00407 |                 -0 |               15.8 |
                910 |             -0.991 |             -0.498 |           0.000876 |                 -0 |               15.8 |
                920 |             -0.976 |             -0.498 |            0.00159 |                 -0 |               15.8 |
                930 |             -0.993 |             -0.505 |            0.00524 |                 -0 |               15.8 |
                940 |             -0.991 |             -0.495 |             0.0118 |                 -0 |               15.8 |
                950 |             -0.994 |             -0.497 |             0.0101 |                 -0 |               15.8 |
                960 |             -0.971 |             -0.501 |            0.00369 |                 -0 |               15.8 |
                970 |             -0.995 |             -0.495 |            0.00315 |                 -0 |               15.8 |
                980 |             -0.976 |             -0.516 |            0.00889 |                 -0 |               15.8 |
                990 |             -0.983 |             -0.514 |            0.00147 |                 -0 |               15.8 |
Training complete: 
   Data path: /work/qgan_v4/data/train/ang-qml_torch-q4-noiseless-SPSA-aerCPU-rand0-seed1 
   Best eval: -0.0 
   Total time: 1578.325660943985

Running: /work/qgan_v4/data/train/ang-qml_torch-q4-noiseless-SPSA-aerCPU-rand0.1-seed1/config.yaml
Training data file created.
              Epoch |     Generator cost | Discriminator cost |               Eval |          Best eval |               Time |
                  0 |             -0.724 |             -0.492 |             0.0134 |             0.0134 |               1.58 |
                 10 |             -0.706 |             -0.524 |             0.0216 |            0.00593 |               15.8 |
                 20 |             -0.738 |             -0.524 |             0.0183 |            0.00593 |               15.8 |
                 30 |             -0.761 |             -0.513 |             0.0281 |            0.00593 |               15.8 |
                 40 |              -0.75 |             -0.512 |             0.0234 |            0.00593 |               15.8 |
                 50 |             -0.778 |             -0.512 |             0.0165 |            0.00593 |               15.8 |
                 60 |             -0.772 |             -0.567 |             0.0103 |            0.00593 |               15.8 |
                 70 |             -0.794 |             -0.535 |             0.0267 |            0.00593 |               15.8 |
                 80 |             -0.805 |             -0.569 |             0.0128 |            0.00405 |               15.8 |
                 90 |             -0.787 |             -0.568 |             0.0128 |            0.00405 |               15.8 |
                100 |             -0.814 |             -0.545 |             0.0128 |            0.00405 |               15.8 |
                110 |              -0.85 |             -0.545 |            0.00679 |             0.0018 |               15.8 |
                120 |             -0.805 |             -0.515 |             0.0108 |             0.0018 |               15.8 |
                130 |             -0.867 |             -0.527 |             0.0153 |             0.0018 |               15.8 |
                140 |             -0.863 |             -0.528 |             0.0103 |           0.000339 |               15.8 |
                150 |             -0.873 |             -0.546 |               0.01 |           0.000339 |               15.8 |
                160 |             -0.864 |             -0.528 |            0.00145 |           0.000339 |               15.8 |
                170 |             -0.886 |             -0.531 |                 -0 |                 -0 |               15.8 |
                180 |             -0.819 |             -0.539 |           0.000992 |                 -0 |               15.8 |
                190 |             -0.871 |             -0.504 |                 -0 |                 -0 |               15.8 |
                200 |             -0.908 |             -0.512 |            0.00691 |                 -0 |               15.8 |
                210 |             -0.902 |              -0.54 |            0.00421 |                 -0 |               15.8 |
                220 |             -0.896 |             -0.535 |            0.00149 |                 -0 |               15.8 |
                230 |             -0.853 |             -0.533 |            0.00162 |                 -0 |               15.8 |
                240 |             -0.893 |             -0.504 |            0.00295 |                 -0 |               15.8 |
                250 |             -0.924 |              -0.52 |           0.000636 |                 -0 |               15.8 |
                260 |             -0.929 |             -0.512 |            0.00305 |                 -0 |               15.8 |
                270 |             -0.927 |             -0.517 |             0.0036 |                 -0 |               15.8 |
                280 |              -0.93 |             -0.493 |            0.00157 |                 -0 |               15.8 |
                290 |             -0.907 |             -0.499 |           0.000967 |                 -0 |               15.8 |
                300 |             -0.949 |             -0.509 |            0.00159 |                 -0 |               15.8 |
                310 |             -0.924 |              -0.49 |            0.00239 |                 -0 |               15.8 |
                320 |             -0.947 |             -0.505 |            0.00281 |                 -0 |               15.8 |
                330 |             -0.939 |             -0.507 |                 -0 |                 -0 |               15.8 |
                340 |             -0.937 |             -0.505 |            0.00204 |                 -0 |               15.8 |
                350 |             -0.942 |             -0.499 |           0.000476 |                 -0 |               15.8 |
                360 |              -0.96 |             -0.482 |           0.000216 |                 -0 |               15.8 |
                370 |             -0.971 |             -0.486 |                 -0 |                 -0 |               15.8 |
                380 |             -0.959 |             -0.496 |             0.0014 |                 -0 |               15.8 |
                390 |             -0.961 |             -0.481 |                 -0 |                 -0 |               15.8 |
                400 |             -0.949 |             -0.493 |            4.9e-06 |                 -0 |               15.8 |
                410 |             -0.943 |             -0.495 |                 -0 |                 -0 |               15.8 |
                420 |             -0.944 |             -0.504 |            0.00166 |                 -0 |               15.8 |
                430 |             -0.967 |             -0.493 |                 -0 |                 -0 |               15.8 |
                440 |             -0.966 |              -0.52 |                 -0 |                 -0 |               15.8 |
                450 |             -0.961 |             -0.509 |            0.00326 |                 -0 |               15.8 |
                460 |             -0.974 |             -0.502 |           0.000551 |                 -0 |               15.8 |
                470 |             -0.956 |             -0.506 |           0.000395 |                 -0 |               15.8 |
                480 |             -0.948 |             -0.509 |           0.000382 |                 -0 |               15.8 |
                490 |             -0.927 |              -0.51 |            0.00117 |                 -0 |               15.8 |
                500 |             -0.946 |             -0.507 |            0.00147 |                 -0 |               15.8 |
                510 |             -0.967 |             -0.524 |            0.00308 |                 -0 |               15.8 |
                520 |             -0.957 |             -0.505 |                 -0 |                 -0 |               15.8 |
                530 |             -0.951 |             -0.517 |             0.0028 |                 -0 |               15.8 |
                540 |             -0.945 |             -0.517 |                 -0 |                 -0 |               15.8 |
                550 |             -0.959 |             -0.524 |           0.000582 |                 -0 |               15.8 |
                560 |             -0.952 |             -0.504 |                 -0 |                 -0 |               15.8 |
                570 |             -0.965 |             -0.513 |                 -0 |                 -0 |               15.8 |
                580 |             -0.947 |             -0.506 |                 -0 |                 -0 |               15.8 |
                590 |             -0.961 |             -0.522 |            0.00176 |                 -0 |               15.8 |
                600 |             -0.943 |             -0.522 |           0.000257 |                 -0 |               15.8 |
                610 |             -0.964 |             -0.525 |                 -0 |                 -0 |               15.8 |
                620 |             -0.941 |             -0.518 |           0.000907 |                 -0 |               15.8 |
                630 |             -0.944 |             -0.504 |           7.19e-05 |                 -0 |               15.8 |
                640 |             -0.935 |             -0.506 |                 -0 |                 -0 |               15.8 |
                650 |             -0.961 |             -0.509 |            0.00082 |                 -0 |               15.8 |
                660 |             -0.966 |             -0.515 |            0.00125 |                 -0 |               15.8 |
                670 |             -0.952 |             -0.518 |           0.000807 |                 -0 |               15.8 |
                680 |             -0.966 |             -0.517 |            0.00116 |                 -0 |               15.8 |
                690 |             -0.949 |             -0.529 |            0.00168 |                 -0 |               15.8 |
                700 |             -0.961 |              -0.52 |            0.00257 |                 -0 |               15.8 |
                710 |             -0.968 |              -0.53 |            0.00383 |                 -0 |               15.8 |
                720 |             -0.963 |             -0.519 |            0.00174 |                 -0 |               15.8 |
                730 |             -0.964 |             -0.522 |           0.000243 |                 -0 |               15.8 |
                740 |             -0.974 |             -0.509 |            0.00161 |                 -0 |               15.8 |
                750 |             -0.963 |             -0.509 |                 -0 |                 -0 |               15.8 |
                760 |             -0.985 |             -0.513 |           0.000213 |                 -0 |               15.8 |
                770 |             -0.964 |             -0.518 |           0.000881 |                 -0 |               15.8 |
                780 |             -0.953 |             -0.519 |                 -0 |                 -0 |               15.8 |
                790 |             -0.939 |             -0.526 |                 -0 |                 -0 |               15.8 |
                800 |             -0.974 |             -0.517 |                 -0 |                 -0 |               15.8 |
                810 |             -0.938 |              -0.53 |            0.00275 |                 -0 |               15.8 |
                820 |             -0.926 |             -0.524 |           7.63e-05 |                 -0 |               15.8 |
                830 |             -0.943 |             -0.516 |            0.00265 |                 -0 |               15.8 |
                840 |             -0.958 |             -0.517 |            0.00247 |                 -0 |               15.8 |
                850 |             -0.954 |             -0.528 |            0.00056 |                 -0 |               15.8 |
                860 |             -0.958 |             -0.517 |           0.000576 |                 -0 |               15.8 |
                870 |             -0.947 |             -0.509 |           0.000888 |                 -0 |               15.8 |
                880 |             -0.941 |             -0.509 |                 -0 |                 -0 |               15.8 |
                890 |             -0.935 |             -0.513 |                 -0 |                 -0 |               15.8 |
                900 |             -0.958 |             -0.511 |           0.000749 |                 -0 |               15.8 |
                910 |              -0.94 |             -0.527 |           0.000534 |                 -0 |               15.8 |
                920 |             -0.983 |             -0.524 |           0.000708 |                 -0 |               15.8 |
                930 |              -0.96 |             -0.519 |                 -0 |                 -0 |               15.8 |
                940 |             -0.969 |             -0.509 |                 -0 |                 -0 |               15.8 |
                950 |             -0.946 |             -0.515 |            0.00206 |                 -0 |               15.8 |
                960 |             -0.967 |             -0.514 |            0.00671 |                 -0 |               15.8 |
                970 |             -0.927 |             -0.527 |            0.00179 |                 -0 |               15.8 |
                980 |              -0.96 |             -0.511 |           5.64e-05 |                 -0 |               15.8 |
                990 |             -0.969 |             -0.518 |                 -0 |                 -0 |               15.8 |
Training complete: 
   Data path: /work/qgan_v4/data/train/ang-qml_torch-q4-noiseless-SPSA-aerCPU-rand0.1-seed1 
   Best eval: -0.0 
   Total time: 1580.329675912857

Running: /work/qgan_v4/data/train/ang-qml_torch-q4-noiseless-SPSA-aerCPU-rand0-seed2/config.yaml
Training data file created.
              Epoch |     Generator cost | Discriminator cost |               Eval |          Best eval |               Time |
                  0 |             -0.946 |             -0.464 |              0.017 |              0.017 |               1.58 |
                 10 |             -0.941 |             -0.474 |             0.0206 |             0.0152 |               15.8 |
                 20 |             -0.942 |              -0.47 |             0.0222 |            0.00919 |               15.8 |
                 30 |             -0.934 |             -0.479 |             0.0256 |            0.00919 |               15.8 |
                 40 |              -0.94 |             -0.486 |             0.0177 |            0.00919 |               15.8 |
                 50 |             -0.943 |             -0.487 |             0.0141 |            0.00919 |               15.8 |
                 60 |             -0.945 |             -0.493 |            0.00932 |            0.00919 |               15.8 |
                 70 |             -0.959 |             -0.491 |              0.011 |            0.00313 |               15.8 |
                 80 |             -0.947 |             -0.498 |             0.0114 |            0.00255 |               15.8 |
                 90 |             -0.948 |             -0.501 |            0.00663 |            0.00255 |               15.8 |
                100 |             -0.951 |             -0.497 |            0.00904 |            0.00255 |               15.8 |
                110 |              -0.96 |             -0.497 |            0.00644 |              0.001 |               15.8 |
                120 |             -0.953 |             -0.505 |            0.00387 |              0.001 |                 16 |
                130 |             -0.951 |             -0.505 |            0.00632 |              0.001 |               15.8 |
                140 |             -0.947 |             -0.504 |            0.00433 |              0.001 |               15.8 |
                150 |              -0.96 |             -0.506 |            0.00705 |              0.001 |               15.8 |
                160 |             -0.965 |             -0.502 |             0.0101 |              0.001 |               15.8 |
                170 |             -0.968 |             -0.513 |            0.00783 |              0.001 |               15.8 |
                180 |             -0.975 |             -0.497 |             0.0115 |              0.001 |               15.8 |
                190 |             -0.963 |             -0.504 |             0.0189 |              0.001 |               15.8 |
                200 |             -0.955 |             -0.511 |             0.0166 |              0.001 |               15.8 |
                210 |             -0.949 |             -0.508 |             0.0165 |              0.001 |               15.8 |
                220 |             -0.948 |             -0.514 |              0.015 |              0.001 |               15.8 |
                230 |             -0.945 |             -0.515 |            0.00969 |              0.001 |               15.8 |
                240 |             -0.967 |             -0.519 |             0.0267 |              0.001 |               15.8 |
                250 |             -0.965 |             -0.508 |              0.012 |              0.001 |               15.8 |
                260 |             -0.956 |             -0.504 |             0.0101 |              0.001 |               15.8 |
                270 |             -0.957 |             -0.507 |             0.0147 |              0.001 |               15.8 |
                280 |             -0.962 |             -0.509 |             0.0159 |              0.001 |               15.8 |
                290 |             -0.963 |             -0.503 |             0.0113 |              0.001 |               15.8 |
                300 |             -0.968 |             -0.492 |             0.0143 |              0.001 |               15.8 |
                310 |             -0.969 |             -0.507 |             0.0162 |              0.001 |               15.8 |
                320 |             -0.967 |             -0.497 |             0.0213 |              0.001 |               15.8 |
                330 |             -0.972 |             -0.499 |             0.0136 |              0.001 |               15.8 |
                340 |             -0.967 |             -0.494 |             0.0105 |              0.001 |               15.8 |
                350 |             -0.988 |             -0.498 |            0.00985 |              0.001 |               15.8 |
                360 |             -0.989 |             -0.502 |            0.00775 |              0.001 |               15.8 |
                370 |             -0.968 |             -0.497 |            0.00922 |              0.001 |               15.8 |
                380 |             -0.991 |             -0.498 |             0.0137 |              0.001 |               15.8 |
                390 |             -0.974 |             -0.494 |            0.00547 |              0.001 |               15.8 |
                400 |             -0.977 |             -0.502 |            0.00434 |              0.001 |               15.8 |
                410 |             -0.971 |             -0.507 |            0.00519 |              0.001 |               15.8 |
                420 |             -0.976 |             -0.496 |            0.00834 |              0.001 |               15.8 |
                430 |              -0.97 |               -0.5 |            0.00847 |              0.001 |               15.8 |
                440 |             -0.977 |             -0.512 |             0.0065 |              0.001 |               15.8 |
                450 |             -0.972 |             -0.502 |            0.00443 |              0.001 |               15.8 |
                460 |              -0.98 |             -0.512 |            0.00831 |              0.001 |               15.8 |
                470 |             -0.956 |             -0.504 |            0.00931 |              0.001 |               15.8 |
                480 |             -0.981 |             -0.503 |             0.0189 |              0.001 |               15.8 |
                490 |             -0.973 |             -0.503 |              0.017 |              0.001 |               15.8 |
                500 |             -0.983 |             -0.498 |             0.0162 |              0.001 |               15.8 |
                510 |             -0.976 |             -0.499 |               0.02 |              0.001 |               15.8 |
                520 |             -0.987 |             -0.497 |             0.0136 |              0.001 |               15.8 |
                530 |             -0.985 |             -0.503 |             0.0137 |              0.001 |               15.8 |
                540 |             -0.978 |             -0.499 |             0.0186 |              0.001 |               15.8 |
                550 |             -0.986 |             -0.497 |             0.0102 |              0.001 |               15.8 |
                560 |             -0.976 |             -0.497 |            0.00975 |              0.001 |               15.8 |
                570 |             -0.983 |             -0.497 |            0.00767 |              0.001 |               15.8 |
                580 |             -0.973 |             -0.494 |             0.0159 |              0.001 |               15.8 |
                590 |             -0.975 |             -0.507 |             0.0224 |              0.001 |               15.8 |
                600 |             -0.993 |             -0.498 |             0.0208 |              0.001 |               15.8 |
                610 |             -0.988 |             -0.509 |              0.015 |              0.001 |               15.8 |
                620 |             -0.978 |             -0.495 |             0.0143 |              0.001 |               15.8 |
                630 |             -0.969 |             -0.507 |             0.0101 |              0.001 |               15.8 |
                640 |             -0.971 |             -0.514 |            0.00969 |              0.001 |               15.8 |
                650 |             -0.983 |             -0.504 |             0.0103 |              0.001 |               15.8 |
                660 |             -0.961 |             -0.504 |            0.00898 |              0.001 |               15.8 |
                670 |             -0.983 |             -0.503 |              0.014 |              0.001 |               15.8 |
                680 |             -0.976 |             -0.506 |             0.0161 |              0.001 |               15.8 |
                690 |              -0.97 |               -0.5 |             0.0155 |              0.001 |               15.8 |
                700 |             -0.963 |             -0.491 |             0.0145 |              0.001 |               15.8 |
                710 |             -0.953 |             -0.493 |              0.013 |              0.001 |               15.8 |
                720 |             -0.972 |             -0.501 |             0.0123 |              0.001 |               15.8 |
                730 |             -0.971 |             -0.503 |             0.0123 |              0.001 |               15.8 |
                740 |             -0.959 |             -0.503 |            0.00686 |              0.001 |               15.8 |
                750 |             -0.976 |             -0.495 |             0.0101 |              0.001 |               15.8 |
                760 |             -0.952 |             -0.512 |             0.0185 |              0.001 |               15.8 |
                770 |             -0.966 |             -0.497 |            0.00593 |              0.001 |               15.8 |
                780 |             -0.953 |             -0.499 |             0.0131 |              0.001 |               15.8 |
                790 |             -0.973 |             -0.495 |            0.00821 |              0.001 |               15.8 |
                800 |             -0.963 |             -0.494 |            0.00761 |              0.001 |               15.8 |
                810 |             -0.948 |             -0.498 |            0.00309 |              0.001 |               15.8 |
                820 |             -0.968 |             -0.494 |             0.0176 |              0.001 |               15.8 |
                830 |             -0.959 |             -0.507 |            0.00747 |              0.001 |               15.8 |
                840 |              -0.96 |             -0.499 |            0.00965 |              0.001 |               15.8 |
                850 |             -0.947 |             -0.493 |            0.00284 |              0.001 |               15.8 |
                860 |             -0.936 |             -0.501 |            0.00666 |              0.001 |               15.8 |
                870 |             -0.942 |             -0.508 |             0.0104 |              0.001 |               15.8 |
                880 |             -0.938 |               -0.5 |             0.0137 |              0.001 |               15.8 |
                890 |             -0.938 |             -0.506 |            0.00337 |              0.001 |               15.8 |
                900 |             -0.961 |               -0.5 |             0.0102 |              0.001 |               15.8 |
                910 |             -0.946 |             -0.499 |            0.00961 |              0.001 |               15.8 |
                920 |             -0.964 |             -0.495 |             0.0136 |              0.001 |               15.8 |
                930 |             -0.972 |             -0.491 |             0.0117 |              0.001 |               15.8 |
                940 |             -0.962 |             -0.501 |            0.00485 |              0.001 |               15.8 |
                950 |             -0.962 |             -0.494 |            0.00823 |              0.001 |               15.8 |
                960 |             -0.965 |             -0.502 |            0.00536 |           0.000639 |               15.8 |
                970 |             -0.954 |             -0.497 |            0.00387 |           0.000639 |               15.8 |
                980 |             -0.947 |              -0.51 |            0.00986 |           0.000639 |               15.8 |
                990 |             -0.945 |             -0.505 |            0.00926 |           0.000639 |               15.8 |
Training complete: 
   Data path: /work/qgan_v4/data/train/ang-qml_torch-q4-noiseless-SPSA-aerCPU-rand0-seed2 
   Best eval: 0.0006389208137989044 
   Total time: 1578.6877615451813

Running: /work/qgan_v4/data/train/ang-qml_torch-q4-noiseless-SPSA-aerCPU-rand0.1-seed2/config.yaml
Training data file created.
              Epoch |     Generator cost | Discriminator cost |               Eval |          Best eval |               Time |
                  0 |             -0.952 |             -0.478 |            0.00954 |            0.00954 |               1.58 |
                 10 |             -0.961 |             -0.479 |             0.0145 |            0.00423 |               15.8 |
                 20 |             -0.938 |             -0.477 |            0.00454 |            0.00206 |               15.8 |
                 30 |             -0.933 |             -0.478 |            0.00729 |            0.00206 |               15.8 |
                 40 |             -0.954 |             -0.491 |             0.0146 |            0.00206 |               15.8 |
                 50 |             -0.964 |             -0.488 |            0.00591 |            0.00206 |               15.8 |
                 60 |             -0.947 |             -0.479 |              0.014 |            0.00206 |               15.8 |
                 70 |             -0.958 |             -0.483 |            0.00809 |            0.00206 |               15.8 |
                 80 |             -0.944 |             -0.486 |             0.0141 |            0.00206 |               15.8 |
                 90 |             -0.943 |             -0.505 |             0.0112 |            0.00206 |               15.8 |
                100 |             -0.946 |             -0.491 |            0.00735 |            0.00206 |               15.8 |
                110 |             -0.943 |             -0.493 |             0.0102 |            0.00206 |               15.8 |
                120 |             -0.948 |             -0.512 |            0.00521 |            0.00206 |               15.8 |
                130 |             -0.945 |             -0.497 |            0.00765 |            0.00206 |               15.8 |
                140 |             -0.936 |             -0.499 |            0.00372 |            0.00206 |               15.8 |
                150 |             -0.954 |               -0.5 |            0.00539 |            0.00143 |               15.8 |
                160 |             -0.943 |               -0.5 |            0.00906 |            0.00143 |               15.8 |
                170 |             -0.964 |             -0.503 |            0.00185 |            0.00143 |               15.8 |
                180 |             -0.948 |             -0.509 |            0.00327 |            0.00143 |               15.8 |
                190 |              -0.94 |             -0.505 |            0.00338 |            0.00143 |               15.8 |
                200 |             -0.961 |             -0.495 |            0.00872 |            0.00143 |               15.8 |
                210 |             -0.958 |             -0.509 |            0.00958 |            0.00143 |               15.8 |
                220 |              -0.96 |             -0.509 |            0.00279 |            0.00143 |               15.8 |
                230 |             -0.962 |             -0.501 |            0.00679 |            0.00143 |               15.8 |
                240 |             -0.956 |             -0.503 |            0.00614 |            0.00129 |               15.8 |
                250 |             -0.963 |             -0.522 |            0.00342 |            0.00129 |               15.8 |
                260 |             -0.941 |              -0.53 |            0.00203 |            0.00129 |               15.8 |
                270 |             -0.941 |             -0.507 |            0.00295 |                 -0 |               15.8 |
                280 |              -0.93 |             -0.512 |            0.00334 |                 -0 |               15.8 |
                290 |             -0.945 |             -0.519 |            0.00416 |                 -0 |               15.8 |
                300 |             -0.948 |             -0.507 |            0.00503 |                 -0 |               15.8 |
                310 |             -0.962 |             -0.515 |           0.000164 |                 -0 |               15.8 |
                320 |             -0.956 |             -0.514 |             0.0025 |                 -0 |               15.8 |
                330 |             -0.951 |             -0.525 |           0.000575 |                 -0 |               15.8 |
                340 |             -0.968 |             -0.512 |            0.00769 |                 -0 |               15.8 |
                350 |             -0.953 |             -0.524 |            0.00434 |                 -0 |               15.8 |
                360 |             -0.949 |             -0.507 |            0.00388 |                 -0 |               15.8 |
                370 |             -0.965 |             -0.509 |            0.00498 |                 -0 |               15.8 |
                380 |              -0.98 |             -0.518 |            0.00478 |                 -0 |               15.8 |
                390 |             -0.945 |              -0.51 |            0.00379 |                 -0 |               15.8 |
                400 |             -0.983 |             -0.489 |            0.00774 |                 -0 |               15.8 |
                410 |             -0.967 |             -0.524 |            0.00422 |                 -0 |               15.8 |
                420 |             -0.961 |             -0.515 |            0.00125 |                 -0 |               15.8 |
                430 |             -0.959 |             -0.511 |            0.00582 |                 -0 |               15.8 |
                440 |             -0.956 |             -0.511 |             0.0034 |                 -0 |               15.8 |
                450 |             -0.958 |             -0.516 |            0.00368 |                 -0 |               15.8 |
                460 |             -0.967 |             -0.515 |            0.00381 |                 -0 |               15.8 |
                470 |             -0.951 |             -0.531 |            0.00414 |                 -0 |               15.8 |
                480 |             -0.939 |              -0.52 |            0.00835 |                 -0 |               15.8 |
                490 |             -0.955 |             -0.511 |            0.00437 |                 -0 |               15.8 |
                500 |             -0.957 |             -0.514 |            0.00415 |                 -0 |               15.8 |
                510 |             -0.951 |             -0.516 |            0.00622 |                 -0 |               15.8 |
                520 |             -0.973 |              -0.52 |            0.00357 |                 -0 |               15.8 |
                530 |             -0.972 |             -0.514 |            0.00572 |                 -0 |               15.8 |
                540 |             -0.985 |              -0.52 |             0.0032 |                 -0 |               15.8 |
                550 |             -0.954 |              -0.51 |             0.0087 |                 -0 |               15.8 |
                560 |             -0.971 |             -0.513 |            0.00335 |                 -0 |               15.8 |
                570 |             -0.972 |             -0.511 |            0.00877 |                 -0 |               15.8 |
                580 |             -0.962 |             -0.516 |             0.0122 |                 -0 |               15.8 |
                590 |             -0.969 |             -0.503 |             0.0111 |                 -0 |               15.8 |
                600 |             -0.965 |             -0.514 |            0.00462 |                 -0 |               15.8 |
                610 |              -0.97 |             -0.501 |            0.00411 |                 -0 |               15.8 |
                620 |             -0.962 |             -0.513 |            0.00787 |                 -0 |               15.8 |
                630 |             -0.974 |             -0.514 |            0.00786 |                 -0 |               15.8 |
                640 |             -0.961 |              -0.51 |            0.00914 |                 -0 |               15.8 |
                650 |             -0.967 |              -0.52 |            0.00702 |                 -0 |               15.8 |
                660 |             -0.948 |             -0.515 |            0.00673 |                 -0 |               15.8 |
                670 |             -0.937 |             -0.521 |            0.00369 |                 -0 |               15.8 |
                680 |             -0.955 |             -0.519 |            0.00271 |                 -0 |               15.8 |
                690 |             -0.956 |             -0.511 |            0.00478 |                 -0 |               15.8 |
                700 |             -0.976 |             -0.515 |            0.00859 |                 -0 |               15.8 |
                710 |             -0.946 |             -0.514 |             0.0152 |                 -0 |               15.8 |
                720 |             -0.935 |             -0.514 |            0.00391 |                 -0 |               15.8 |
                730 |             -0.959 |             -0.504 |             0.0114 |                 -0 |               15.8 |
                740 |             -0.993 |             -0.516 |             0.0109 |                 -0 |               15.8 |
                750 |             -0.974 |             -0.523 |            0.00432 |                 -0 |               15.8 |
                760 |             -0.963 |             -0.503 |            0.00673 |                 -0 |               15.8 |
                770 |             -0.971 |             -0.516 |            0.00607 |                 -0 |               15.8 |
                780 |              -0.96 |             -0.499 |            0.00567 |                 -0 |               15.8 |
                790 |             -0.965 |             -0.516 |            0.00726 |                 -0 |               15.8 |
                800 |             -0.957 |             -0.507 |            0.00847 |                 -0 |               15.8 |
                810 |             -0.968 |             -0.509 |              0.013 |                 -0 |               15.8 |
                820 |             -0.974 |             -0.508 |            0.00624 |                 -0 |               15.8 |
                830 |             -0.973 |             -0.509 |            0.00798 |                 -0 |               15.8 |
                840 |             -0.964 |             -0.512 |             0.0145 |                 -0 |               15.8 |
                850 |             -0.953 |             -0.505 |            0.00865 |                 -0 |               15.8 |
                860 |             -0.952 |             -0.523 |            0.00897 |                 -0 |               15.8 |
                870 |             -0.962 |             -0.515 |             0.0151 |                 -0 |               15.8 |
                880 |             -0.979 |             -0.508 |            0.00962 |                 -0 |               15.8 |
                890 |             -0.978 |             -0.507 |            0.00333 |                 -0 |               15.8 |
                900 |             -0.956 |             -0.516 |            0.00818 |                 -0 |               15.8 |
                910 |             -0.959 |             -0.506 |             0.0158 |                 -0 |               15.8 |
                920 |             -0.977 |             -0.499 |             0.0137 |                 -0 |               15.8 |
                930 |             -0.951 |             -0.506 |             0.0072 |                 -0 |               15.8 |
                940 |              -0.96 |             -0.503 |            0.00744 |                 -0 |               15.8 |
                950 |             -0.944 |             -0.504 |            0.00469 |                 -0 |               15.8 |
                960 |             -0.953 |             -0.524 |           0.000245 |                 -0 |               15.8 |
                970 |             -0.969 |             -0.509 |            0.00663 |                 -0 |               15.8 |
                980 |             -0.976 |             -0.526 |            0.00696 |                 -0 |               15.8 |
                990 |             -0.959 |             -0.518 |            0.00664 |                 -0 |               15.8 |
Training complete: 
   Data path: /work/qgan_v4/data/train/ang-qml_torch-q4-noiseless-SPSA-aerCPU-rand0.1-seed2 
   Best eval: -0.0 
   Total time: 1580.2774357795715

Running: /work/qgan_v4/data/train/ang-qml_torch-q4-noiseless-REG-aerCPU-rand0-seed0/config.yaml
Training data file created.
              Epoch |     Generator cost | Discriminator cost |               Eval |          Best eval |               Time |
                  0 |             -0.903 |             -0.336 |             0.0341 |             0.0341 |               1.87 |
                 10 |             -0.976 |             -0.334 |             0.0253 |             0.0232 |               18.5 |
                 20 |             -0.969 |             -0.363 |             0.0342 |             0.0214 |               18.5 |
                 30 |             -0.946 |             -0.396 |             0.0509 |             0.0214 |               18.3 |
                 40 |             -0.951 |             -0.436 |             0.0775 |             0.0214 |               18.6 |
                 50 |              -0.93 |             -0.456 |              0.105 |             0.0214 |               18.3 |
                 60 |             -0.943 |             -0.478 |              0.101 |             0.0214 |               18.6 |
                 70 |             -0.945 |             -0.481 |              0.103 |             0.0214 |               18.3 |
                 80 |             -0.933 |             -0.478 |             0.0783 |             0.0214 |               18.6 |
                 90 |             -0.929 |             -0.482 |             0.0396 |             0.0214 |               18.6 |
                100 |              -0.94 |             -0.488 |             0.0148 |             0.0148 |               18.3 |
                110 |             -0.952 |             -0.467 |             0.0348 |             0.0148 |               18.6 |
                120 |             -0.952 |             -0.484 |             0.0936 |             0.0148 |               18.3 |
                130 |             -0.967 |             -0.491 |               0.14 |             0.0148 |               18.5 |
                140 |             -0.965 |             -0.491 |              0.145 |             0.0148 |               18.3 |
                150 |             -0.959 |             -0.512 |              0.152 |             0.0148 |               18.5 |
                160 |             -0.954 |             -0.506 |              0.163 |             0.0148 |               18.6 |
                170 |             -0.963 |             -0.512 |              0.163 |             0.0148 |               18.3 |
                180 |             -0.949 |              -0.51 |              0.167 |             0.0148 |               18.5 |
                190 |             -0.959 |             -0.502 |              0.179 |             0.0148 |               18.3 |
                200 |             -0.966 |             -0.489 |              0.163 |             0.0148 |               18.5 |
                210 |             -0.978 |             -0.507 |              0.138 |             0.0148 |               18.3 |
                220 |             -0.994 |             -0.507 |              0.114 |             0.0148 |               18.5 |
                230 |                 -1 |             -0.493 |              0.101 |             0.0148 |               18.3 |
                240 |                 -1 |             -0.481 |             0.0802 |             0.0148 |               18.5 |
                250 |             -0.988 |             -0.491 |             0.0632 |             0.0148 |               18.5 |
                260 |             -0.989 |             -0.496 |              0.069 |             0.0148 |               18.3 |
                270 |             -0.977 |             -0.489 |             0.0874 |             0.0148 |               18.5 |
                280 |             -0.976 |              -0.49 |             0.0952 |             0.0148 |               18.3 |
                290 |             -0.964 |             -0.512 |             0.0785 |             0.0148 |               18.5 |
                300 |             -0.948 |             -0.507 |             0.0753 |             0.0148 |               18.3 |
                310 |             -0.936 |             -0.517 |             0.0864 |             0.0148 |               18.5 |
                320 |             -0.932 |             -0.516 |             0.0862 |             0.0148 |               18.3 |
                330 |             -0.937 |             -0.499 |             0.0662 |             0.0148 |               18.5 |
                340 |             -0.925 |             -0.511 |             0.0207 |             0.0148 |               18.5 |
                350 |             -0.941 |             -0.511 |            0.00973 |            0.00973 |               18.3 |
                360 |             -0.923 |             -0.505 |            0.00326 |            0.00326 |               18.5 |
                370 |             -0.912 |              -0.51 |                 -0 |                 -0 |               18.3 |
                380 |             -0.902 |             -0.513 |            0.00335 |                 -0 |               18.5 |
                390 |             -0.886 |             -0.513 |              0.015 |                 -0 |               18.3 |
                400 |             -0.897 |             -0.498 |             0.0168 |                 -0 |               18.5 |
                410 |             -0.887 |             -0.507 |             0.0236 |                 -0 |               18.5 |
                420 |             -0.893 |             -0.491 |             0.0178 |                 -0 |               18.3 |
                430 |             -0.867 |             -0.503 |             0.0164 |                 -0 |               18.5 |
                440 |             -0.905 |             -0.502 |             0.0201 |                 -0 |               18.3 |
                450 |             -0.918 |             -0.491 |             0.0291 |                 -0 |               18.5 |
                460 |             -0.945 |             -0.492 |             0.0304 |                 -0 |               18.3 |
                470 |             -0.967 |             -0.495 |             0.0512 |                 -0 |               18.5 |
                480 |             -0.968 |             -0.496 |             0.0471 |                 -0 |               18.5 |
                490 |             -0.964 |             -0.507 |             0.0268 |                 -0 |               18.3 |
                500 |             -0.938 |             -0.511 |            0.00471 |                 -0 |               18.5 |
                510 |             -0.947 |              -0.51 |                 -0 |                 -0 |               18.3 |
                520 |             -0.955 |             -0.509 |                 -0 |                 -0 |               18.5 |
                530 |             -0.954 |             -0.494 |             0.0011 |                 -0 |               18.3 |
                540 |              -0.97 |             -0.484 |             0.0022 |                 -0 |               18.5 |
                550 |             -0.987 |             -0.481 |            0.00359 |                 -0 |               18.3 |
                560 |             -0.986 |              -0.49 |            0.00311 |                 -0 |               18.5 |
                570 |             -0.988 |             -0.494 |            0.00156 |                 -0 |               18.5 |
                580 |                 -1 |             -0.501 |            0.00207 |                 -0 |               18.3 |
                590 |             -0.963 |             -0.509 |            0.00338 |                 -0 |               18.5 |
                600 |             -0.956 |             -0.493 |            0.00157 |                 -0 |               18.3 |
                610 |             -0.942 |             -0.501 |           0.000249 |                 -0 |               18.5 |
                620 |             -0.956 |             -0.502 |           6.79e-05 |                 -0 |               18.3 |
                630 |             -0.934 |               -0.5 |                 -0 |                 -0 |               18.5 |
                640 |             -0.968 |             -0.491 |                 -0 |                 -0 |               18.3 |
                650 |             -0.975 |             -0.498 |             0.0182 |                 -0 |               18.5 |
                660 |             -0.993 |             -0.493 |             0.0392 |                 -0 |               18.5 |
                670 |             -0.988 |             -0.501 |             0.0504 |                 -0 |               18.3 |
                680 |             -0.977 |             -0.502 |             0.0373 |                 -0 |               18.5 |
                690 |             -0.961 |             -0.502 |              0.016 |                 -0 |               18.3 |
                700 |              -0.96 |             -0.502 |           0.000409 |                 -0 |               18.5 |
                710 |             -0.983 |             -0.503 |           0.000306 |                 -0 |               18.3 |
                720 |             -0.994 |             -0.497 |            0.00241 |                 -0 |               18.5 |
                730 |             -0.981 |             -0.486 |           0.000618 |                 -0 |               18.5 |
                740 |             -0.979 |             -0.487 |            0.00528 |                 -0 |               18.3 |
                750 |             -0.984 |             -0.497 |            0.00293 |                 -0 |               18.5 |
                760 |             -0.982 |             -0.495 |             0.0041 |                 -0 |               18.3 |
                770 |             -0.988 |             -0.492 |            0.00545 |                 -0 |               18.5 |
                780 |             -0.988 |             -0.499 |           0.000868 |                 -0 |               18.3 |
                790 |             -0.994 |             -0.511 |            0.00268 |                 -0 |               18.5 |
                800 |             -0.989 |             -0.496 |            0.00273 |                 -0 |               18.3 |
                810 |             -0.986 |               -0.5 |            0.00516 |                 -0 |               18.5 |
                820 |             -0.987 |             -0.511 |            0.00146 |                 -0 |               18.5 |
                830 |             -0.982 |             -0.494 |            0.00324 |                 -0 |               18.3 |
                840 |             -0.989 |             -0.494 |            0.00214 |                 -0 |               18.5 |
                850 |              -0.98 |             -0.493 |            0.00264 |                 -0 |               18.3 |
                860 |                 -1 |             -0.491 |            0.00155 |                 -0 |               18.5 |
                870 |             -0.999 |             -0.493 |                 -0 |                 -0 |               18.3 |
                880 |             -0.992 |             -0.483 |                 -0 |                 -0 |               18.5 |
                890 |                 -1 |             -0.498 |            0.00194 |                 -0 |               18.5 |
                900 |             -0.994 |             -0.496 |           2.91e-05 |                 -0 |               18.3 |
                910 |             -0.993 |             -0.509 |                 -0 |                 -0 |               18.5 |
                920 |             -0.995 |             -0.497 |            4.8e-05 |                 -0 |               18.3 |
                930 |             -0.997 |             -0.504 |                 -0 |                 -0 |               18.5 |
                940 |             -0.999 |             -0.488 |                 -0 |                 -0 |               18.3 |
                950 |             -0.984 |             -0.499 |                 -0 |                 -0 |               18.5 |
                960 |             -0.998 |             -0.495 |                 -0 |                 -0 |               18.5 |
                970 |             -0.996 |             -0.497 |                 -0 |                 -0 |               18.3 |
                980 |             -0.994 |             -0.501 |             0.0015 |                 -0 |               18.5 |
                990 |             -0.997 |             -0.496 |            0.00176 |                 -0 |               18.3 |
Training complete: 
   Data path: /work/qgan_v4/data/train/ang-qml_torch-q4-noiseless-REG-aerCPU-rand0-seed0 
   Best eval: -0.0 
   Total time: 1843.3261840343475

Running: /work/qgan_v4/data/train/ang-qml_torch-q4-noiseless-REG-aerCPU-rand0.1-seed0/config.yaml
Training data file created.
              Epoch |     Generator cost | Discriminator cost |               Eval |          Best eval |               Time |
                  0 |             -0.738 |             -0.403 |             0.0121 |             0.0121 |               1.87 |
                 10 |             -0.816 |             -0.408 |            0.00646 |            0.00131 |               18.3 |
                 20 |             -0.892 |             -0.408 |             0.0117 |            0.00131 |               18.6 |
                 30 |             -0.898 |             -0.457 |             0.0179 |            0.00131 |               18.3 |
                 40 |             -0.838 |             -0.493 |             0.0163 |            0.00131 |               18.6 |
                 50 |             -0.871 |             -0.513 |             0.0229 |            0.00131 |               18.3 |
                 60 |             -0.921 |             -0.527 |             0.0163 |            0.00131 |               18.6 |
                 70 |             -0.914 |             -0.511 |             0.0076 |           0.000587 |               18.6 |
                 80 |             -0.911 |             -0.502 |            0.00427 |           0.000268 |               18.3 |
                 90 |             -0.925 |             -0.502 |            0.00438 |                 -0 |               18.6 |
                100 |             -0.933 |             -0.515 |            0.00198 |                 -0 |               18.3 |
                110 |             -0.923 |             -0.511 |           0.000702 |                 -0 |               18.6 |
                120 |             -0.939 |             -0.526 |              0.009 |                 -0 |               18.3 |
                130 |             -0.935 |             -0.516 |             0.0295 |                 -0 |               18.6 |
                140 |             -0.929 |             -0.512 |             0.0208 |                 -0 |               18.3 |
                150 |             -0.929 |             -0.503 |              0.027 |                 -0 |               18.6 |
                160 |             -0.915 |             -0.501 |             0.0177 |                 -0 |               18.3 |
                170 |              -0.94 |             -0.509 |             0.0146 |                 -0 |               18.6 |
                180 |             -0.937 |             -0.507 |             0.0356 |                 -0 |               18.3 |
                190 |             -0.943 |             -0.506 |             0.0189 |                 -0 |               18.6 |
                200 |             -0.959 |             -0.511 |             0.0325 |                 -0 |               18.3 |
                210 |             -0.947 |             -0.504 |             0.0119 |                 -0 |               18.6 |
                220 |             -0.959 |             -0.514 |            0.00578 |                 -0 |               18.3 |
                230 |             -0.965 |             -0.499 |             0.0203 |                 -0 |               18.6 |
                240 |             -0.955 |             -0.517 |             0.0149 |                 -0 |               18.6 |
                250 |             -0.941 |             -0.526 |             0.0137 |                 -0 |               18.3 |
                260 |             -0.963 |             -0.514 |             0.0073 |                 -0 |               18.6 |
                270 |             -0.936 |             -0.508 |            0.00348 |                 -0 |               18.3 |
                280 |              -0.95 |             -0.501 |            0.00376 |                 -0 |               18.6 |
                290 |             -0.936 |             -0.515 |             0.0116 |                 -0 |               18.3 |
                300 |              -0.94 |             -0.524 |            0.00435 |                 -0 |               18.6 |
                310 |             -0.936 |             -0.508 |            0.00413 |                 -0 |               18.3 |
                320 |             -0.935 |             -0.512 |           1.16e-05 |                 -0 |               18.6 |
                330 |             -0.936 |             -0.506 |                 -0 |                 -0 |               18.3 |
                340 |             -0.935 |             -0.503 |                 -0 |                 -0 |               18.6 |
                350 |              -0.94 |             -0.502 |             0.0031 |                 -0 |               18.3 |
                360 |             -0.944 |             -0.506 |            0.00473 |                 -0 |               18.6 |
                370 |             -0.932 |             -0.505 |             0.0119 |                 -0 |               18.3 |
                380 |             -0.964 |             -0.504 |             0.0246 |                 -0 |               18.6 |
                390 |             -0.973 |             -0.509 |             0.0096 |                 -0 |               18.3 |
                400 |             -0.951 |             -0.515 |            0.00701 |                 -0 |               18.6 |
                410 |             -0.952 |             -0.511 |             0.0142 |                 -0 |               18.6 |
                420 |             -0.947 |             -0.503 |             0.0189 |                 -0 |               18.3 |
                430 |             -0.947 |             -0.511 |             0.0109 |                 -0 |               18.6 |
                440 |             -0.939 |             -0.518 |            0.00876 |                 -0 |               18.3 |
                450 |             -0.957 |             -0.508 |           0.000154 |                 -0 |               18.6 |
                460 |              -0.96 |               -0.5 |                 -0 |                 -0 |               18.3 |
                470 |             -0.955 |             -0.515 |                 -0 |                 -0 |               18.6 |
                480 |             -0.958 |             -0.502 |           0.000119 |                 -0 |               18.3 |
                490 |             -0.956 |             -0.521 |                 -0 |                 -0 |               18.6 |
                500 |             -0.969 |              -0.52 |                 -0 |                 -0 |               18.3 |
                510 |             -0.972 |             -0.526 |            0.00186 |                 -0 |               18.6 |
                520 |             -0.955 |             -0.504 |            0.00158 |                 -0 |               18.3 |
                530 |             -0.975 |             -0.512 |                 -0 |                 -0 |               18.6 |
                540 |             -0.967 |             -0.494 |                 -0 |                 -0 |               18.3 |
                550 |             -0.968 |             -0.503 |            0.00153 |                 -0 |               18.6 |
                560 |             -0.973 |             -0.505 |           0.000855 |                 -0 |               18.3 |
                570 |             -0.958 |             -0.512 |            0.00447 |                 -0 |               18.6 |
                580 |             -0.976 |             -0.512 |                 -0 |                 -0 |               18.6 |
                590 |             -0.976 |             -0.507 |            0.00162 |                 -0 |               18.3 |
                600 |             -0.965 |               -0.5 |            0.00356 |                 -0 |               18.6 |
                610 |             -0.974 |             -0.508 |            0.00168 |                 -0 |               18.3 |
                620 |             -0.989 |             -0.498 |            0.00172 |                 -0 |               18.6 |
                630 |             -0.965 |             -0.506 |           0.000203 |                 -0 |               18.3 |
                640 |             -0.969 |             -0.509 |            0.00535 |                 -0 |               18.6 |
                650 |             -0.974 |             -0.514 |            0.00103 |                 -0 |               18.3 |
                660 |             -0.993 |             -0.507 |            0.00276 |                 -0 |               18.6 |
                670 |             -0.977 |             -0.516 |           0.000764 |                 -0 |               18.3 |
                680 |             -0.977 |             -0.492 |            0.00112 |                 -0 |               18.6 |
                690 |             -0.966 |             -0.513 |            0.00235 |                 -0 |               18.3 |
                700 |             -0.973 |             -0.518 |                 -0 |                 -0 |               18.6 |
                710 |             -0.982 |             -0.506 |             0.0046 |                 -0 |               18.3 |
                720 |              -0.99 |             -0.512 |            0.00531 |                 -0 |               18.6 |
                730 |             -0.968 |             -0.509 |           0.000905 |                 -0 |               18.3 |
                740 |             -0.994 |             -0.503 |            0.00224 |                 -0 |               18.6 |
                750 |             -0.985 |             -0.507 |            0.00281 |                 -0 |               18.6 |
                760 |             -0.975 |             -0.498 |            0.00222 |                 -0 |               18.3 |
                770 |             -0.967 |             -0.504 |            0.00026 |                 -0 |               18.6 |
                780 |             -0.972 |             -0.516 |            0.00733 |                 -0 |               18.3 |
                790 |             -0.987 |             -0.514 |            0.00867 |                 -0 |               18.6 |
                800 |             -0.987 |             -0.511 |            0.00345 |                 -0 |               18.3 |
                810 |             -0.989 |             -0.507 |            0.00813 |                 -0 |               18.6 |
                820 |             -0.985 |             -0.507 |             0.0109 |                 -0 |               18.3 |
                830 |                 -1 |             -0.513 |            0.00152 |                 -0 |               18.6 |
                840 |             -0.977 |             -0.503 |            0.00902 |                 -0 |               18.3 |
                850 |             -0.976 |             -0.514 |            0.00215 |                 -0 |               18.6 |
                860 |             -0.992 |             -0.509 |           0.000496 |                 -0 |               18.3 |
                870 |              -0.98 |             -0.513 |            0.00884 |                 -0 |               18.6 |
                880 |             -0.988 |             -0.509 |             0.0078 |                 -0 |               18.3 |
                890 |             -0.972 |             -0.511 |             0.0133 |                 -0 |               18.6 |
                900 |             -0.987 |             -0.515 |            0.00237 |                 -0 |               18.3 |
                910 |             -0.979 |             -0.518 |            0.00364 |                 -0 |               18.6 |
                920 |             -0.973 |             -0.502 |            0.00221 |                 -0 |               18.6 |
                930 |             -0.979 |             -0.503 |            0.00376 |                 -0 |               18.3 |
                940 |             -0.987 |              -0.51 |            0.00323 |                 -0 |               18.6 |
                950 |             -0.971 |              -0.51 |            0.00419 |                 -0 |               18.3 |
                960 |             -0.975 |             -0.516 |            0.00847 |                 -0 |               18.6 |
                970 |             -0.963 |             -0.504 |            0.00278 |                 -0 |               18.3 |
                980 |             -0.996 |              -0.51 |            0.00799 |                 -0 |               18.6 |
                990 |             -0.994 |             -0.514 |            0.00836 |                 -0 |               18.3 |
Training complete: 
   Data path: /work/qgan_v4/data/train/ang-qml_torch-q4-noiseless-REG-aerCPU-rand0.1-seed0 
   Best eval: -0.0 
   Total time: 1847.6736752986908

Running: /work/qgan_v4/data/train/ang-qml_torch-q4-noiseless-REG-aerCPU-rand0-seed1/config.yaml
Training data file created.
              Epoch |     Generator cost | Discriminator cost |               Eval |          Best eval |               Time |
                  0 |             -0.797 |             -0.495 |             0.0289 |             0.0289 |               1.87 |
                 10 |             -0.809 |             -0.519 |             0.0353 |             0.0228 |               18.3 |
                 20 |              -0.87 |             -0.499 |             0.0257 |             0.0146 |               18.5 |
                 30 |             -0.895 |             -0.507 |             0.0237 |             0.0127 |               18.3 |
                 40 |             -0.895 |             -0.506 |             0.0191 |             0.0127 |               18.5 |
                 50 |             -0.931 |             -0.499 |             0.0243 |             0.0127 |               18.5 |
                 60 |             -0.942 |             -0.493 |             0.0208 |             0.0127 |               18.3 |
                 70 |              -0.96 |             -0.491 |             0.0212 |             0.0127 |               18.5 |
                 80 |             -0.971 |             -0.491 |             0.0188 |            0.00728 |               18.3 |
                 90 |             -0.993 |             -0.481 |             0.0086 |            0.00262 |               18.6 |
                100 |             -0.971 |             -0.491 |            0.00565 |            0.00178 |               18.3 |
                110 |             -0.959 |             -0.502 |                 -0 |                 -0 |               18.6 |
                120 |             -0.944 |             -0.513 |            0.00202 |                 -0 |               18.3 |
                130 |             -0.938 |             -0.508 |            0.00147 |                 -0 |               18.6 |
                140 |             -0.949 |             -0.498 |            0.00704 |                 -0 |               18.5 |
                150 |             -0.937 |             -0.493 |             0.0097 |                 -0 |               18.3 |
                160 |             -0.941 |             -0.507 |             0.0283 |                 -0 |               18.6 |
                170 |             -0.941 |             -0.488 |             0.0165 |                 -0 |               18.3 |
                180 |             -0.955 |             -0.494 |             0.0244 |                 -0 |               18.5 |
                190 |             -0.928 |             -0.497 |             0.0327 |                 -0 |               18.3 |
                200 |              -0.95 |             -0.497 |             0.0281 |                 -0 |               18.5 |
                210 |             -0.936 |             -0.483 |             0.0264 |                 -0 |               18.3 |
                220 |             -0.959 |             -0.488 |             0.0295 |                 -0 |               18.5 |
                230 |             -0.932 |             -0.505 |             0.0213 |                 -0 |               18.6 |
                240 |             -0.942 |              -0.49 |             0.0208 |                 -0 |               18.3 |
                250 |             -0.938 |               -0.5 |             0.0217 |                 -0 |               18.6 |
                260 |             -0.921 |             -0.499 |             0.0122 |                 -0 |               18.3 |
                270 |             -0.903 |             -0.503 |            0.00445 |                 -0 |               18.5 |
                280 |             -0.901 |             -0.494 |           0.000445 |                 -0 |               18.3 |
                290 |             -0.919 |             -0.488 |            0.00226 |                 -0 |               18.5 |
                300 |             -0.916 |             -0.499 |              0.011 |                 -0 |               18.3 |
                310 |             -0.941 |             -0.483 |             0.0394 |                 -0 |               18.5 |
                320 |             -0.965 |             -0.489 |             0.0567 |                 -0 |               18.3 |
                330 |             -0.992 |             -0.498 |             0.0653 |                 -0 |               18.5 |
                340 |             -0.989 |             -0.497 |              0.068 |                 -0 |               18.5 |
                350 |              -0.98 |             -0.497 |             0.0479 |                 -0 |               18.3 |
                360 |             -0.984 |             -0.497 |             0.0438 |                 -0 |               18.5 |
                370 |                 -1 |             -0.493 |             0.0378 |                 -0 |               18.3 |
                380 |             -0.971 |             -0.501 |             0.0241 |                 -0 |               18.6 |
                390 |             -0.993 |              -0.49 |             0.0276 |                 -0 |               18.3 |
                400 |              -0.99 |             -0.497 |             0.0196 |                 -0 |               18.6 |
                410 |                 -1 |               -0.5 |             0.0158 |                 -0 |               18.3 |
                420 |              -0.99 |             -0.493 |             0.0126 |                 -0 |               18.5 |
                430 |             -0.994 |             -0.504 |             0.0155 |                 -0 |               18.5 |
                440 |             -0.996 |             -0.505 |             0.0173 |                 -0 |               18.3 |
                450 |             -0.995 |             -0.502 |             0.0183 |                 -0 |               18.5 |
                460 |             -0.998 |             -0.504 |             0.0169 |                 -0 |               18.3 |
                470 |             -0.992 |             -0.498 |             0.0167 |                 -0 |               18.5 |
                480 |             -0.982 |               -0.5 |             0.0188 |                 -0 |               18.3 |
                490 |             -0.991 |             -0.497 |             0.0273 |                 -0 |               18.5 |
                500 |                 -1 |             -0.501 |             0.0251 |                 -0 |               18.3 |
                510 |             -0.989 |             -0.501 |             0.0223 |                 -0 |               18.6 |
                520 |             -0.992 |             -0.497 |             0.0214 |                 -0 |               18.5 |
                530 |             -0.996 |             -0.488 |             0.0253 |                 -0 |               18.3 |
                540 |             -0.974 |             -0.484 |             0.0293 |                 -0 |               18.6 |
                550 |                 -1 |             -0.504 |             0.0295 |                 -0 |               18.3 |
                560 |             -0.987 |             -0.494 |             0.0359 |                 -0 |               18.5 |
                570 |             -0.994 |             -0.493 |             0.0315 |                 -0 |               18.3 |
                580 |                 -1 |             -0.495 |             0.0299 |                 -0 |               18.5 |
                590 |             -0.999 |             -0.504 |             0.0324 |                 -0 |               18.3 |
                600 |             -0.989 |             -0.498 |             0.0274 |                 -0 |               18.6 |
                610 |              -1.01 |             -0.496 |             0.0313 |                 -0 |               18.3 |
                620 |             -0.991 |             -0.501 |             0.0378 |                 -0 |               18.5 |
                630 |                 -1 |             -0.503 |             0.0381 |                 -0 |               18.6 |
                640 |             -0.996 |             -0.512 |             0.0435 |                 -0 |               18.3 |
                650 |              -1.01 |             -0.501 |             0.0385 |                 -0 |               18.5 |
                660 |                 -1 |             -0.496 |             0.0348 |                 -0 |               18.3 |
                670 |                 -1 |             -0.501 |             0.0358 |                 -0 |               18.6 |
                680 |              -1.01 |             -0.492 |             0.0448 |                 -0 |               18.3 |
                690 |              -1.01 |             -0.484 |             0.0364 |                 -0 |               18.5 |
                700 |                 -1 |               -0.5 |             0.0386 |                 -0 |               18.3 |
                710 |             -0.996 |             -0.499 |              0.043 |                 -0 |               18.6 |
                720 |              -1.01 |             -0.511 |             0.0438 |                 -0 |               18.5 |
                730 |             -0.986 |             -0.503 |              0.045 |                 -0 |               18.3 |
                740 |                 -1 |             -0.501 |             0.0367 |                 -0 |               18.6 |
                750 |                 -1 |             -0.506 |             0.0376 |                 -0 |               18.3 |
                760 |              -1.01 |             -0.496 |             0.0479 |                 -0 |               18.5 |
                770 |             -0.989 |             -0.498 |             0.0454 |                 -0 |               18.3 |
                780 |             -0.994 |             -0.485 |             0.0413 |                 -0 |               18.5 |
                790 |                 -1 |             -0.501 |             0.0448 |                 -0 |               18.3 |
                800 |             -0.996 |             -0.495 |             0.0528 |                 -0 |               18.6 |
                810 |                 -1 |             -0.506 |             0.0473 |                 -0 |               18.5 |
                820 |             -0.985 |             -0.492 |              0.051 |                 -0 |               18.3 |
                830 |                 -1 |              -0.51 |             0.0524 |                 -0 |               18.6 |
                840 |             -0.989 |               -0.5 |             0.0453 |                 -0 |               18.3 |
                850 |              -1.01 |               -0.5 |              0.053 |                 -0 |               18.6 |
                860 |              -1.01 |             -0.499 |             0.0625 |                 -0 |               18.3 |
                870 |             -0.993 |             -0.497 |             0.0484 |                 -0 |               18.5 |
                880 |              -1.01 |             -0.497 |              0.048 |                 -0 |               18.3 |
                890 |             -0.993 |             -0.502 |             0.0581 |                 -0 |               18.5 |
                900 |             -0.999 |             -0.489 |             0.0629 |                 -0 |               18.3 |
                910 |             -0.997 |             -0.501 |             0.0603 |                 -0 |               18.5 |
                920 |                 -1 |             -0.494 |              0.056 |                 -0 |               18.5 |
                930 |              -1.01 |             -0.499 |             0.0502 |                 -0 |               18.3 |
                940 |                 -1 |             -0.509 |             0.0633 |                 -0 |               18.5 |
                950 |             -0.992 |               -0.5 |             0.0662 |                 -0 |               18.3 |
                960 |             -0.988 |             -0.506 |             0.0689 |                 -0 |               18.6 |
                970 |             -0.995 |             -0.497 |             0.0661 |                 -0 |               18.3 |
                980 |                 -1 |             -0.499 |             0.0709 |                 -0 |               18.6 |
                990 |             -0.993 |             -0.502 |             0.0692 |                 -0 |               18.3 |
Training complete: 
   Data path: /work/qgan_v4/data/train/ang-qml_torch-q4-noiseless-REG-aerCPU-rand0-seed1 
   Best eval: -0.0 
   Total time: 1843.1195912361145

Running: /work/qgan_v4/data/train/ang-qml_torch-q4-noiseless-REG-aerCPU-rand0.1-seed1/config.yaml
Training data file created.
              Epoch |     Generator cost | Discriminator cost |               Eval |          Best eval |               Time |
                  0 |             -0.714 |             -0.487 |             0.0132 |             0.0132 |               1.87 |
                 10 |             -0.724 |             -0.521 |             0.0128 |            0.00791 |               18.6 |
                 20 |              -0.79 |             -0.531 |            0.00876 |            0.00516 |               18.3 |
                 30 |             -0.802 |             -0.522 |            0.00652 |            0.00433 |               18.6 |
                 40 |             -0.842 |             -0.533 |            0.00354 |            0.00354 |               18.3 |
                 50 |             -0.894 |             -0.502 |            0.00202 |           0.000457 |               18.6 |
                 60 |             -0.913 |             -0.506 |            0.00587 |                 -0 |               18.3 |
                 70 |             -0.923 |             -0.507 |            0.00375 |                 -0 |               18.6 |
                 80 |             -0.961 |             -0.512 |           0.000388 |                 -0 |               18.3 |
                 90 |             -0.952 |             -0.516 |            0.00105 |                 -0 |               18.6 |
                100 |             -0.964 |              -0.51 |            0.00232 |                 -0 |               18.3 |
                110 |             -0.961 |             -0.507 |             0.0085 |                 -0 |               18.6 |
                120 |             -0.965 |             -0.514 |             0.0168 |                 -0 |               18.3 |
                130 |             -0.961 |             -0.521 |             0.0213 |                 -0 |               18.6 |
                140 |             -0.952 |             -0.517 |            0.00678 |                 -0 |               18.3 |
                150 |             -0.963 |             -0.527 |             0.0136 |                 -0 |               18.6 |
                160 |             -0.974 |             -0.515 |           0.000401 |                 -0 |               18.3 |
                170 |             -0.954 |             -0.516 |            0.00462 |                 -0 |               18.6 |
                180 |             -0.954 |             -0.512 |            0.00171 |                 -0 |               18.3 |
                190 |             -0.972 |             -0.506 |             0.0057 |                 -0 |               18.6 |
                200 |             -0.956 |             -0.513 |            0.00664 |                 -0 |               18.3 |
                210 |             -0.961 |              -0.51 |            0.00157 |                 -0 |               18.6 |
                220 |             -0.987 |             -0.515 |             0.0131 |                 -0 |               18.3 |
                230 |              -0.97 |             -0.515 |             0.0043 |                 -0 |               18.6 |
                240 |             -0.963 |             -0.505 |            0.00872 |                 -0 |               18.3 |
                250 |              -0.95 |             -0.532 |             0.0122 |                 -0 |               18.6 |
                260 |             -0.954 |             -0.513 |            0.00678 |                 -0 |               18.6 |
                270 |             -0.946 |             -0.514 |            0.00636 |                 -0 |               18.3 |
                280 |             -0.917 |             -0.527 |            0.00105 |                 -0 |               18.6 |
                290 |             -0.898 |             -0.528 |            0.00134 |                 -0 |               18.3 |
                300 |             -0.869 |              -0.54 |            0.00269 |                 -0 |               18.6 |
                310 |             -0.832 |             -0.529 |            0.00231 |                 -0 |               18.3 |
                320 |             -0.804 |             -0.546 |             0.0113 |                 -0 |               18.6 |
                330 |             -0.784 |              -0.54 |             0.0176 |                 -0 |               18.3 |
                340 |              -0.81 |             -0.519 |            0.00153 |                 -0 |               18.6 |
                350 |             -0.832 |             -0.501 |            0.00906 |                 -0 |               18.3 |
                360 |             -0.895 |             -0.491 |             0.0387 |                 -0 |               18.6 |
                370 |             -0.908 |              -0.49 |               0.09 |                 -0 |               18.3 |
                380 |             -0.888 |             -0.503 |              0.102 |                 -0 |               18.6 |
                390 |             -0.918 |             -0.499 |             0.0911 |                 -0 |               18.3 |
                400 |             -0.897 |             -0.504 |             0.0599 |                 -0 |               18.6 |
                410 |             -0.922 |             -0.509 |             0.0425 |                 -0 |               18.3 |
                420 |             -0.909 |             -0.513 |            0.00674 |                 -0 |               18.6 |
                430 |             -0.903 |              -0.52 |             0.0127 |                 -0 |               18.3 |
                440 |             -0.916 |             -0.515 |                 -0 |                 -0 |               18.6 |
                450 |             -0.922 |             -0.509 |            0.00459 |                 -0 |               18.3 |
                460 |             -0.928 |             -0.512 |            0.00431 |                 -0 |               18.6 |
                470 |             -0.922 |             -0.512 |                 -0 |                 -0 |               18.3 |
                480 |             -0.957 |             -0.504 |            0.00505 |                 -0 |               18.6 |
                490 |             -0.943 |             -0.495 |             0.0051 |                 -0 |               18.3 |
                500 |             -0.944 |              -0.51 |           0.000482 |                 -0 |               18.6 |
                510 |             -0.959 |             -0.515 |            0.00329 |                 -0 |               18.3 |
                520 |             -0.951 |             -0.515 |            0.00165 |                 -0 |               18.6 |
                530 |             -0.962 |             -0.521 |           0.000135 |                 -0 |               18.3 |
                540 |              -0.96 |             -0.506 |                 -0 |                 -0 |               18.6 |
                550 |             -0.921 |             -0.502 |           0.000357 |                 -0 |               18.6 |
                560 |             -0.951 |             -0.513 |           0.000776 |                 -0 |               18.3 |
                570 |             -0.941 |             -0.507 |            0.00242 |                 -0 |               18.6 |
                580 |             -0.947 |               -0.5 |            0.00091 |                 -0 |               18.3 |
                590 |             -0.955 |             -0.507 |                 -0 |                 -0 |               18.6 |
                600 |              -0.95 |             -0.504 |            0.00367 |                 -0 |               18.3 |
                610 |             -0.964 |             -0.519 |            0.00761 |                 -0 |               18.6 |
                620 |             -0.959 |             -0.503 |            0.00108 |                 -0 |               18.3 |
                630 |             -0.947 |             -0.513 |            0.00213 |                 -0 |               18.6 |
                640 |             -0.958 |             -0.503 |            0.00127 |                 -0 |               18.3 |
                650 |             -0.953 |             -0.502 |            0.00105 |                 -0 |               18.6 |
                660 |             -0.953 |             -0.524 |                 -0 |                 -0 |               18.3 |
                670 |             -0.958 |             -0.496 |             0.0012 |                 -0 |               18.6 |
                680 |             -0.939 |             -0.517 |             0.0029 |                 -0 |               18.3 |
                690 |             -0.936 |              -0.51 |           0.000937 |                 -0 |               18.6 |
                700 |             -0.954 |             -0.509 |                 -0 |                 -0 |               18.3 |
                710 |             -0.932 |             -0.514 |           5.43e-05 |                 -0 |               18.6 |
                720 |             -0.942 |             -0.499 |           0.000712 |                 -0 |               18.3 |
                730 |             -0.944 |             -0.514 |                 -0 |                 -0 |               18.6 |
                740 |             -0.934 |             -0.507 |                 -0 |                 -0 |               18.3 |
                750 |             -0.945 |             -0.502 |            0.00279 |                 -0 |               18.6 |
                760 |             -0.954 |             -0.511 |                 -0 |                 -0 |               18.3 |
                770 |             -0.967 |             -0.504 |                 -0 |                 -0 |               18.6 |
                780 |             -0.978 |             -0.503 |                 -0 |                 -0 |               18.3 |
                790 |             -0.959 |             -0.508 |            0.00217 |                 -0 |               18.6 |
                800 |             -0.983 |             -0.502 |                 -0 |                 -0 |               18.3 |
                810 |             -0.957 |             -0.501 |            0.00514 |                 -0 |               18.6 |
                820 |             -0.981 |             -0.512 |            0.00508 |                 -0 |               18.3 |
                830 |             -0.962 |             -0.512 |           0.000166 |                 -0 |               18.6 |
                840 |             -0.969 |             -0.509 |            0.00348 |                 -0 |               18.6 |
                850 |             -0.984 |             -0.513 |            0.00862 |                 -0 |               18.3 |
                860 |             -0.971 |             -0.497 |            0.00596 |                 -0 |               18.6 |
                870 |             -0.986 |             -0.514 |                 -0 |                 -0 |               18.3 |
                880 |             -0.996 |             -0.506 |            0.00216 |                 -0 |               18.6 |
                890 |             -0.972 |             -0.512 |            0.00293 |                 -0 |               18.3 |
                900 |             -0.986 |             -0.505 |            0.00128 |                 -0 |               18.6 |
                910 |              -0.96 |             -0.512 |            0.00206 |                 -0 |               18.3 |
                920 |             -0.978 |             -0.508 |            0.00162 |                 -0 |               18.6 |
                930 |             -0.977 |             -0.512 |                 -0 |                 -0 |               18.3 |
                940 |             -0.977 |              -0.51 |                 -0 |                 -0 |               18.6 |
                950 |              -0.98 |             -0.515 |                 -0 |                 -0 |               18.3 |
                960 |             -0.986 |             -0.512 |             0.0083 |                 -0 |               18.6 |
                970 |             -0.983 |             -0.503 |            0.00328 |                 -0 |               18.3 |
                980 |             -0.982 |             -0.509 |             0.0008 |                 -0 |               18.6 |
                990 |             -0.979 |             -0.523 |             0.0116 |                 -0 |               18.3 |
Training complete: 
   Data path: /work/qgan_v4/data/train/ang-qml_torch-q4-noiseless-REG-aerCPU-rand0.1-seed1 
   Best eval: -0.0 
   Total time: 1847.677018404007

Running: /work/qgan_v4/data/train/ang-qml_torch-q4-noiseless-REG-aerCPU-rand0-seed2/config.yaml
Training data file created.
              Epoch |     Generator cost | Discriminator cost |               Eval |          Best eval |               Time |
                  0 |             -0.956 |              -0.47 |             0.0186 |             0.0186 |               1.87 |
                 10 |             -0.956 |             -0.482 |            0.00783 |            0.00424 |               18.3 |
                 20 |             -0.974 |             -0.493 |            0.00947 |            0.00424 |               18.5 |
                 30 |             -0.976 |             -0.494 |             0.0134 |            0.00424 |               18.3 |
                 40 |             -0.987 |             -0.502 |             0.0117 |            0.00424 |               18.5 |
                 50 |             -0.991 |             -0.501 |            0.00281 |           0.000976 |               18.5 |
                 60 |             -0.975 |             -0.495 |            0.00133 |           0.000976 |               18.3 |
                 70 |             -0.955 |             -0.509 |            0.00398 |           9.39e-05 |               18.5 |
                 80 |             -0.949 |             -0.504 |            0.00104 |           8.13e-06 |               18.3 |
                 90 |             -0.946 |             -0.501 |           9.25e-05 |                 -0 |               18.5 |
                100 |             -0.954 |             -0.498 |            0.00711 |                 -0 |               18.3 |
                110 |             -0.939 |             -0.496 |                 -0 |                 -0 |               18.5 |
                120 |             -0.929 |             -0.499 |            0.00147 |                 -0 |               18.3 |
                130 |              -0.96 |               -0.5 |           0.000894 |                 -0 |               18.5 |
                140 |              -0.97 |             -0.504 |            0.00561 |                 -0 |               18.3 |
                150 |             -0.977 |             -0.502 |             0.0241 |                 -0 |               18.5 |
                160 |             -0.971 |              -0.49 |             0.0536 |                 -0 |               18.5 |
                170 |             -0.993 |             -0.503 |             0.0761 |                 -0 |               18.3 |
                180 |              -0.99 |             -0.493 |             0.0926 |                 -0 |               18.5 |
                190 |             -0.999 |             -0.502 |              0.105 |                 -0 |               18.3 |
                200 |             -0.987 |             -0.496 |              0.108 |                 -0 |               18.5 |
                210 |             -0.995 |             -0.506 |              0.122 |                 -0 |               18.3 |
                220 |             -0.977 |             -0.501 |               0.13 |                 -0 |               18.5 |
                230 |             -0.978 |             -0.503 |              0.124 |                 -0 |               18.3 |
                240 |             -0.986 |             -0.512 |              0.121 |                 -0 |               18.5 |
                250 |              -1.01 |             -0.507 |              0.126 |                 -0 |               18.3 |
                260 |                 -1 |               -0.5 |              0.134 |                 -0 |               18.5 |
                270 |             -0.998 |             -0.503 |              0.127 |                 -0 |               18.5 |
                280 |             -0.987 |             -0.505 |              0.129 |                 -0 |               18.3 |
                290 |             -0.985 |             -0.503 |              0.137 |                 -0 |               18.5 |
                300 |             -0.991 |             -0.506 |              0.129 |                 -0 |               18.3 |
                310 |             -0.992 |             -0.514 |              0.132 |                 -0 |               18.5 |
                320 |             -0.993 |             -0.495 |              0.152 |                 -0 |               18.3 |
                330 |             -0.992 |             -0.489 |              0.143 |                 -0 |               18.5 |
                340 |             -0.998 |             -0.498 |              0.145 |                 -0 |               18.3 |
                350 |             -0.997 |             -0.503 |              0.145 |                 -0 |               18.5 |
                360 |                 -1 |             -0.509 |               0.14 |                 -0 |               18.3 |
                370 |             -0.997 |             -0.501 |              0.142 |                 -0 |               18.5 |
                380 |                 -1 |             -0.501 |              0.133 |                 -0 |               18.5 |
                390 |             -0.994 |             -0.509 |              0.136 |                 -0 |               18.3 |
                400 |             -0.983 |             -0.495 |              0.139 |                 -0 |               18.5 |
                410 |             -0.994 |             -0.504 |              0.129 |                 -0 |               18.3 |
                420 |             -0.999 |             -0.504 |              0.125 |                 -0 |               18.5 |
                430 |             -0.986 |               -0.5 |              0.112 |                 -0 |               18.3 |
                440 |             -0.997 |             -0.506 |              0.102 |                 -0 |               18.5 |
                450 |             -0.963 |             -0.495 |             0.0854 |                 -0 |               18.3 |
                460 |             -0.974 |             -0.509 |             0.0573 |                 -0 |               18.5 |
                470 |             -0.954 |             -0.505 |             0.0259 |                 -0 |               18.3 |
                480 |             -0.936 |             -0.501 |                 -0 |                 -0 |               18.5 |
                490 |             -0.954 |             -0.503 |                 -0 |                 -0 |               18.3 |
                500 |             -0.958 |             -0.495 |           0.000641 |                 -0 |               18.5 |
                510 |             -0.972 |             -0.497 |            0.00205 |                 -0 |               18.5 |
                520 |             -0.972 |             -0.487 |            0.00356 |                 -0 |               18.3 |
                530 |                 -1 |             -0.493 |                 -0 |                 -0 |               18.5 |
                540 |              -0.98 |             -0.499 |            0.00054 |                 -0 |               18.3 |
                550 |             -0.988 |               -0.5 |                 -0 |                 -0 |               18.5 |
                560 |             -0.984 |             -0.503 |                 -0 |                 -0 |               18.3 |
                570 |             -0.973 |             -0.506 |                 -0 |                 -0 |               18.5 |
                580 |             -0.989 |             -0.508 |           0.000894 |                 -0 |               18.3 |
                590 |             -0.982 |             -0.514 |            0.00322 |                 -0 |               18.5 |
                600 |             -0.973 |             -0.513 |            0.00877 |                 -0 |               18.3 |
                610 |             -0.938 |             -0.499 |            0.00287 |                 -0 |               18.5 |
                620 |             -0.927 |             -0.508 |                 -0 |                 -0 |               18.5 |
                630 |             -0.934 |             -0.496 |                 -0 |                 -0 |               18.3 |
                640 |             -0.949 |              -0.49 |                 -0 |                 -0 |               18.5 |
                650 |             -0.981 |             -0.492 |              0.023 |                 -0 |               18.3 |
                660 |                 -1 |             -0.493 |             0.0355 |                 -0 |               18.5 |
                670 |             -0.989 |             -0.508 |             0.0446 |                 -0 |               18.3 |
                680 |             -0.971 |             -0.501 |             0.0493 |                 -0 |               18.5 |
                690 |             -0.972 |             -0.497 |             0.0357 |                 -0 |               18.3 |
                700 |             -0.978 |             -0.502 |             0.0149 |                 -0 |               18.5 |
                710 |              -0.98 |             -0.502 |             0.0072 |                 -0 |               18.3 |
                720 |             -0.967 |             -0.495 |             0.0162 |                 -0 |               18.5 |
                730 |             -0.985 |             -0.502 |             0.0193 |                 -0 |               18.3 |
                740 |              -0.99 |             -0.494 |             0.0443 |                 -0 |               18.5 |
                750 |                 -1 |             -0.502 |             0.0274 |                 -0 |               18.5 |
                760 |              -0.99 |             -0.499 |              0.035 |                 -0 |               18.3 |
                770 |             -0.991 |             -0.498 |             0.0433 |                 -0 |               18.5 |
                780 |             -0.987 |              -0.49 |             0.0375 |                 -0 |               18.3 |
                790 |             -0.987 |             -0.504 |             0.0246 |                 -0 |               18.5 |
                800 |             -0.985 |             -0.496 |             0.0333 |                 -0 |               18.3 |
                810 |             -0.963 |             -0.502 |             0.0222 |                 -0 |               18.5 |
                820 |             -0.958 |             -0.504 |             0.0427 |                 -0 |               18.3 |
                830 |             -0.956 |             -0.502 |             0.0359 |                 -0 |               18.5 |
                840 |             -0.963 |             -0.498 |             0.0108 |                 -0 |               18.3 |
                850 |             -0.969 |             -0.494 |             0.0189 |                 -0 |               18.5 |
                860 |             -0.973 |             -0.503 |             0.0447 |                 -0 |               18.5 |
                870 |             -0.978 |             -0.498 |             0.0759 |                 -0 |               18.3 |
                880 |             -0.975 |             -0.508 |             0.0837 |                 -0 |               18.5 |
                890 |             -0.967 |             -0.505 |              0.115 |                 -0 |               18.3 |
                900 |             -0.967 |             -0.506 |              0.148 |                 -0 |               18.5 |
                910 |             -0.968 |             -0.503 |              0.145 |                 -0 |               18.3 |
                920 |             -0.989 |             -0.501 |              0.171 |                 -0 |               18.5 |
                930 |              -0.98 |             -0.495 |              0.181 |                 -0 |               18.3 |
                940 |             -0.983 |             -0.497 |              0.183 |                 -0 |               18.5 |
                950 |             -0.979 |             -0.489 |              0.184 |                 -0 |               18.3 |
                960 |             -0.979 |             -0.498 |              0.194 |                 -0 |               18.5 |
                970 |             -0.989 |             -0.496 |              0.176 |                 -0 |               18.3 |
                980 |             -0.981 |             -0.497 |              0.179 |                 -0 |               18.5 |
                990 |             -0.988 |             -0.512 |              0.159 |                 -0 |               18.5 |
Training complete: 
   Data path: /work/qgan_v4/data/train/ang-qml_torch-q4-noiseless-REG-aerCPU-rand0-seed2 
   Best eval: -0.0 
   Total time: 1841.0770881175995

Running: /work/qgan_v4/data/train/ang-qml_torch-q4-noiseless-REG-aerCPU-rand0.1-seed2/config.yaml
Training data file created.
              Epoch |     Generator cost | Discriminator cost |               Eval |          Best eval |               Time |
                  0 |             -0.948 |             -0.479 |            0.00903 |            0.00903 |               1.87 |
                 10 |             -0.944 |             -0.483 |            0.00605 |            0.00605 |               18.6 |
                 20 |              -0.96 |             -0.509 |             0.0127 |            0.00605 |               18.3 |
                 30 |             -0.961 |              -0.52 |            0.00952 |            0.00174 |               18.6 |
                 40 |             -0.927 |             -0.512 |            0.00768 |            0.00174 |               18.3 |
                 50 |             -0.947 |             -0.505 |             0.0041 |            0.00174 |               18.6 |
                 60 |             -0.948 |             -0.505 |            0.00511 |            0.00174 |               18.3 |
                 70 |             -0.933 |             -0.515 |            0.00507 |           0.000164 |               18.6 |
                 80 |             -0.933 |             -0.521 |            0.00142 |           0.000164 |               18.3 |
                 90 |              -0.91 |             -0.523 |            0.00231 |                 -0 |               18.6 |
                100 |             -0.902 |             -0.535 |            0.00123 |                 -0 |               18.3 |
                110 |             -0.861 |             -0.518 |                 -0 |                 -0 |               18.6 |
                120 |             -0.866 |             -0.534 |            0.00196 |                 -0 |               18.3 |
                130 |             -0.836 |             -0.527 |           0.000873 |                 -0 |               18.6 |
                140 |             -0.852 |              -0.52 |            0.00751 |                 -0 |               18.3 |
                150 |             -0.848 |              -0.51 |              0.014 |                 -0 |               18.6 |
                160 |             -0.874 |             -0.514 |            0.00523 |                 -0 |               18.3 |
                170 |             -0.887 |             -0.494 |            0.00435 |                 -0 |               18.6 |
                180 |             -0.897 |             -0.495 |             0.0375 |                 -0 |               18.3 |
                190 |             -0.905 |             -0.499 |             0.0347 |                 -0 |               18.6 |
                200 |             -0.913 |             -0.496 |             0.0569 |                 -0 |               18.3 |
                210 |             -0.908 |             -0.502 |             0.0263 |                 -0 |               18.6 |
                220 |             -0.944 |             -0.508 |             0.0651 |                 -0 |               18.6 |
                230 |             -0.921 |             -0.495 |             0.0564 |                 -0 |               18.3 |
                240 |              -0.93 |             -0.496 |              0.034 |                 -0 |               18.3 |
                250 |             -0.925 |             -0.503 |             0.0523 |                 -0 |               18.6 |
                260 |             -0.945 |             -0.518 |             0.0625 |                 -0 |               18.6 |
                270 |             -0.955 |             -0.504 |              0.064 |                 -0 |               18.3 |
                280 |             -0.916 |               -0.5 |             0.0551 |                 -0 |               18.6 |
                290 |             -0.933 |             -0.514 |             0.0638 |                 -0 |               18.3 |
                300 |             -0.941 |             -0.512 |             0.0565 |                 -0 |               18.6 |
                310 |             -0.933 |              -0.52 |             0.0655 |                 -0 |               18.3 |
                320 |             -0.946 |              -0.51 |             0.0504 |                 -0 |               18.6 |
                330 |             -0.933 |             -0.518 |             0.0351 |                 -0 |               18.3 |
                340 |              -0.93 |             -0.516 |             0.0425 |                 -0 |               18.6 |
                350 |             -0.937 |              -0.52 |             0.0118 |                 -0 |               18.3 |
                360 |             -0.922 |             -0.518 |             0.0142 |                 -0 |               18.6 |
                370 |             -0.931 |              -0.51 |             0.0151 |                 -0 |               18.3 |
                380 |             -0.919 |             -0.516 |             0.0183 |                 -0 |               18.6 |
                390 |             -0.915 |             -0.514 |             0.0115 |                 -0 |               18.3 |
                400 |             -0.899 |             -0.513 |            0.00767 |                 -0 |               18.6 |
                410 |             -0.905 |             -0.514 |            0.00231 |                 -0 |               18.3 |
                420 |             -0.859 |             -0.518 |             0.0161 |                 -0 |               18.6 |
                430 |             -0.849 |             -0.536 |              0.005 |                 -0 |               18.3 |
                440 |             -0.852 |             -0.507 |             0.0107 |                 -0 |               18.6 |
                450 |             -0.859 |             -0.515 |            0.00704 |                 -0 |               18.3 |
                460 |              -0.91 |             -0.494 |             0.0321 |                 -0 |               18.6 |
                470 |             -0.901 |             -0.494 |             0.0332 |                 -0 |               18.3 |
                480 |             -0.902 |             -0.509 |             0.0424 |                 -0 |               18.6 |
                490 |             -0.882 |             -0.505 |              0.047 |                 -0 |               18.3 |
                500 |             -0.888 |             -0.515 |             0.0718 |                 -0 |               18.6 |
                510 |             -0.894 |             -0.509 |             0.0938 |                 -0 |               18.3 |
                520 |               -0.9 |             -0.509 |              0.102 |                 -0 |               18.6 |
                530 |             -0.917 |             -0.501 |              0.097 |                 -0 |               18.3 |
                540 |             -0.925 |             -0.498 |             0.0805 |                 -0 |               18.6 |
                550 |             -0.937 |             -0.512 |             0.0598 |                 -0 |               18.3 |
                560 |             -0.949 |             -0.504 |              0.027 |                 -0 |               18.6 |
                570 |             -0.934 |             -0.515 |             0.0208 |                 -0 |               18.3 |
                580 |             -0.954 |              -0.51 |            0.00301 |                 -0 |               18.6 |
                590 |             -0.954 |             -0.511 |            0.00361 |                 -0 |               18.3 |
                600 |             -0.935 |             -0.516 |            0.00294 |                 -0 |               18.6 |
                610 |             -0.932 |              -0.52 |            0.00827 |                 -0 |               18.3 |
                620 |             -0.926 |             -0.518 |            0.00848 |                 -0 |               18.6 |
                630 |             -0.918 |             -0.511 |             0.0141 |                 -0 |               18.6 |
                640 |             -0.892 |             -0.519 |             0.0272 |                 -0 |               18.3 |
                650 |             -0.894 |             -0.512 |             0.0471 |                 -0 |               18.6 |
                660 |             -0.881 |              -0.52 |             0.0706 |                 -0 |               18.3 |
                670 |             -0.906 |             -0.523 |             0.0607 |                 -0 |               18.6 |
                680 |             -0.888 |             -0.528 |             0.0423 |                 -0 |               18.3 |
                690 |             -0.893 |             -0.513 |             0.0341 |                 -0 |               18.6 |
                700 |             -0.915 |             -0.516 |             0.0196 |                 -0 |               18.3 |
                710 |             -0.887 |             -0.512 |            0.00852 |                 -0 |               18.6 |
                720 |              -0.85 |             -0.513 |             0.0123 |                 -0 |               18.3 |
                730 |             -0.825 |             -0.525 |            0.00664 |                 -0 |               18.6 |
                740 |             -0.845 |             -0.503 |            0.00277 |                 -0 |               18.3 |
                750 |             -0.843 |             -0.503 |             0.0271 |                 -0 |               18.6 |
                760 |             -0.882 |             -0.489 |             0.0303 |                 -0 |               18.3 |
                770 |             -0.911 |             -0.488 |              0.061 |                 -0 |               18.6 |
                780 |             -0.935 |             -0.494 |              0.112 |                 -0 |               18.3 |
                790 |             -0.935 |             -0.486 |              0.153 |                 -0 |               18.6 |
                800 |             -0.948 |             -0.487 |              0.109 |                 -0 |               18.3 |
                810 |             -0.964 |             -0.499 |              0.128 |                 -0 |               18.6 |
                820 |             -0.965 |             -0.494 |              0.123 |                 -0 |               18.3 |
                830 |             -0.951 |             -0.506 |              0.124 |                 -0 |               18.6 |
                840 |             -0.963 |             -0.504 |              0.186 |                 -0 |               18.3 |
                850 |             -0.945 |             -0.507 |               0.17 |                 -0 |               18.6 |
                860 |             -0.969 |             -0.517 |              0.155 |                 -0 |               18.3 |
                870 |             -0.951 |             -0.503 |              0.179 |                 -0 |               18.6 |
                880 |             -0.947 |             -0.498 |              0.159 |                 -0 |               18.3 |
                890 |             -0.929 |             -0.511 |              0.138 |                 -0 |               18.6 |
                900 |             -0.905 |             -0.525 |              0.191 |                 -0 |               18.3 |
                910 |             -0.884 |             -0.524 |              0.157 |                 -0 |               18.6 |
                920 |             -0.871 |             -0.523 |              0.172 |                 -0 |               18.3 |
                930 |             -0.843 |             -0.521 |              0.199 |                 -0 |               18.6 |
                940 |             -0.838 |             -0.502 |              0.225 |                 -0 |               18.3 |
                950 |             -0.862 |             -0.504 |              0.207 |                 -0 |               18.6 |
                960 |             -0.871 |             -0.506 |              0.186 |                 -0 |               18.3 |
                970 |             -0.865 |               -0.5 |              0.196 |                 -0 |               18.6 |
                980 |             -0.876 |             -0.514 |              0.141 |                 -0 |               18.3 |
                990 |             -0.888 |             -0.506 |              0.167 |                 -0 |               18.6 |
Training complete: 
   Data path: /work/qgan_v4/data/train/ang-qml_torch-q4-noiseless-REG-aerCPU-rand0.1-seed2 
   Best eval: -0.0 
   Total time: 1845.1370477676392

Running: /work/qgan_v4/data/train/amp-qml_torch-q4-noiseless-PSR-aerCPU-rand0-seed0/config.yaml
Dataset file created.
Training data file created.
              Epoch |     Generator cost | Discriminator cost |               Eval |          Best eval |               Time |
                  0 |             -0.918 |               -0.2 |             0.0798 |             0.0798 |              0.931 |
                 10 |             -0.958 |             -0.209 |             0.0792 |             0.0792 |                9.4 |
                 20 |             -0.967 |             -0.238 |             0.0769 |             0.0769 |               9.12 |
                 30 |             -0.947 |             -0.282 |             0.0745 |             0.0745 |               9.13 |
                 40 |             -0.961 |             -0.322 |             0.0742 |             0.0742 |               9.13 |
                 50 |             -0.925 |             -0.384 |             0.0746 |             0.0742 |               9.13 |
                 60 |             -0.936 |             -0.422 |             0.0743 |             0.0742 |               9.13 |
                 70 |             -0.892 |             -0.464 |             0.0726 |             0.0726 |               9.35 |
                 80 |             -0.892 |             -0.482 |             0.0702 |             0.0702 |               9.11 |
                 90 |              -0.88 |             -0.502 |             0.0677 |             0.0677 |               9.11 |
                100 |             -0.872 |              -0.51 |             0.0644 |             0.0644 |               9.12 |
                110 |             -0.876 |             -0.506 |             0.0605 |             0.0605 |               9.12 |
                120 |             -0.864 |             -0.509 |             0.0569 |             0.0569 |               9.13 |
                130 |             -0.862 |             -0.517 |             0.0543 |             0.0543 |               9.12 |
                140 |             -0.862 |             -0.508 |              0.051 |              0.051 |               9.31 |
                150 |             -0.877 |              -0.51 |             0.0477 |             0.0477 |               9.11 |
                160 |             -0.878 |             -0.514 |             0.0456 |             0.0456 |               9.12 |
                170 |              -0.87 |             -0.517 |             0.0442 |             0.0442 |               9.12 |
                180 |             -0.868 |             -0.523 |             0.0436 |             0.0436 |               9.13 |
                190 |             -0.867 |             -0.514 |             0.0432 |             0.0432 |               9.13 |
                200 |             -0.868 |             -0.513 |             0.0425 |             0.0425 |               9.32 |
                210 |             -0.876 |             -0.508 |             0.0413 |             0.0413 |               9.11 |
                220 |             -0.879 |             -0.517 |             0.0415 |             0.0413 |               9.12 |
                230 |             -0.865 |             -0.519 |             0.0409 |             0.0409 |               9.12 |
                240 |             -0.867 |             -0.514 |             0.0403 |             0.0403 |               9.12 |
                250 |             -0.871 |             -0.526 |             0.0402 |               0.04 |               9.11 |
                260 |             -0.872 |             -0.506 |             0.0405 |               0.04 |               9.12 |
                270 |             -0.871 |             -0.504 |               0.04 |               0.04 |                9.3 |
                280 |             -0.864 |             -0.504 |              0.039 |              0.039 |                9.1 |
                290 |             -0.849 |             -0.508 |             0.0379 |             0.0379 |               9.11 |
                300 |             -0.836 |             -0.525 |             0.0369 |             0.0369 |               9.11 |
                310 |             -0.849 |             -0.515 |             0.0357 |             0.0357 |               9.11 |
                320 |             -0.823 |             -0.514 |              0.034 |              0.034 |               9.12 |
                330 |             -0.833 |             -0.517 |             0.0323 |             0.0323 |                9.3 |
                340 |             -0.822 |             -0.505 |             0.0305 |             0.0305 |               9.11 |
                350 |             -0.843 |             -0.507 |             0.0295 |             0.0295 |               9.11 |
                360 |             -0.847 |             -0.512 |             0.0293 |             0.0293 |               9.11 |
                370 |             -0.863 |             -0.501 |             0.0284 |             0.0284 |               9.12 |
                380 |             -0.861 |             -0.507 |             0.0268 |             0.0268 |               9.11 |
                390 |             -0.871 |             -0.492 |             0.0248 |             0.0248 |               9.31 |
                400 |              -0.89 |             -0.502 |             0.0235 |             0.0235 |               9.11 |
                410 |             -0.895 |             -0.486 |             0.0225 |             0.0225 |               9.12 |
                420 |             -0.884 |             -0.488 |             0.0217 |             0.0217 |               9.12 |
                430 |             -0.898 |             -0.495 |             0.0214 |             0.0214 |               9.13 |
                440 |             -0.864 |             -0.493 |             0.0213 |             0.0213 |               9.12 |
                450 |             -0.847 |             -0.496 |             0.0212 |             0.0212 |               9.13 |
                460 |             -0.828 |             -0.485 |             0.0207 |             0.0207 |               9.31 |
                470 |             -0.818 |             -0.494 |             0.0198 |             0.0198 |               9.11 |
                480 |             -0.835 |             -0.488 |             0.0182 |             0.0182 |               9.12 |
                490 |             -0.846 |               -0.5 |             0.0182 |              0.018 |               9.12 |
                500 |             -0.867 |             -0.489 |             0.0186 |              0.018 |               9.14 |
                510 |              -0.86 |             -0.492 |             0.0181 |              0.018 |               9.14 |
                520 |             -0.862 |             -0.492 |             0.0178 |             0.0177 |               9.33 |
                530 |              -0.82 |             -0.495 |              0.018 |             0.0177 |               9.11 |
                540 |             -0.798 |             -0.485 |              0.019 |             0.0177 |               9.12 |
                550 |             -0.782 |             -0.488 |             0.0207 |             0.0177 |               9.12 |
                560 |             -0.774 |             -0.491 |             0.0229 |             0.0177 |               9.13 |
                570 |             -0.769 |             -0.494 |             0.0241 |             0.0177 |               9.13 |
                580 |             -0.823 |             -0.494 |             0.0232 |             0.0177 |               9.33 |
                590 |             -0.831 |               -0.5 |             0.0212 |             0.0177 |               9.12 |
                600 |             -0.812 |             -0.479 |               0.02 |             0.0177 |               9.11 |
                610 |             -0.777 |             -0.488 |             0.0197 |             0.0177 |               9.11 |
                620 |              -0.69 |             -0.496 |             0.0199 |             0.0177 |               9.12 |
                630 |             -0.645 |             -0.499 |             0.0211 |             0.0177 |               9.12 |
                640 |             -0.647 |             -0.483 |             0.0253 |             0.0177 |               9.12 |
                650 |             -0.668 |             -0.497 |             0.0296 |             0.0177 |               9.31 |
                660 |             -0.727 |             -0.501 |             0.0303 |             0.0177 |               9.11 |
                670 |              -0.79 |             -0.505 |              0.028 |             0.0177 |               9.11 |
                680 |             -0.824 |             -0.494 |             0.0245 |             0.0177 |               9.12 |
                690 |             -0.818 |             -0.483 |             0.0225 |             0.0177 |               9.12 |
                700 |              -0.77 |             -0.492 |             0.0215 |             0.0177 |               9.12 |
                710 |             -0.683 |             -0.502 |             0.0213 |             0.0177 |               9.31 |
                720 |             -0.594 |             -0.507 |              0.021 |             0.0177 |               9.11 |
                730 |             -0.552 |             -0.492 |             0.0211 |             0.0177 |               9.12 |
                740 |             -0.544 |             -0.498 |             0.0262 |             0.0177 |               9.11 |
                750 |             -0.564 |               -0.5 |             0.0316 |             0.0177 |               9.11 |
                760 |             -0.613 |             -0.504 |             0.0343 |             0.0177 |               9.11 |
                770 |             -0.663 |             -0.525 |             0.0352 |             0.0177 |               9.11 |
                780 |              -0.73 |             -0.525 |             0.0329 |             0.0177 |               9.31 |
                790 |             -0.782 |               -0.5 |             0.0267 |             0.0177 |               9.12 |
                800 |             -0.813 |             -0.488 |              0.024 |             0.0177 |               9.12 |
                810 |             -0.835 |             -0.495 |             0.0206 |             0.0177 |               9.12 |
                820 |             -0.786 |             -0.495 |             0.0183 |             0.0177 |               9.13 |
                830 |             -0.757 |             -0.509 |             0.0175 |             0.0175 |               9.13 |
                840 |               -0.7 |             -0.508 |             0.0174 |             0.0173 |               9.32 |
                850 |              -0.65 |             -0.521 |              0.021 |             0.0173 |                9.1 |
                860 |             -0.625 |             -0.512 |             0.0252 |             0.0173 |               9.11 |
                870 |             -0.621 |             -0.509 |             0.0291 |             0.0173 |               9.11 |
                880 |             -0.601 |             -0.518 |             0.0327 |             0.0173 |               9.11 |
                890 |             -0.632 |             -0.508 |             0.0348 |             0.0173 |               9.13 |
                900 |             -0.629 |             -0.531 |              0.035 |             0.0173 |               9.32 |
                910 |             -0.651 |             -0.521 |             0.0331 |             0.0173 |               9.11 |
                920 |             -0.693 |             -0.498 |             0.0276 |             0.0173 |               9.11 |
                930 |             -0.735 |             -0.502 |             0.0198 |             0.0173 |               9.11 |
                940 |             -0.748 |              -0.52 |             0.0173 |             0.0172 |               9.12 |
                950 |             -0.744 |             -0.514 |             0.0191 |             0.0172 |               9.12 |
                960 |             -0.734 |             -0.512 |             0.0208 |             0.0172 |               9.13 |
                970 |             -0.724 |             -0.512 |             0.0259 |             0.0172 |               9.31 |
                980 |              -0.72 |             -0.509 |             0.0313 |             0.0172 |                9.1 |
                990 |             -0.722 |             -0.514 |             0.0319 |             0.0172 |               9.12 |
Training complete: 
   Data path: /work/qgan_v4/data/train/amp-qml_torch-q4-noiseless-PSR-aerCPU-rand0-seed0 
   Best eval: 0.01722801708234104 
   Total time: 915.0876030921936

Running: /work/qgan_v4/data/train/amp-qml_torch-q4-noiseless-PSR-aerCPU-rand0.1-seed0/config.yaml
Training data file created.
              Epoch |     Generator cost | Discriminator cost |               Eval |          Best eval |               Time |
                  0 |             -0.744 |             -0.287 |              0.066 |              0.066 |              0.954 |
                 10 |             -0.818 |             -0.284 |             0.0678 |             0.0627 |               9.32 |
                 20 |             -0.838 |             -0.315 |             0.0737 |             0.0627 |               9.32 |
                 30 |             -0.865 |             -0.311 |             0.0706 |             0.0627 |               9.52 |
                 40 |             -0.863 |              -0.37 |              0.079 |             0.0627 |               9.32 |
                 50 |             -0.915 |             -0.443 |             0.0768 |             0.0627 |               9.31 |
                 60 |             -0.882 |             -0.438 |              0.076 |             0.0627 |               9.31 |
                 70 |             -0.871 |              -0.44 |             0.0793 |             0.0627 |               9.32 |
                 80 |             -0.933 |             -0.466 |             0.0773 |             0.0627 |               9.32 |
                 90 |             -0.925 |             -0.487 |             0.0738 |             0.0627 |               9.52 |
                100 |             -0.947 |             -0.465 |             0.0733 |             0.0627 |               9.31 |
                110 |             -0.953 |             -0.478 |             0.0669 |             0.0627 |                9.3 |
                120 |             -0.939 |             -0.483 |             0.0728 |             0.0598 |               9.31 |
                130 |             -0.963 |             -0.488 |             0.0708 |             0.0598 |               9.32 |
                140 |             -0.924 |             -0.514 |             0.0692 |             0.0598 |               9.31 |
                150 |             -0.915 |             -0.525 |             0.0657 |             0.0568 |               9.31 |
                160 |             -0.886 |             -0.547 |             0.0626 |             0.0568 |               9.51 |
                170 |             -0.859 |             -0.544 |               0.07 |             0.0568 |               9.32 |
                180 |             -0.827 |             -0.555 |              0.067 |             0.0568 |               9.32 |
                190 |             -0.834 |             -0.578 |             0.0714 |             0.0568 |               9.32 |
                200 |             -0.797 |             -0.584 |             0.0681 |             0.0568 |               9.33 |
                210 |             -0.784 |             -0.581 |             0.0662 |             0.0568 |               9.33 |
                220 |             -0.794 |             -0.595 |             0.0601 |             0.0568 |               9.52 |
                230 |              -0.75 |             -0.607 |             0.0613 |             0.0568 |               9.32 |
                240 |             -0.729 |             -0.617 |             0.0605 |             0.0556 |               9.32 |
                250 |             -0.719 |             -0.601 |             0.0563 |             0.0478 |               9.31 |
                260 |             -0.721 |             -0.607 |             0.0492 |             0.0448 |               9.31 |
                270 |             -0.749 |             -0.598 |             0.0514 |             0.0448 |               9.32 |
                280 |             -0.758 |             -0.609 |             0.0437 |             0.0371 |               9.52 |
                290 |             -0.767 |             -0.579 |             0.0443 |             0.0371 |               9.32 |
                300 |             -0.792 |             -0.582 |             0.0527 |             0.0371 |               9.32 |
                310 |             -0.795 |             -0.554 |             0.0539 |             0.0371 |               9.32 |
                320 |             -0.807 |             -0.543 |             0.0539 |             0.0371 |               9.31 |
                330 |             -0.837 |             -0.525 |              0.049 |             0.0371 |               9.32 |
                340 |              -0.87 |             -0.506 |             0.0446 |             0.0371 |               9.32 |
                350 |             -0.884 |             -0.503 |             0.0429 |             0.0371 |               9.52 |
                360 |              -0.89 |             -0.506 |             0.0468 |             0.0371 |               9.32 |
                370 |             -0.918 |             -0.492 |             0.0437 |             0.0371 |               9.32 |
                380 |             -0.918 |             -0.491 |             0.0408 |             0.0371 |               9.32 |
                390 |             -0.943 |             -0.504 |             0.0436 |             0.0371 |               9.32 |
                400 |             -0.956 |             -0.499 |             0.0428 |             0.0371 |               9.33 |
                410 |             -0.956 |             -0.508 |             0.0423 |             0.0371 |               9.53 |
                420 |             -0.951 |             -0.507 |             0.0417 |             0.0333 |               9.32 |
                430 |             -0.936 |             -0.524 |             0.0374 |             0.0333 |               9.32 |
                440 |             -0.922 |             -0.514 |             0.0397 |             0.0333 |               9.32 |
                450 |             -0.933 |             -0.517 |             0.0371 |             0.0306 |               9.31 |
                460 |             -0.918 |             -0.499 |             0.0367 |             0.0278 |               9.31 |
                470 |             -0.952 |             -0.492 |             0.0305 |             0.0278 |               9.32 |
                480 |             -0.949 |              -0.48 |             0.0363 |             0.0278 |               9.52 |
                490 |             -0.972 |             -0.482 |             0.0339 |             0.0278 |               9.33 |
                500 |             -0.989 |             -0.494 |             0.0318 |             0.0278 |               9.32 |
                510 |             -0.971 |              -0.49 |             0.0323 |             0.0278 |               9.32 |
                520 |             -0.971 |             -0.502 |             0.0351 |             0.0278 |               9.32 |
                530 |             -0.982 |             -0.512 |             0.0277 |             0.0277 |               9.32 |
                540 |              -0.97 |             -0.505 |             0.0265 |              0.024 |               9.52 |
                550 |             -0.962 |               -0.5 |             0.0343 |              0.024 |               9.32 |
                560 |             -0.958 |               -0.5 |             0.0318 |             0.0216 |               9.32 |
                570 |             -0.962 |             -0.494 |               0.03 |             0.0216 |               9.32 |
                580 |             -0.973 |             -0.502 |             0.0284 |             0.0216 |               9.33 |
                590 |             -0.964 |             -0.502 |             0.0299 |             0.0216 |               9.33 |
                600 |             -0.972 |             -0.517 |             0.0294 |             0.0216 |               9.33 |
                610 |             -0.974 |             -0.504 |             0.0345 |             0.0216 |               9.52 |
                620 |             -0.964 |             -0.509 |             0.0261 |             0.0216 |               9.32 |
                630 |             -0.956 |             -0.486 |             0.0317 |             0.0216 |               9.32 |
                640 |             -0.969 |              -0.49 |             0.0341 |             0.0216 |               9.32 |
                650 |             -0.952 |             -0.502 |             0.0347 |             0.0216 |               9.33 |
                660 |             -0.965 |             -0.505 |             0.0392 |             0.0216 |               9.33 |
                670 |             -0.967 |             -0.499 |             0.0346 |             0.0216 |               9.53 |
                680 |              -0.97 |             -0.491 |             0.0352 |             0.0216 |               9.32 |
                690 |             -0.957 |             -0.495 |             0.0297 |             0.0216 |               9.32 |
                700 |              -0.97 |             -0.508 |             0.0333 |             0.0216 |               9.32 |
                710 |             -0.954 |             -0.493 |             0.0354 |             0.0216 |               9.32 |
                720 |             -0.954 |             -0.497 |             0.0332 |             0.0216 |               9.32 |
                730 |             -0.951 |             -0.495 |              0.035 |             0.0216 |               9.52 |
                740 |             -0.932 |             -0.495 |             0.0289 |             0.0216 |               9.33 |
                750 |             -0.947 |             -0.492 |             0.0358 |             0.0216 |               9.33 |
                760 |             -0.951 |             -0.497 |              0.034 |             0.0216 |               9.32 |
                770 |             -0.944 |             -0.502 |             0.0357 |             0.0216 |               9.32 |
                780 |             -0.953 |             -0.485 |             0.0361 |             0.0216 |               9.32 |
                790 |             -0.957 |             -0.503 |             0.0344 |             0.0216 |               9.32 |
                800 |             -0.964 |             -0.492 |             0.0355 |             0.0216 |               9.52 |
                810 |             -0.934 |             -0.499 |             0.0416 |             0.0216 |               9.32 |
                820 |             -0.972 |             -0.497 |             0.0388 |             0.0216 |               9.31 |
                830 |             -0.964 |             -0.502 |              0.034 |             0.0216 |               9.31 |
                840 |             -0.943 |             -0.499 |             0.0359 |             0.0216 |               9.32 |
                850 |             -0.945 |             -0.512 |             0.0348 |             0.0216 |               9.32 |
                860 |             -0.935 |             -0.497 |             0.0329 |             0.0216 |               9.52 |
                870 |             -0.949 |               -0.5 |             0.0297 |             0.0216 |               9.32 |
                880 |             -0.964 |             -0.505 |             0.0397 |             0.0216 |               9.32 |
                890 |             -0.958 |             -0.507 |              0.039 |             0.0216 |               9.32 |
                900 |             -0.941 |             -0.512 |             0.0377 |             0.0216 |               9.32 |
                910 |             -0.953 |             -0.494 |             0.0417 |             0.0216 |               9.33 |
                920 |             -0.958 |              -0.49 |             0.0336 |             0.0216 |               9.33 |
                930 |             -0.974 |             -0.513 |             0.0351 |             0.0216 |               9.53 |
                940 |             -0.967 |             -0.488 |             0.0377 |             0.0216 |               9.32 |
                950 |             -0.972 |             -0.504 |             0.0413 |             0.0216 |               9.32 |
                960 |             -0.972 |             -0.498 |             0.0375 |             0.0216 |               9.32 |
                970 |             -0.992 |             -0.499 |              0.039 |             0.0216 |               9.32 |
                980 |             -0.961 |             -0.491 |             0.0353 |             0.0216 |               9.32 |
                990 |             -0.968 |             -0.498 |             0.0367 |             0.0216 |               9.52 |
Training complete: 
   Data path: /work/qgan_v4/data/train/amp-qml_torch-q4-noiseless-PSR-aerCPU-rand0.1-seed0 
   Best eval: 0.021586069215624098 
   Total time: 935.2283737659454

Running: /work/qgan_v4/data/train/amp-qml_torch-q4-noiseless-PSR-aerCPU-rand0-seed1/config.yaml
Training data file created.
              Epoch |     Generator cost | Discriminator cost |               Eval |          Best eval |               Time |
                  0 |              -0.78 |             -0.251 |             0.0778 |             0.0778 |              0.935 |
                 10 |             -0.816 |             -0.275 |             0.0784 |             0.0778 |               9.12 |
                 20 |             -0.804 |              -0.29 |             0.0787 |             0.0778 |               9.11 |
                 30 |             -0.835 |             -0.286 |             0.0803 |             0.0778 |                9.1 |
                 40 |             -0.858 |             -0.328 |             0.0801 |             0.0778 |               9.11 |
                 50 |              -0.86 |             -0.353 |             0.0783 |             0.0778 |                9.3 |
                 60 |             -0.842 |              -0.38 |             0.0757 |             0.0757 |               9.11 |
                 70 |             -0.836 |             -0.425 |             0.0738 |             0.0738 |               9.11 |
                 80 |               -0.8 |             -0.453 |             0.0724 |             0.0724 |               9.11 |
                 90 |             -0.804 |             -0.488 |             0.0701 |             0.0701 |               9.11 |
                100 |             -0.795 |             -0.479 |             0.0666 |             0.0666 |               9.11 |
                110 |             -0.804 |             -0.488 |             0.0632 |             0.0632 |               9.11 |
                120 |              -0.79 |             -0.489 |             0.0599 |             0.0599 |               9.31 |
                130 |             -0.794 |             -0.481 |             0.0565 |             0.0565 |               9.11 |
                140 |             -0.793 |             -0.494 |             0.0539 |             0.0539 |                9.1 |
                150 |             -0.769 |             -0.504 |             0.0519 |             0.0519 |               9.11 |
                160 |             -0.737 |             -0.517 |             0.0492 |             0.0492 |                9.1 |
                170 |             -0.712 |             -0.533 |             0.0485 |             0.0481 |                9.1 |
                180 |               -0.7 |             -0.548 |             0.0547 |             0.0481 |               9.31 |
                190 |             -0.693 |             -0.531 |             0.0589 |             0.0481 |               9.11 |
                200 |             -0.725 |             -0.502 |             0.0575 |             0.0481 |               9.11 |
                210 |             -0.798 |             -0.471 |             0.0474 |             0.0474 |               9.11 |
                220 |              -0.86 |             -0.429 |             0.0322 |             0.0322 |               9.11 |
                230 |             -0.887 |             -0.438 |             0.0195 |             0.0195 |               9.11 |
                240 |             -0.905 |             -0.411 |             0.0118 |             0.0118 |               9.12 |
                250 |             -0.877 |             -0.438 |            0.00988 |            0.00988 |               9.31 |
                260 |             -0.852 |             -0.475 |            0.00927 |            0.00927 |                9.1 |
                270 |             -0.816 |             -0.491 |             0.0108 |            0.00926 |               9.11 |
                280 |               -0.8 |             -0.507 |             0.0132 |            0.00926 |               9.11 |
                290 |             -0.779 |             -0.519 |             0.0157 |            0.00926 |               9.11 |
                300 |             -0.772 |             -0.514 |             0.0179 |            0.00926 |               9.11 |
                310 |             -0.784 |             -0.519 |             0.0201 |            0.00926 |               9.31 |
                320 |             -0.747 |             -0.523 |             0.0224 |            0.00926 |                9.1 |
                330 |             -0.711 |             -0.528 |              0.024 |            0.00926 |               9.11 |
                340 |             -0.709 |              -0.53 |             0.0251 |            0.00926 |               9.11 |
                350 |             -0.675 |             -0.559 |             0.0255 |            0.00926 |               9.11 |
                360 |             -0.626 |             -0.574 |             0.0259 |            0.00926 |               9.11 |
                370 |             -0.572 |             -0.599 |             0.0266 |            0.00926 |               9.11 |
                380 |             -0.552 |             -0.617 |             0.0289 |            0.00926 |               9.31 |
                390 |             -0.568 |             -0.617 |             0.0325 |            0.00926 |               9.11 |
                400 |             -0.599 |             -0.604 |             0.0364 |            0.00926 |               9.11 |
                410 |             -0.626 |             -0.579 |             0.0397 |            0.00926 |               9.11 |
                420 |             -0.698 |              -0.55 |             0.0435 |            0.00926 |               9.11 |
                430 |             -0.715 |              -0.54 |             0.0431 |            0.00926 |               9.12 |
                440 |             -0.742 |              -0.52 |             0.0431 |            0.00926 |               9.31 |
                450 |             -0.756 |             -0.515 |             0.0435 |            0.00926 |               9.11 |
                460 |             -0.773 |             -0.502 |              0.045 |            0.00926 |               9.11 |
                470 |             -0.756 |             -0.517 |              0.046 |            0.00926 |               9.11 |
                480 |             -0.747 |             -0.517 |             0.0452 |            0.00926 |               9.11 |
                490 |             -0.715 |             -0.531 |             0.0432 |            0.00926 |               9.11 |
                500 |             -0.695 |             -0.552 |             0.0411 |            0.00926 |               9.12 |
                510 |             -0.658 |             -0.572 |             0.0378 |            0.00926 |               9.31 |
                520 |             -0.638 |             -0.581 |             0.0331 |            0.00926 |               9.11 |
                530 |             -0.651 |             -0.592 |             0.0303 |            0.00926 |               9.11 |
                540 |             -0.672 |             -0.572 |             0.0296 |            0.00926 |                9.1 |
                550 |             -0.726 |             -0.566 |             0.0306 |            0.00926 |                9.1 |
                560 |             -0.759 |             -0.539 |             0.0338 |            0.00926 |               9.11 |
                570 |             -0.781 |             -0.544 |             0.0361 |            0.00926 |               9.31 |
                580 |               -0.8 |             -0.528 |             0.0375 |            0.00926 |               9.11 |
                590 |             -0.784 |             -0.546 |             0.0382 |            0.00926 |               9.11 |
                600 |             -0.817 |             -0.549 |             0.0391 |            0.00926 |               9.11 |
                610 |             -0.837 |             -0.547 |             0.0398 |            0.00926 |               9.12 |
                620 |             -0.864 |             -0.551 |             0.0407 |            0.00926 |               9.11 |
                630 |             -0.875 |             -0.523 |              0.041 |            0.00926 |               9.12 |
                640 |             -0.878 |             -0.527 |             0.0408 |            0.00926 |               9.31 |
                650 |             -0.885 |             -0.516 |             0.0412 |            0.00926 |               9.11 |
                660 |             -0.917 |             -0.506 |             0.0409 |            0.00926 |               9.11 |
                670 |             -0.908 |             -0.503 |             0.0404 |            0.00926 |               9.11 |
                680 |             -0.899 |             -0.498 |             0.0398 |            0.00926 |               9.11 |
                690 |             -0.894 |             -0.495 |             0.0394 |            0.00926 |               9.11 |
                700 |             -0.902 |             -0.499 |             0.0397 |            0.00926 |                9.3 |
                710 |             -0.871 |             -0.503 |             0.0402 |            0.00926 |               9.11 |
                720 |             -0.865 |             -0.501 |             0.0407 |            0.00926 |               9.12 |
                730 |             -0.853 |             -0.502 |             0.0412 |            0.00926 |               9.12 |
                740 |             -0.843 |              -0.51 |             0.0413 |            0.00926 |               9.11 |
                750 |             -0.832 |             -0.509 |             0.0409 |            0.00926 |               9.12 |
                760 |             -0.801 |             -0.483 |             0.0398 |            0.00926 |               9.32 |
                770 |             -0.802 |             -0.494 |             0.0381 |            0.00926 |               9.11 |
                780 |             -0.814 |             -0.498 |             0.0364 |            0.00926 |               9.11 |
                790 |             -0.812 |             -0.488 |             0.0345 |            0.00926 |               9.11 |
                800 |             -0.838 |             -0.481 |             0.0332 |            0.00926 |               9.12 |
                810 |             -0.853 |             -0.488 |             0.0322 |            0.00926 |               9.11 |
                820 |             -0.879 |             -0.487 |             0.0312 |            0.00926 |               9.13 |
                830 |              -0.87 |             -0.483 |             0.0305 |            0.00926 |               9.32 |
                840 |             -0.895 |             -0.489 |             0.0304 |            0.00926 |               9.11 |
                850 |             -0.911 |             -0.496 |             0.0309 |            0.00926 |               9.12 |
                860 |             -0.907 |             -0.495 |             0.0323 |            0.00926 |               9.12 |
                870 |             -0.874 |             -0.518 |             0.0337 |            0.00926 |               9.11 |
                880 |             -0.862 |             -0.521 |             0.0348 |            0.00926 |               9.12 |
                890 |             -0.839 |             -0.525 |             0.0359 |            0.00926 |               9.32 |
                900 |             -0.807 |             -0.547 |             0.0371 |            0.00926 |               9.12 |
                910 |             -0.721 |             -0.568 |             0.0388 |            0.00926 |               9.12 |
                920 |             -0.648 |             -0.612 |             0.0418 |            0.00926 |               9.12 |
                930 |             -0.572 |             -0.646 |             0.0465 |            0.00926 |               9.12 |
                940 |             -0.518 |             -0.685 |             0.0522 |            0.00926 |               9.12 |
                950 |             -0.548 |             -0.677 |             0.0576 |            0.00926 |               9.12 |
                960 |             -0.622 |             -0.629 |               0.06 |            0.00926 |               9.31 |
                970 |             -0.727 |             -0.611 |             0.0525 |            0.00926 |               9.11 |
                980 |             -0.811 |             -0.581 |             0.0397 |            0.00926 |               9.11 |
                990 |             -0.817 |             -0.579 |             0.0342 |            0.00926 |               9.11 |
Training complete: 
   Data path: /work/qgan_v4/data/train/amp-qml_torch-q4-noiseless-PSR-aerCPU-rand0-seed1 
   Best eval: 0.009257595755188766 
   Total time: 914.1217963695526

Running: /work/qgan_v4/data/train/amp-qml_torch-q4-noiseless-PSR-aerCPU-rand0.1-seed1/config.yaml
Training data file created.
              Epoch |     Generator cost | Discriminator cost |               Eval |          Best eval |               Time |
                  0 |             -0.675 |             -0.278 |             0.0736 |             0.0736 |              0.954 |
                 10 |             -0.819 |               -0.3 |             0.0757 |               0.07 |               9.31 |
                 20 |             -0.761 |             -0.294 |             0.0789 |               0.07 |               9.52 |
                 30 |             -0.774 |             -0.296 |             0.0774 |               0.07 |               9.32 |
                 40 |             -0.815 |             -0.361 |             0.0795 |               0.07 |               9.32 |
                 50 |             -0.834 |             -0.359 |             0.0721 |               0.07 |               9.32 |
                 60 |             -0.851 |             -0.356 |             0.0768 |               0.07 |               9.31 |
                 70 |             -0.894 |             -0.352 |             0.0759 |             0.0692 |               9.32 |
                 80 |             -0.875 |             -0.396 |             0.0666 |             0.0666 |               9.32 |
                 90 |             -0.843 |             -0.411 |             0.0616 |             0.0616 |               9.51 |
                100 |             -0.829 |             -0.432 |             0.0635 |             0.0563 |               9.32 |
                110 |             -0.764 |             -0.474 |              0.056 |              0.056 |               9.32 |
                120 |             -0.746 |             -0.494 |             0.0608 |             0.0547 |               9.32 |
                130 |               -0.7 |             -0.532 |             0.0617 |             0.0547 |               9.32 |
                140 |             -0.718 |             -0.515 |             0.0562 |             0.0547 |               9.33 |
                150 |             -0.741 |             -0.522 |             0.0529 |             0.0529 |               9.53 |
                160 |             -0.762 |             -0.523 |             0.0482 |             0.0449 |               9.32 |
                170 |             -0.791 |             -0.505 |             0.0439 |             0.0345 |               9.33 |
                180 |             -0.798 |             -0.505 |             0.0385 |             0.0316 |               9.33 |
                190 |             -0.814 |             -0.497 |              0.038 |             0.0303 |               9.34 |
                200 |             -0.818 |             -0.494 |             0.0358 |             0.0303 |               9.34 |
                210 |             -0.847 |              -0.51 |             0.0395 |             0.0293 |               9.35 |
                220 |             -0.823 |             -0.495 |             0.0463 |             0.0293 |               9.53 |
                230 |             -0.792 |             -0.511 |             0.0398 |             0.0293 |               9.33 |
                240 |             -0.808 |             -0.524 |             0.0399 |             0.0293 |               9.33 |
                250 |             -0.767 |             -0.529 |             0.0472 |             0.0293 |               9.33 |
                260 |             -0.741 |             -0.535 |             0.0453 |             0.0293 |               9.33 |
                270 |             -0.721 |             -0.544 |             0.0405 |             0.0293 |               9.34 |
                280 |             -0.732 |             -0.557 |             0.0381 |             0.0293 |               9.53 |
                290 |             -0.752 |             -0.574 |             0.0364 |             0.0293 |               9.32 |
                300 |             -0.725 |             -0.539 |             0.0375 |             0.0293 |               9.33 |
                310 |             -0.749 |             -0.552 |             0.0386 |             0.0293 |               9.32 |
                320 |             -0.754 |             -0.559 |               0.04 |             0.0293 |               9.33 |
                330 |             -0.731 |             -0.569 |             0.0432 |             0.0293 |               9.33 |
                340 |             -0.724 |             -0.558 |             0.0465 |             0.0293 |               9.33 |
                350 |             -0.717 |             -0.602 |             0.0474 |             0.0293 |               9.52 |
                360 |             -0.714 |             -0.579 |             0.0509 |             0.0293 |               9.32 |
                370 |             -0.832 |             -0.553 |             0.0459 |             0.0293 |               9.33 |
                380 |             -0.785 |             -0.561 |               0.04 |             0.0293 |               9.33 |
                390 |             -0.788 |             -0.559 |             0.0357 |             0.0293 |               9.33 |
                400 |             -0.817 |             -0.528 |             0.0314 |             0.0201 |               9.32 |
                410 |             -0.833 |             -0.525 |             0.0381 |             0.0201 |               9.53 |
                420 |             -0.879 |             -0.503 |             0.0314 |             0.0201 |               9.32 |
                430 |             -0.853 |             -0.505 |             0.0437 |             0.0201 |               9.33 |
                440 |             -0.842 |             -0.494 |             0.0502 |             0.0201 |               9.32 |
                450 |             -0.848 |             -0.521 |             0.0414 |             0.0201 |               9.33 |
                460 |             -0.839 |             -0.522 |             0.0447 |             0.0201 |               9.32 |
                470 |              -0.86 |             -0.498 |             0.0479 |             0.0201 |               9.32 |
                480 |             -0.879 |             -0.505 |             0.0434 |             0.0201 |               9.52 |
                490 |             -0.884 |             -0.503 |             0.0454 |             0.0201 |               9.32 |
                500 |             -0.874 |             -0.499 |             0.0366 |             0.0201 |               9.32 |
                510 |             -0.887 |             -0.507 |             0.0441 |             0.0201 |               9.32 |
                520 |             -0.893 |               -0.5 |             0.0355 |             0.0201 |               9.32 |
                530 |             -0.868 |             -0.493 |             0.0321 |             0.0201 |               9.32 |
                540 |             -0.888 |             -0.505 |             0.0374 |             0.0201 |               9.52 |
                550 |             -0.882 |             -0.496 |             0.0355 |             0.0201 |               9.32 |
                560 |             -0.874 |             -0.508 |             0.0258 |             0.0201 |               9.32 |
                570 |             -0.877 |             -0.497 |             0.0375 |             0.0201 |               9.33 |
                580 |             -0.859 |             -0.499 |             0.0286 |             0.0201 |               9.32 |
                590 |             -0.873 |             -0.511 |             0.0336 |             0.0201 |               9.33 |
                600 |             -0.844 |              -0.51 |             0.0387 |             0.0201 |               9.32 |
                610 |             -0.836 |             -0.505 |              0.044 |             0.0201 |               9.52 |
                620 |             -0.829 |             -0.502 |             0.0394 |             0.0201 |               9.32 |
                630 |             -0.788 |             -0.509 |             0.0418 |             0.0201 |               9.33 |
                640 |             -0.791 |             -0.494 |             0.0427 |             0.0201 |               9.33 |
                650 |             -0.783 |             -0.513 |             0.0352 |             0.0201 |               9.32 |
                660 |             -0.801 |             -0.503 |             0.0452 |             0.0201 |               9.33 |
                670 |             -0.788 |             -0.498 |             0.0439 |             0.0201 |               9.53 |
                680 |             -0.817 |             -0.491 |             0.0462 |             0.0201 |               9.32 |
                690 |             -0.837 |              -0.48 |              0.043 |             0.0201 |               9.33 |
                700 |             -0.852 |             -0.501 |             0.0314 |             0.0201 |               9.32 |
                710 |             -0.874 |             -0.508 |             0.0318 |             0.0201 |               9.32 |
                720 |             -0.891 |             -0.498 |             0.0422 |             0.0201 |               9.33 |
                730 |             -0.905 |             -0.494 |             0.0355 |             0.0201 |               9.33 |
                740 |             -0.922 |              -0.49 |             0.0322 |             0.0201 |               9.52 |
                750 |             -0.922 |             -0.495 |             0.0385 |             0.0201 |               9.33 |
                760 |             -0.955 |             -0.495 |             0.0337 |             0.0201 |               9.32 |
                770 |             -0.924 |             -0.506 |             0.0384 |             0.0201 |               9.32 |
                780 |             -0.926 |             -0.489 |             0.0359 |             0.0201 |               9.33 |
                790 |             -0.936 |             -0.509 |             0.0396 |              0.019 |               9.33 |
                800 |             -0.952 |              -0.51 |              0.033 |              0.019 |               9.53 |
                810 |             -0.929 |             -0.502 |             0.0307 |             0.0184 |               9.32 |
                820 |              -0.92 |             -0.495 |             0.0163 |             0.0163 |               9.32 |
                830 |             -0.918 |             -0.509 |             0.0341 |             0.0159 |               9.31 |
                840 |             -0.906 |             -0.501 |             0.0312 |             0.0159 |               9.32 |
                850 |             -0.898 |               -0.5 |             0.0357 |             0.0159 |               9.32 |
                860 |             -0.886 |             -0.491 |             0.0318 |             0.0159 |               9.33 |
                870 |             -0.883 |             -0.496 |             0.0256 |             0.0153 |               9.51 |
                880 |             -0.892 |             -0.504 |             0.0326 |             0.0153 |               9.32 |
                890 |             -0.882 |              -0.51 |             0.0337 |             0.0153 |               9.32 |
                900 |             -0.872 |             -0.499 |             0.0336 |             0.0153 |               9.32 |
                910 |             -0.851 |             -0.492 |             0.0303 |             0.0153 |               9.32 |
                920 |             -0.853 |             -0.518 |              0.036 |             0.0153 |               9.32 |
                930 |             -0.847 |             -0.504 |             0.0215 |             0.0153 |               9.53 |
                940 |             -0.824 |             -0.516 |             0.0195 |             0.0153 |               9.33 |
                950 |             -0.833 |             -0.514 |             0.0198 |             0.0153 |               9.34 |
                960 |              -0.79 |             -0.501 |             0.0366 |             0.0153 |               9.32 |
                970 |             -0.797 |             -0.509 |             0.0312 |             0.0153 |               9.32 |
                980 |              -0.77 |             -0.518 |             0.0302 |             0.0153 |               9.32 |
                990 |             -0.757 |             -0.516 |             0.0352 |             0.0153 |               9.33 |
Training complete: 
   Data path: /work/qgan_v4/data/train/amp-qml_torch-q4-noiseless-PSR-aerCPU-rand0.1-seed1 
   Best eval: 0.015343977916881711 
   Total time: 935.6202547550201

Running: /work/qgan_v4/data/train/amp-qml_torch-q4-noiseless-PSR-aerCPU-rand0-seed2/config.yaml
Training data file created.
              Epoch |     Generator cost | Discriminator cost |               Eval |          Best eval |               Time |
                  0 |              -0.95 |             -0.195 |             0.0791 |             0.0791 |              0.932 |
                 10 |             -0.963 |             -0.203 |             0.0792 |             0.0789 |               9.11 |
                 20 |             -0.961 |             -0.241 |             0.0795 |             0.0789 |               9.11 |
                 30 |             -0.943 |             -0.292 |             0.0799 |             0.0789 |               9.11 |
                 40 |             -0.961 |             -0.307 |             0.0804 |             0.0789 |               9.11 |
                 50 |             -0.954 |             -0.321 |              0.081 |             0.0789 |               9.11 |
                 60 |             -0.931 |             -0.349 |             0.0811 |             0.0789 |                9.3 |
                 70 |             -0.906 |             -0.396 |             0.0806 |             0.0789 |               9.11 |
                 80 |             -0.882 |             -0.422 |             0.0796 |             0.0789 |               9.11 |
                 90 |             -0.845 |              -0.44 |             0.0777 |             0.0777 |               9.11 |
                100 |             -0.811 |             -0.472 |             0.0746 |             0.0746 |               9.12 |
                110 |             -0.783 |             -0.508 |             0.0693 |             0.0693 |               9.12 |
                120 |             -0.745 |             -0.515 |             0.0622 |             0.0622 |               9.32 |
                130 |             -0.737 |             -0.544 |             0.0548 |             0.0548 |                9.1 |
                140 |             -0.759 |             -0.549 |             0.0488 |             0.0488 |                9.1 |
                150 |             -0.766 |             -0.538 |             0.0416 |             0.0416 |               9.11 |
                160 |             -0.794 |             -0.525 |             0.0362 |             0.0362 |               9.11 |
                170 |             -0.796 |             -0.518 |             0.0307 |             0.0307 |               9.11 |
                180 |             -0.807 |             -0.505 |              0.025 |              0.025 |               9.12 |
                190 |             -0.811 |             -0.492 |               0.02 |               0.02 |               9.33 |
                200 |             -0.818 |             -0.488 |             0.0197 |             0.0194 |               9.12 |
                210 |             -0.787 |             -0.505 |             0.0206 |             0.0194 |               9.13 |
                220 |             -0.733 |             -0.537 |              0.022 |             0.0194 |               9.13 |
                230 |             -0.726 |             -0.565 |              0.023 |             0.0194 |               9.13 |
                240 |              -0.69 |              -0.58 |             0.0246 |             0.0194 |               9.13 |
                250 |             -0.664 |             -0.614 |             0.0278 |             0.0194 |               9.33 |
                260 |             -0.665 |             -0.609 |             0.0316 |             0.0194 |                9.1 |
                270 |              -0.66 |             -0.623 |             0.0351 |             0.0194 |               9.11 |
                280 |             -0.671 |             -0.614 |             0.0365 |             0.0194 |               9.11 |
                290 |             -0.702 |             -0.614 |             0.0358 |             0.0194 |               9.11 |
                300 |             -0.699 |             -0.605 |             0.0357 |             0.0194 |               9.11 |
                310 |              -0.72 |             -0.601 |             0.0375 |             0.0194 |               9.11 |
                320 |             -0.726 |             -0.592 |               0.04 |             0.0194 |               9.31 |
                330 |             -0.746 |             -0.575 |             0.0416 |             0.0194 |               9.11 |
                340 |             -0.743 |             -0.584 |             0.0423 |             0.0194 |               9.12 |
                350 |             -0.704 |             -0.589 |             0.0438 |             0.0194 |               9.11 |
                360 |             -0.649 |             -0.626 |             0.0447 |             0.0194 |               9.12 |
                370 |             -0.587 |             -0.657 |             0.0444 |             0.0194 |               9.13 |
                380 |              -0.52 |             -0.687 |             0.0426 |             0.0194 |               9.32 |
                390 |             -0.465 |             -0.707 |             0.0404 |             0.0194 |               9.11 |
                400 |             -0.473 |             -0.732 |             0.0366 |             0.0194 |               9.11 |
                410 |             -0.494 |             -0.701 |             0.0319 |             0.0194 |               9.11 |
                420 |             -0.588 |             -0.666 |             0.0299 |             0.0194 |               9.12 |
                430 |             -0.686 |             -0.627 |             0.0252 |             0.0194 |               9.11 |
                440 |             -0.778 |             -0.585 |             0.0211 |             0.0194 |               9.12 |
                450 |             -0.823 |             -0.563 |             0.0197 |             0.0194 |               9.32 |
                460 |             -0.874 |             -0.529 |             0.0194 |             0.0194 |               9.11 |
                470 |             -0.896 |             -0.514 |             0.0184 |             0.0184 |               9.11 |
                480 |             -0.899 |             -0.504 |             0.0179 |             0.0179 |               9.11 |
                490 |             -0.921 |             -0.507 |             0.0165 |             0.0165 |               9.11 |
                500 |             -0.903 |             -0.504 |             0.0156 |             0.0155 |               9.12 |
                510 |             -0.873 |             -0.526 |             0.0159 |             0.0155 |               9.33 |
                520 |             -0.846 |             -0.558 |             0.0155 |             0.0155 |               9.11 |
                530 |             -0.795 |             -0.575 |             0.0152 |             0.0152 |               9.11 |
                540 |             -0.721 |             -0.597 |             0.0153 |             0.0152 |               9.11 |
                550 |              -0.65 |             -0.641 |             0.0156 |             0.0152 |               9.12 |
                560 |             -0.549 |             -0.692 |             0.0164 |             0.0152 |               9.12 |
                570 |             -0.453 |             -0.746 |              0.018 |             0.0152 |               9.12 |
                580 |             -0.387 |              -0.78 |             0.0204 |             0.0152 |                9.3 |
                590 |             -0.416 |             -0.773 |             0.0223 |             0.0152 |                9.1 |
                600 |             -0.501 |             -0.722 |             0.0245 |             0.0152 |                9.1 |
                610 |             -0.655 |             -0.658 |             0.0239 |             0.0152 |               9.11 |
                620 |             -0.782 |             -0.591 |             0.0247 |             0.0152 |               9.11 |
                630 |             -0.822 |             -0.583 |              0.025 |             0.0152 |               9.12 |
                640 |             -0.873 |             -0.554 |             0.0248 |             0.0152 |               9.31 |
                650 |             -0.894 |             -0.545 |             0.0254 |             0.0152 |                9.1 |
                660 |             -0.897 |             -0.533 |             0.0265 |             0.0152 |                9.1 |
                670 |             -0.901 |             -0.541 |             0.0271 |             0.0152 |               9.11 |
                680 |             -0.876 |             -0.533 |             0.0267 |             0.0152 |               9.11 |
                690 |             -0.873 |             -0.532 |             0.0261 |             0.0152 |               9.11 |
                700 |              -0.84 |              -0.55 |             0.0266 |             0.0152 |               9.11 |
                710 |             -0.846 |             -0.557 |             0.0272 |             0.0152 |               9.31 |
                720 |             -0.829 |             -0.546 |             0.0277 |             0.0152 |               9.11 |
                730 |              -0.86 |             -0.548 |             0.0281 |             0.0152 |               9.11 |
                740 |             -0.863 |             -0.531 |             0.0285 |             0.0152 |               9.12 |
                750 |             -0.866 |             -0.531 |             0.0287 |             0.0152 |               9.12 |
                760 |             -0.876 |             -0.524 |              0.029 |             0.0152 |               9.12 |
                770 |             -0.888 |             -0.524 |             0.0295 |             0.0152 |               9.32 |
                780 |             -0.878 |             -0.535 |             0.0298 |             0.0152 |               9.11 |
                790 |             -0.887 |             -0.527 |             0.0295 |             0.0152 |                9.1 |
                800 |             -0.879 |             -0.532 |             0.0287 |             0.0152 |               9.11 |
                810 |             -0.858 |              -0.54 |             0.0274 |             0.0152 |                9.1 |
                820 |             -0.839 |             -0.535 |             0.0258 |             0.0152 |               9.11 |
                830 |             -0.849 |             -0.543 |             0.0246 |             0.0152 |               9.11 |
                840 |             -0.837 |             -0.555 |             0.0239 |             0.0152 |               9.31 |
                850 |             -0.844 |             -0.551 |             0.0223 |             0.0152 |               9.11 |
                860 |             -0.856 |              -0.54 |             0.0208 |             0.0152 |                9.1 |
                870 |             -0.854 |             -0.527 |             0.0177 |             0.0152 |               9.11 |
                880 |             -0.857 |             -0.526 |             0.0154 |             0.0152 |               9.11 |
                890 |             -0.875 |             -0.534 |             0.0136 |             0.0136 |               9.11 |
                900 |             -0.891 |             -0.513 |             0.0112 |             0.0112 |               9.31 |
                910 |             -0.917 |              -0.51 |              0.009 |              0.009 |               9.11 |
                920 |             -0.896 |             -0.504 |            0.00773 |            0.00773 |               9.11 |
                930 |             -0.906 |             -0.515 |            0.00701 |            0.00701 |               9.11 |
                940 |             -0.906 |             -0.515 |            0.00659 |            0.00659 |               9.12 |
                950 |             -0.912 |             -0.507 |            0.00647 |            0.00647 |               9.11 |
                960 |             -0.904 |             -0.505 |            0.00653 |            0.00647 |               9.11 |
                970 |             -0.911 |             -0.497 |            0.00672 |            0.00647 |               9.31 |
                980 |             -0.909 |              -0.51 |            0.00833 |            0.00647 |                9.1 |
                990 |             -0.902 |             -0.499 |             0.0102 |            0.00647 |               9.11 |
Training complete: 
   Data path: /work/qgan_v4/data/train/amp-qml_torch-q4-noiseless-PSR-aerCPU-rand0-seed2 
   Best eval: 0.006468473879911324 
   Total time: 914.3075778484344

Running: /work/qgan_v4/data/train/amp-qml_torch-q4-noiseless-PSR-aerCPU-rand0.1-seed2/config.yaml
Training data file created.
              Epoch |     Generator cost | Discriminator cost |               Eval |          Best eval |               Time |
                  0 |             -0.941 |             -0.204 |             0.0731 |             0.0731 |              0.952 |
                 10 |             -0.954 |             -0.207 |             0.0755 |             0.0698 |               9.31 |
                 20 |             -0.962 |             -0.251 |             0.0772 |             0.0698 |               9.31 |
                 30 |             -0.952 |             -0.256 |             0.0743 |             0.0679 |               9.52 |
                 40 |             -0.958 |             -0.303 |             0.0741 |             0.0679 |               9.32 |
                 50 |             -0.958 |             -0.329 |              0.071 |             0.0679 |               9.32 |
                 60 |             -0.963 |             -0.351 |             0.0686 |             0.0665 |               9.32 |
                 70 |             -0.949 |             -0.376 |             0.0653 |             0.0636 |               9.32 |
                 80 |             -0.942 |             -0.384 |              0.067 |             0.0604 |               9.32 |
                 90 |              -0.95 |             -0.409 |             0.0574 |             0.0574 |               9.31 |
                100 |             -0.966 |             -0.415 |             0.0583 |              0.051 |               9.52 |
                110 |             -0.962 |             -0.441 |             0.0557 |             0.0481 |               9.32 |
                120 |             -0.945 |             -0.447 |             0.0479 |             0.0421 |               9.31 |
                130 |             -0.941 |             -0.476 |             0.0411 |             0.0354 |               9.32 |
                140 |             -0.918 |             -0.481 |             0.0314 |             0.0314 |               9.32 |
                150 |             -0.887 |             -0.487 |             0.0399 |             0.0314 |               9.32 |
                160 |             -0.897 |             -0.501 |             0.0452 |             0.0314 |               9.52 |
                170 |              -0.87 |             -0.499 |              0.042 |             0.0314 |               9.33 |
                180 |             -0.863 |             -0.499 |              0.046 |             0.0314 |               9.33 |
                190 |             -0.873 |             -0.526 |             0.0487 |             0.0314 |               9.33 |
                200 |              -0.84 |             -0.526 |             0.0474 |             0.0314 |               9.33 |
                210 |               -0.8 |             -0.538 |             0.0454 |             0.0314 |               9.32 |
                220 |             -0.811 |             -0.547 |             0.0471 |             0.0314 |               9.32 |
                230 |             -0.819 |              -0.55 |             0.0391 |             0.0314 |               9.52 |
                240 |             -0.828 |             -0.543 |             0.0408 |             0.0314 |               9.32 |
                250 |             -0.838 |             -0.532 |             0.0447 |             0.0314 |               9.32 |
                260 |             -0.902 |             -0.493 |              0.038 |             0.0314 |               9.31 |
                270 |             -0.907 |             -0.484 |              0.043 |             0.0314 |               9.32 |
                280 |              -0.92 |             -0.501 |             0.0325 |             0.0314 |               9.32 |
                290 |             -0.902 |               -0.5 |             0.0406 |             0.0304 |               9.52 |
                300 |             -0.902 |             -0.508 |             0.0385 |             0.0304 |               9.32 |
                310 |             -0.871 |             -0.521 |             0.0298 |             0.0283 |               9.31 |
                320 |             -0.848 |             -0.534 |              0.037 |             0.0266 |               9.32 |
                330 |             -0.847 |             -0.547 |             0.0318 |             0.0222 |               9.32 |
                340 |             -0.835 |             -0.527 |             0.0311 |             0.0222 |               9.31 |
